0.50433,0.53229,0.58133,0.51722,0.55851,0.54518,0.50433,0.50433,0.50433,0.49437,0.50433,0.51373,0.55851,0.52693,0.49437,0.49437,0.51373,0.58133,0.55851,0.50433,0.51722,0.51722,0.51722,0.51722,0.54707,0.58133,0.50433,0.66085,0.66085,0.54707,0.5556,0.58133,0.50433,0.51722,0.49437,0.54518,0.51373,0.49437,0.52693,0.50433,0.58133,0.49437,0.51722,0.5556,0.66085,0.53685,0.53229,0.52693,0.58133,0.52693,0.51373,0.50433,0.52693,0.54518,0.49437,0.66085,0.52693,0.50433,0.51722,0.52693,0.53229,0.52693,0.52693,0.54518,0.51722,0.66085,0.49437,0.5556,0.54518,0.58133,0.53685,0.49437,0.54518,0.52693,0.55369,0.66085,0.51722,0.52693,0.50433,0.66085,0.52693,0.51722,0.52693,0.51722,0.49437,0.53685,0.50433,0.55851,0.51722,0.50433,0.50433,0.54707,0.58133,0.52693,0.52693,0.55851,0.66085,0.53229,0.53685,0.53685
0.060984,0.018553,0.094058,-0.032558,-0.011439,0.0037785,0.060984,0.060984,0.060984,0.0057883,0.060984,-0.026646,-0.011439,0.29907,0.0057883,0.0057883,-0.026646,0.094058,-0.011439,0.060984,-0.032558,-0.032558,0.014179,0.014179,-0.034204,0.094058,0.060984,-0.017645,-0.017645,-0.034204,0.048654,0.094058,0.060984,-0.032558,0.0057883,0.0037785,-0.026646,0.0057883,0.29907,0.060984,0.094058,0.0057883,0.014179,0.048654,-0.017645,-0.036692,0.018553,0.29907,0.094058,0.29907,-0.026646,0.060984,0.29907,0.0037785,0.0057883,-0.017645,0.29907,0.060984,-0.032558,0.29907,0.018553,-0.046221,0.29907,0.0037785,0.014179,-0.017645,0.0057883,0.048654,0.0037785,0.094058,-0.036692,0.0057883,0.0037785,0.29907,-0.047656,-0.017645,0.014179,0.29907,0.060984,-0.017645,-0.046221,-0.032558,0.29907,-0.032558,0.0057883,-0.036692,0.060984,-0.011439,0.014179,0.060984,0.060984,-0.034204,0.094058,0.29907,0.29907,-0.011439,-0.017645,0.018553,-0.036692,-0.036692
0.015521,-0.0026839,0.31076,-0.04276,-0.025311,-0.038292,0.015521,0.015521,0.015521,-0.0056797,0.015521,-0.0177,-0.025311,0.20674,-0.0056797,-0.0056797,-0.0177,0.31076,-0.025311,0.015521,-0.04276,-0.04276,0.035517,0.035517,0.013375,0.31076,0.015521,-0.009477,-0.009477,0.013375,0.26567,0.31076,0.015521,-0.04276,-0.0056797,-0.038292,-0.0177,-0.0056797,0.20674,0.015521,0.31076,-0.0056797,0.035517,0.26567,-0.009477,0.018748,-0.0026839,0.20674,0.31076,0.20674,-0.0177,0.015521,0.20674,-0.038292,-0.0056797,-0.009477,0.20674,0.015521,-0.04276,0.20674,-0.0026839,-0.030899,0.20674,-0.038292,0.035517,-0.009477,-0.0056797,0.26567,-0.038292,0.31076,0.018748,-0.0056797,-0.038292,0.20674,-0.02229,-0.009477,0.035517,0.20674,0.015521,-0.009477,-0.030899,-0.04276,0.20674,-0.04276,-0.0056797,0.018748,0.015521,-0.025311,0.035517,0.015521,0.015521,0.013375,0.31076,0.20674,0.20674,-0.025311,-0.009477,-0.0026839,0.018748,0.018748
-0.036732,-0.065455,-0.064115,-0.04276,-0.053326,-0.049152,-0.036732,-0.036732,-0.036732,-0.048673,-0.036732,-0.066614,-0.053326,-0.012335,-0.048673,-0.048673,-0.066614,-0.064115,-0.053326,-0.036732,-0.04276,-0.04276,-0.035734,-0.035734,-0.066363,-0.064115,-0.036732,-0.027944,-0.027944,-0.066363,0.088751,-0.064115,-0.036732,-0.04276,-0.048673,-0.049152,-0.066614,-0.048673,-0.012335,-0.036732,-0.064115,-0.048673,-0.035734,0.088751,-0.027944,0.020685,-0.065455,-0.012335,-0.064115,-0.012335,-0.066614,-0.036732,-0.012335,-0.049152,-0.048673,-0.027944,-0.012335,-0.036732,-0.04276,-0.012335,-0.065455,-0.041458,-0.012335,-0.049152,-0.035734,-0.027944,-0.048673,0.088751,-0.049152,-0.064115,0.020685,-0.048673,-0.049152,-0.012335,-0.0066212,-0.027944,-0.035734,-0.012335,-0.036732,-0.027944,-0.041458,-0.04276,-0.012335,-0.04276,-0.048673,0.020685,-0.036732,-0.053326,-0.035734,-0.036732,-0.036732,-0.066363,-0.064115,-0.012335,-0.012335,-0.053326,-0.027944,-0.065455,0.020685,0.020685
-0.047151,0.009168,0.059568,0.027025,0.0077947,0.0009442,-0.047151,-0.047151,-0.047151,-0.036463,-0.047151,0.026813,0.0077947,-0.062357,-0.036463,-0.036463,0.026813,0.059568,0.0077947,-0.047151,0.027025,0.027025,-0.052651,-0.052651,0.055065,0.059568,-0.047151,-0.026817,-0.026817,0.055065,-0.06205,0.059568,-0.047151,0.027025,-0.036463,0.0009442,0.026813,-0.036463,-0.062357,-0.047151,0.059568,-0.036463,-0.052651,-0.06205,-0.026817,-0.028261,0.009168,-0.062357,0.059568,-0.062357,0.026813,-0.047151,-0.062357,0.0009442,-0.036463,-0.026817,-0.062357,-0.047151,0.027025,-0.062357,0.009168,0.046333,-0.062357,0.0009442,-0.052651,-0.026817,-0.036463,-0.06205,0.0009442,0.059568,-0.028261,-0.036463,0.0009442,-0.062357,0.051636,-0.026817,-0.052651,-0.062357,-0.047151,-0.026817,0.046333,0.027025,-0.062357,0.027025,-0.036463,-0.028261,-0.047151,0.0077947,-0.052651,-0.047151,-0.047151,0.055065,0.059568,-0.062357,-0.062357,0.0077947,-0.026817,0.009168,-0.028261,-0.028261
0.093565,0.23352,0.025059,0.016883,0.054375,0.10854,0.093565,0.093565,0.093565,0.032553,0.093565,0.051585,0.054375,0.079468,0.032553,0.032553,0.051585,0.025059,0.054375,0.093565,0.016883,0.016883,0.0052567,0.0052567,0.037315,0.025059,0.093565,0.13738,0.13738,0.037315,0.0048404,0.025059,0.093565,0.016883,0.032553,0.10854,0.051585,0.032553,0.079468,0.093565,0.025059,0.032553,0.0052567,0.0048404,0.13738,0.1052,0.23352,0.079468,0.025059,0.079468,0.051585,0.093565,0.079468,0.10854,0.032553,0.13738,0.079468,0.093565,0.016883,0.079468,0.23352,0.065719,0.079468,0.10854,0.0052567,0.13738,0.032553,0.0048404,0.10854,0.025059,0.1052,0.032553,0.10854,0.079468,-0.018678,0.13738,0.0052567,0.079468,0.093565,0.13738,0.065719,0.016883,0.079468,0.016883,0.032553,0.1052,0.093565,0.054375,0.0052567,0.093565,0.093565,0.037315,0.025059,0.079468,0.079468,0.054375,0.13738,0.23352,0.1052,0.1052
-0.032187,-0.0035785,-0.030488,0.18335,0.060969,0.031092,-0.032187,-0.032187,-0.032187,0.0008269,-0.032187,0.053568,0.060969,-0.050124,0.0008269,0.0008269,0.053568,-0.030488,0.060969,-0.032187,0.18335,0.18335,-0.0069213,-0.0069213,0.075736,-0.030488,-0.032187,0.0047941,0.0047941,0.075736,-0.013219,-0.030488,-0.032187,0.18335,0.0008269,0.031092,0.053568,0.0008269,-0.050124,-0.032187,-0.030488,0.0008269,-0.0069213,-0.013219,0.0047941,-0.028261,-0.0035785,-0.050124,-0.030488,-0.050124,0.053568,-0.032187,-0.050124,0.031092,0.0008269,0.0047941,-0.050124,-0.032187,0.18335,-0.050124,-0.0035785,0.02581,-0.050124,0.031092,-0.0069213,0.0047941,0.0008269,-0.013219,0.031092,-0.030488,-0.028261,0.0008269,0.031092,-0.050124,0.053784,0.0047941,-0.0069213,-0.050124,-0.032187,0.0047941,0.02581,0.18335,-0.050124,0.18335,0.0008269,-0.028261,-0.032187,0.060969,-0.0069213,-0.032187,-0.032187,0.075736,-0.030488,-0.050124,-0.050124,0.060969,0.0047941,-0.0035785,-0.028261,-0.028261
0.0068239,-0.0035785,0.060718,0.025164,0.042566,0.0009442,0.0068239,0.0068239,0.0068239,0.021094,0.0068239,0.022205,0.042566,0.048338,0.021094,0.021094,0.022205,0.060718,0.042566,0.0068239,0.025164,0.025164,0.059051,0.059051,0.093834,0.060718,0.0068239,0.058025,0.058025,0.093834,0.055115,0.060718,0.0068239,0.025164,0.021094,0.0009442,0.022205,0.021094,0.048338,0.0068239,0.060718,0.021094,0.059051,0.055115,0.058025,0.10635,-0.0035785,0.048338,0.060718,0.048338,0.022205,0.0068239,0.048338,0.0009442,0.021094,0.058025,0.048338,0.0068239,0.025164,0.048338,-0.0035785,0.068852,0.048338,0.0009442,0.059051,0.058025,0.021094,0.055115,0.0009442,0.060718,0.10635,0.021094,0.0009442,0.048338,0.1599,0.058025,0.059051,0.048338,0.0068239,0.058025,0.068852,0.025164,0.048338,0.025164,0.021094,0.10635,0.0068239,0.042566,0.059051,0.0068239,0.0068239,0.093834,0.060718,0.048338,0.048338,0.042566,0.058025,-0.0035785,0.10635,0.10635
0.069934,0.30482,0.012346,0.17187,0.025876,0.14139,0.069934,0.069934,0.069934,0.095166,0.069934,0.16413,0.025876,0.059508,0.095166,0.095166,0.16413,0.012346,0.025876,0.069934,0.17187,0.17187,0.090253,0.090253,0.033254,0.012346,0.069934,0.041011,0.041011,0.033254,-0.01967,0.012346,0.069934,0.17187,0.095166,0.14139,0.16413,0.095166,0.059508,0.069934,0.012346,0.095166,0.090253,-0.01967,0.041011,0.0009215,0.30482,0.059508,0.012346,0.059508,0.16413,0.069934,0.059508,0.14139,0.095166,0.041011,0.059508,0.069934,0.17187,0.059508,0.30482,0.055421,0.059508,0.14139,0.090253,0.041011,0.095166,-0.01967,0.14139,0.012346,0.0009215,0.095166,0.14139,0.059508,0.17321,0.041011,0.090253,0.059508,0.069934,0.041011,0.055421,0.17187,0.059508,0.17187,0.095166,0.0009215,0.069934,0.025876,0.090253,0.069934,0.069934,0.033254,0.012346,0.059508,0.059508,0.025876,0.041011,0.30482,0.0009215,0.0009215
0.18857,0.12616,0.077122,0.07751,0.1738,0.23517,0.18857,0.18857,0.18857,0.10564,0.18857,0.11918,0.1738,0.15341,0.10564,0.10564,0.11918,0.077122,0.1738,0.18857,0.07751,0.07751,0.075425,0.075425,0.069088,0.077122,0.18857,0.023222,0.023222,0.069088,0.17399,0.077122,0.18857,0.07751,0.10564,0.23517,0.11918,0.10564,0.15341,0.18857,0.077122,0.10564,0.075425,0.17399,0.023222,0.034417,0.12616,0.15341,0.077122,0.15341,0.11918,0.18857,0.15341,0.23517,0.10564,0.023222,0.15341,0.18857,0.07751,0.15341,0.12616,0.080547,0.15341,0.23517,0.075425,0.023222,0.10564,0.17399,0.23517,0.077122,0.034417,0.10564,0.23517,0.15341,0.011623,0.023222,0.075425,0.15341,0.18857,0.023222,0.080547,0.07751,0.15341,0.07751,0.10564,0.034417,0.18857,0.1738,0.075425,0.18857,0.18857,0.069088,0.077122,0.15341,0.15341,0.1738,0.023222,0.12616,0.034417,0.034417
0.0084205,0.021917,0.022939,-0.013438,0.0052158,-0.012496,0.0084205,0.0084205,0.0084205,0.016682,0.0084205,0.021189,0.0052158,-0.00018753,0.016682,0.016682,0.021189,0.022939,0.0052158,0.0084205,-0.013438,-0.013438,-0.0011296,-0.0011296,0.024361,0.022939,0.0084205,-0.01132,-0.01132,0.024361,0.014162,0.022939,0.0084205,-0.013438,0.016682,-0.012496,0.021189,0.016682,-0.00018753,0.0084205,0.022939,0.016682,-0.0011296,0.014162,-0.01132,0.010451,0.021917,-0.00018753,0.022939,-0.00018753,0.021189,0.0084205,-0.00018753,-0.012496,0.016682,-0.01132,-0.00018753,0.0084205,-0.013438,-0.00018753,0.021917,-0.0073188,-0.00018753,-0.012496,-0.0011296,-0.01132,0.016682,0.014162,-0.012496,0.022939,0.010451,0.016682,-0.012496,-0.00018753,-0.022234,-0.01132,-0.0011296,-0.00018753,0.0084205,-0.01132,-0.0073188,-0.013438,-0.00018753,-0.013438,0.016682,0.010451,0.0084205,0.0052158,-0.0011296,0.0084205,0.0084205,0.024361,0.022939,-0.00018753,-0.00018753,0.0052158,-0.01132,0.021917,0.010451,0.010451
-0.032876,-0.060584,-0.040478,0.028369,-0.031525,0.0029331,-0.032876,-0.032876,-0.032876,-0.014292,-0.032876,-0.045426,-0.031525,-0.015145,-0.014292,-0.014292,-0.045426,-0.040478,-0.031525,-0.032876,0.028369,0.028369,0.00282,0.00282,-0.043043,-0.040478,-0.032876,0.0024102,0.0024102,-0.043043,-0.029824,-0.040478,-0.032876,0.028369,-0.014292,0.0029331,-0.045426,-0.014292,-0.015145,-0.032876,-0.040478,-0.014292,0.00282,-0.029824,0.0024102,-0.02239,-0.060584,-0.015145,-0.040478,-0.015145,-0.045426,-0.032876,-0.015145,0.0029331,-0.014292,0.0024102,-0.015145,-0.032876,0.028369,-0.015145,-0.060584,-0.0099545,-0.015145,0.0029331,0.00282,0.0024102,-0.014292,-0.029824,0.0029331,-0.040478,-0.02239,-0.014292,0.0029331,-0.015145,0.033644,0.0024102,0.00282,-0.015145,-0.032876,0.0024102,-0.0099545,0.028369,-0.015145,0.028369,-0.014292,-0.02239,-0.032876,-0.031525,0.00282,-0.032876,-0.032876,-0.043043,-0.040478,-0.015145,-0.015145,-0.031525,0.0024102,-0.060584,-0.02239,-0.02239
0.003226,0.0066856,0.0055258,-0.0098688,-0.022998,-0.0075903,0.003226,0.003226,0.003226,0.0073559,0.003226,0.010252,-0.022998,0.0099158,0.0073559,0.0073559,0.010252,0.0055258,-0.022998,0.003226,-0.0098688,-0.0098688,0.0093493,0.0093493,0.0019093,0.0055258,0.003226,-0.0061234,-0.0061234,0.0019093,-0.017059,0.0055258,0.003226,-0.0098688,0.0073559,-0.0075903,0.010252,0.0073559,0.0099158,0.003226,0.0055258,0.0073559,0.0093493,-0.017059,-0.0061234,-0.026214,0.0066856,0.0099158,0.0055258,0.0099158,0.010252,0.003226,0.0099158,-0.0075903,0.0073559,-0.0061234,0.0099158,0.003226,-0.0098688,0.0099158,0.0066856,-0.02567,0.0099158,-0.0075903,0.0093493,-0.0061234,0.0073559,-0.017059,-0.0075903,0.0055258,-0.026214,0.0073559,-0.0075903,0.0099158,-0.012589,-0.0061234,0.0093493,0.0099158,0.003226,-0.0061234,-0.02567,-0.0098688,0.0099158,-0.0098688,0.0073559,-0.026214,0.003226,-0.022998,0.0093493,0.003226,0.003226,0.0019093,0.0055258,0.0099158,0.0099158,-0.022998,-0.0061234,0.0066856,-0.026214,-0.026214
0.097128,0.068618,0.012548,0.079396,0.065223,0.080371,0.097128,0.097128,0.097128,0.081069,0.097128,0.06646,0.065223,0.03245,0.081069,0.081069,0.06646,0.012548,0.065223,0.097128,0.079396,0.079396,0.038568,0.038568,0.020402,0.012548,0.097128,0.020683,0.020683,0.020402,0.020269,0.012548,0.097128,0.079396,0.081069,0.080371,0.06646,0.081069,0.03245,0.097128,0.012548,0.081069,0.038568,0.020269,0.020683,0.032578,0.068618,0.03245,0.012548,0.03245,0.06646,0.097128,0.03245,0.080371,0.081069,0.020683,0.03245,0.097128,0.079396,0.03245,0.068618,0.073949,0.03245,0.080371,0.038568,0.020683,0.081069,0.020269,0.080371,0.012548,0.032578,0.081069,0.080371,0.03245,0.034481,0.020683,0.038568,0.03245,0.097128,0.020683,0.073949,0.079396,0.03245,0.079396,0.081069,0.032578,0.097128,0.065223,0.038568,0.097128,0.097128,0.020402,0.012548,0.03245,0.03245,0.065223,0.020683,0.068618,0.032578,0.032578
0.033939,0.018168,0.011388,0.04247,0.017371,0.030613,0.033939,0.033939,0.033939,0.054319,0.033939,0.035274,0.017371,0.027828,0.054319,0.054319,0.035274,0.011388,0.017371,0.033939,0.04247,0.04247,0.056496,0.056496,0.029567,0.011388,0.033939,0.015175,0.015175,0.029567,-0.0015619,0.011388,0.033939,0.04247,0.054319,0.030613,0.035274,0.054319,0.027828,0.033939,0.011388,0.054319,0.056496,-0.0015619,0.015175,0.0052645,0.018168,0.027828,0.011388,0.027828,0.035274,0.033939,0.027828,0.030613,0.054319,0.015175,0.027828,0.033939,0.04247,0.027828,0.018168,0.015754,0.027828,0.030613,0.056496,0.015175,0.054319,-0.0015619,0.030613,0.011388,0.0052645,0.054319,0.030613,0.027828,0.036822,0.015175,0.056496,0.027828,0.033939,0.015175,0.015754,0.04247,0.027828,0.04247,0.054319,0.0052645,0.033939,0.017371,0.056496,0.033939,0.033939,0.029567,0.011388,0.027828,0.027828,0.017371,0.015175,0.018168,0.0052645,0.0052645
0.070589,0.054666,0.039789,0.010792,0.01964,0.030695,0.070589,0.070589,0.070589,0.053744,0.070589,0.037867,0.01964,0.065997,0.053744,0.053744,0.037867,0.039789,0.01964,0.070589,0.010792,0.010792,0.052835,0.052835,0.030083,0.039789,0.070589,0.017068,0.017068,0.030083,0.0078721,0.039789,0.070589,0.010792,0.053744,0.030695,0.037867,0.053744,0.065997,0.070589,0.039789,0.053744,0.052835,0.0078721,0.017068,-0.0054962,0.054666,0.065997,0.039789,0.065997,0.037867,0.070589,0.065997,0.030695,0.053744,0.017068,0.065997,0.070589,0.010792,0.065997,0.054666,0.0036995,0.065997,0.030695,0.052835,0.017068,0.053744,0.0078721,0.030695,0.039789,-0.0054962,0.053744,0.030695,0.065997,0.01024,0.017068,0.052835,0.065997,0.070589,0.017068,0.0036995,0.010792,0.065997,0.010792,0.053744,-0.0054962,0.070589,0.01964,0.052835,0.070589,0.070589,0.030083,0.039789,0.065997,0.065997,0.01964,0.017068,0.054666,-0.0054962,-0.0054962
-0.013988,-0.012961,-0.018562,0.026174,0.0032377,-0.0011442,-0.013988,-0.013988,-0.013988,0.015648,-0.013988,0.0077225,0.0032377,-0.023788,0.015648,0.015648,0.0077225,-0.018562,0.0032377,-0.013988,0.026174,0.026174,0.0010089,0.0010089,0.002693,-0.018562,-0.013988,-0.0086107,-0.0086107,0.002693,-0.0024162,-0.018562,-0.013988,0.026174,0.015648,-0.0011442,0.0077225,0.015648,-0.023788,-0.013988,-0.018562,0.015648,0.0010089,-0.0024162,-0.0086107,0.019194,-0.012961,-0.023788,-0.018562,-0.023788,0.0077225,-0.013988,-0.023788,-0.0011442,0.015648,-0.0086107,-0.023788,-0.013988,0.026174,-0.023788,-0.012961,0.018409,-0.023788,-0.0011442,0.0010089,-0.0086107,0.015648,-0.0024162,-0.0011442,-0.018562,0.019194,0.015648,-0.0011442,-0.023788,0.012647,-0.0086107,0.0010089,-0.023788,-0.013988,-0.0086107,0.018409,0.026174,-0.023788,0.026174,0.015648,0.019194,-0.013988,0.0032377,0.0010089,-0.013988,-0.013988,0.002693,-0.018562,-0.023788,-0.023788,0.0032377,-0.0086107,-0.012961,0.019194,0.019194
-0.052598,-0.032826,-0.022656,-0.04889,-0.054411,-0.039696,-0.052598,-0.052598,-0.052598,-0.060715,-0.052598,-0.05251,-0.054411,-0.019645,-0.060715,-0.060715,-0.05251,-0.022656,-0.054411,-0.052598,-0.04889,-0.04889,-0.036927,-0.036927,-0.040682,-0.022656,-0.052598,-0.017256,-0.017256,-0.040682,-0.032017,-0.022656,-0.052598,-0.04889,-0.060715,-0.039696,-0.05251,-0.060715,-0.019645,-0.052598,-0.022656,-0.060715,-0.036927,-0.032017,-0.017256,-0.051369,-0.032826,-0.019645,-0.022656,-0.019645,-0.05251,-0.052598,-0.019645,-0.039696,-0.060715,-0.017256,-0.019645,-0.052598,-0.04889,-0.019645,-0.032826,-0.070174,-0.019645,-0.039696,-0.036927,-0.017256,-0.060715,-0.032017,-0.039696,-0.022656,-0.051369,-0.060715,-0.039696,-0.019645,-0.029448,-0.017256,-0.036927,-0.019645,-0.052598,-0.017256,-0.070174,-0.04889,-0.019645,-0.04889,-0.060715,-0.051369,-0.052598,-0.054411,-0.036927,-0.052598,-0.052598,-0.040682,-0.022656,-0.019645,-0.019645,-0.054411,-0.017256,-0.032826,-0.051369,-0.051369
-0.0085617,0.0084667,0.0030272,-0.0022915,0.018393,-1.0543e-05,-0.0085617,-0.0085617,-0.0085617,-0.014459,-0.0085617,0.0059779,0.018393,-0.020992,-0.014459,-0.014459,0.0059779,0.0030272,0.018393,-0.0085617,-0.0022915,-0.0022915,-0.029191,-0.029191,-0.0020314,0.0030272,-0.0085617,-0.011272,-0.011272,-0.0020314,0.013509,0.0030272,-0.0085617,-0.0022915,-0.014459,-1.0543e-05,0.0059779,-0.014459,-0.020992,-0.0085617,0.0030272,-0.014459,-0.029191,0.013509,-0.011272,0.015198,0.0084667,-0.020992,0.0030272,-0.020992,0.0059779,-0.0085617,-0.020992,-1.0543e-05,-0.014459,-0.011272,-0.020992,-0.0085617,-0.0022915,-0.020992,0.0084667,0.021792,-0.020992,-1.0543e-05,-0.029191,-0.011272,-0.014459,0.013509,-1.0543e-05,0.0030272,0.015198,-0.014459,-1.0543e-05,-0.020992,-0.017901,-0.011272,-0.029191,-0.020992,-0.0085617,-0.011272,0.021792,-0.0022915,-0.020992,-0.0022915,-0.014459,0.015198,-0.0085617,0.018393,-0.029191,-0.0085617,-0.0085617,-0.0020314,0.0030272,-0.020992,-0.020992,0.018393,-0.011272,0.0084667,0.015198,0.015198
0.028234,0.014097,0.009035,0.010255,0.0030622,0.0121,0.028234,0.028234,0.028234,0.034297,0.028234,0.016656,0.0030622,0.016727,0.034297,0.034297,0.016656,0.009035,0.0030622,0.028234,0.010255,0.010255,0.02874,0.02874,0.017118,0.009035,0.028234,0.014301,0.014301,0.017118,0.004629,0.009035,0.028234,0.010255,0.034297,0.0121,0.016656,0.034297,0.016727,0.028234,0.009035,0.034297,0.02874,0.004629,0.014301,0.0060716,0.014097,0.016727,0.009035,0.016727,0.016656,0.028234,0.016727,0.0121,0.034297,0.014301,0.016727,0.028234,0.010255,0.016727,0.014097,-0.00083485,0.016727,0.0121,0.02874,0.014301,0.034297,0.004629,0.0121,0.009035,0.0060716,0.034297,0.0121,0.016727,0.016622,0.014301,0.02874,0.016727,0.028234,0.014301,-0.00083485,0.010255,0.016727,0.010255,0.034297,0.0060716,0.028234,0.0030622,0.02874,0.028234,0.028234,0.017118,0.009035,0.016727,0.016727,0.0030622,0.014301,0.014097,0.0060716,0.0060716
-0.038887,-0.050335,-0.034461,-0.059697,-0.035271,-0.026495,-0.038887,-0.038887,-0.038887,-0.079735,-0.038887,-0.092094,-0.035271,-0.017513,-0.079735,-0.079735,-0.092094,-0.034461,-0.035271,-0.038887,-0.059697,-0.059697,-0.063349,-0.063349,-0.084187,-0.034461,-0.038887,-0.0076561,-0.0076561,-0.084187,-0.023055,-0.034461,-0.038887,-0.059697,-0.079735,-0.026495,-0.092094,-0.079735,-0.017513,-0.038887,-0.034461,-0.079735,-0.063349,-0.023055,-0.0076561,-0.059814,-0.050335,-0.017513,-0.034461,-0.017513,-0.092094,-0.038887,-0.017513,-0.026495,-0.079735,-0.0076561,-0.017513,-0.038887,-0.059697,-0.017513,-0.050335,-0.068253,-0.017513,-0.026495,-0.063349,-0.0076561,-0.079735,-0.023055,-0.026495,-0.034461,-0.059814,-0.079735,-0.026495,-0.017513,-0.042407,-0.0076561,-0.063349,-0.017513,-0.038887,-0.0076561,-0.068253,-0.059697,-0.017513,-0.059697,-0.079735,-0.059814,-0.038887,-0.035271,-0.063349,-0.038887,-0.038887,-0.084187,-0.034461,-0.017513,-0.017513,-0.035271,-0.0076561,-0.050335,-0.059814,-0.059814
-0.03556,-0.039963,-0.01621,-0.085224,-0.050643,-0.03549,-0.03556,-0.03556,-0.03556,-0.08659,-0.03556,-0.076874,-0.050643,0.0017549,-0.08659,-0.08659,-0.076874,-0.01621,-0.050643,-0.03556,-0.085224,-0.085224,-0.046061,-0.046061,-0.056882,-0.01621,-0.03556,-0.0010327,-0.0010327,-0.056882,-0.028603,-0.01621,-0.03556,-0.085224,-0.08659,-0.03549,-0.076874,-0.08659,0.0017549,-0.03556,-0.01621,-0.08659,-0.046061,-0.028603,-0.0010327,-0.080781,-0.039963,0.0017549,-0.01621,0.0017549,-0.076874,-0.03556,0.0017549,-0.03549,-0.08659,-0.0010327,0.0017549,-0.03556,-0.085224,0.0017549,-0.039963,-0.088529,0.0017549,-0.03549,-0.046061,-0.0010327,-0.08659,-0.028603,-0.03549,-0.01621,-0.080781,-0.08659,-0.03549,0.0017549,-0.045189,-0.0010327,-0.046061,0.0017549,-0.03556,-0.0010327,-0.088529,-0.085224,0.0017549,-0.085224,-0.08659,-0.080781,-0.03556,-0.050643,-0.046061,-0.03556,-0.03556,-0.056882,-0.01621,0.0017549,0.0017549,-0.050643,-0.0010327,-0.039963,-0.080781,-0.080781
-0.025836,-0.024047,-0.01143,-0.088929,-0.027424,-0.030854,-0.025836,-0.025836,-0.025836,-0.08249,-0.025836,-0.076164,-0.027424,-0.0050955,-0.08249,-0.08249,-0.076164,-0.01143,-0.027424,-0.025836,-0.088929,-0.088929,-0.064527,-0.064527,-0.062722,-0.01143,-0.025836,-0.012387,-0.012387,-0.062722,-0.012777,-0.01143,-0.025836,-0.088929,-0.08249,-0.030854,-0.076164,-0.08249,-0.0050955,-0.025836,-0.01143,-0.08249,-0.064527,-0.012777,-0.012387,-0.060343,-0.024047,-0.0050955,-0.01143,-0.0050955,-0.076164,-0.025836,-0.0050955,-0.030854,-0.08249,-0.012387,-0.0050955,-0.025836,-0.088929,-0.0050955,-0.024047,-0.072838,-0.0050955,-0.030854,-0.064527,-0.012387,-0.08249,-0.012777,-0.030854,-0.01143,-0.060343,-0.08249,-0.030854,-0.0050955,-0.071961,-0.012387,-0.064527,-0.0050955,-0.025836,-0.012387,-0.072838,-0.088929,-0.0050955,-0.088929,-0.08249,-0.060343,-0.025836,-0.027424,-0.064527,-0.025836,-0.025836,-0.062722,-0.01143,-0.0050955,-0.0050955,-0.027424,-0.012387,-0.024047,-0.060343,-0.060343
-0.029074,-0.036885,0.028848,-0.11587,-0.069715,-0.070063,-0.029074,-0.029074,-0.029074,-0.081007,-0.029074,-0.091524,-0.069715,0.042273,-0.081007,-0.081007,-0.091524,0.028848,-0.069715,-0.029074,-0.11587,-0.11587,-0.0082489,-0.0082489,-0.026933,0.028848,-0.029074,-0.0044442,-0.0044442,-0.026933,-0.02053,0.028848,-0.029074,-0.11587,-0.081007,-0.070063,-0.091524,-0.081007,0.042273,-0.029074,0.028848,-0.081007,-0.0082489,-0.02053,-0.0044442,-0.093413,-0.036885,0.042273,0.028848,0.042273,-0.091524,-0.029074,0.042273,-0.070063,-0.081007,-0.0044442,0.042273,-0.029074,-0.11587,0.042273,-0.036885,-0.14282,0.042273,-0.070063,-0.0082489,-0.0044442,-0.081007,-0.02053,-0.070063,0.028848,-0.093413,-0.081007,-0.070063,0.042273,-0.069991,-0.0044442,-0.0082489,0.042273,-0.029074,-0.0044442,-0.14282,-0.11587,0.042273,-0.11587,-0.081007,-0.093413,-0.029074,-0.069715,-0.0082489,-0.029074,-0.029074,-0.026933,0.028848,0.042273,0.042273,-0.069715,-0.0044442,-0.036885,-0.093413,-0.093413
0.017407,0.020383,-0.0098757,0.050857,0.026961,0.029034,0.017407,0.017407,0.017407,0.03304,0.017407,0.03577,0.026961,-0.009832,0.03304,0.03304,0.03577,-0.0098757,0.026961,0.017407,0.050857,0.050857,0.0061428,0.0061428,0.0064437,-0.0098757,0.017407,0.0057996,0.0057996,0.0064437,0.0091074,-0.0098757,0.017407,0.050857,0.03304,0.029034,0.03577,0.03304,-0.009832,0.017407,-0.0098757,0.03304,0.0061428,0.0091074,0.0057996,0.029805,0.020383,-0.009832,-0.0098757,-0.009832,0.03577,0.017407,-0.009832,0.029034,0.03304,0.0057996,-0.009832,0.017407,0.050857,-0.009832,0.020383,0.046888,-0.009832,0.029034,0.0061428,0.0057996,0.03304,0.0091074,0.029034,-0.0098757,0.029805,0.03304,0.029034,-0.009832,0.028399,0.0057996,0.0061428,-0.009832,0.017407,0.0057996,0.046888,0.050857,-0.009832,0.050857,0.03304,0.029805,0.017407,0.026961,0.0061428,0.017407,0.017407,0.0064437,-0.0098757,-0.009832,-0.009832,0.026961,0.0057996,0.020383,0.029805,0.029805
0.069082,0.027495,0.012087,0.035926,-0.025213,0.021276,0.069082,0.069082,0.069082,0.083873,0.069082,0.042462,-0.025213,0.038208,0.083873,0.083873,0.042462,0.012087,-0.025213,0.069082,0.035926,0.035926,0.054544,0.054544,0.024732,0.012087,0.069082,0.0005764,0.0005764,0.024732,-0.040328,0.012087,0.069082,0.035926,0.083873,0.021276,0.042462,0.083873,0.038208,0.069082,0.012087,0.083873,0.054544,-0.040328,0.0005764,-0.031823,0.027495,0.038208,0.012087,0.038208,0.042462,0.069082,0.038208,0.021276,0.083873,0.0005764,0.038208,0.069082,0.035926,0.038208,0.027495,-0.017307,0.038208,0.021276,0.054544,0.0005764,0.083873,-0.040328,0.021276,0.012087,-0.031823,0.083873,0.021276,0.038208,0.012108,0.0005764,0.054544,0.038208,0.069082,0.0005764,-0.017307,0.035926,0.038208,0.035926,0.083873,-0.031823,0.069082,-0.025213,0.054544,0.069082,0.069082,0.024732,0.012087,0.038208,0.038208,-0.025213,0.0005764,0.027495,-0.031823,-0.031823
-0.037197,-0.041344,-0.045545,0.023751,-0.008641,0.00042644,-0.037197,-0.037197,-0.037197,-0.029815,-0.037197,-0.027171,-0.008641,-0.027008,-0.029815,-0.029815,-0.027171,-0.045545,-0.008641,-0.037197,0.023751,0.023751,-0.012297,-0.012297,-0.02915,-0.045545,-0.037197,0.0049338,0.0049338,-0.02915,-0.011866,-0.045545,-0.037197,0.023751,-0.029815,0.00042644,-0.027171,-0.029815,-0.027008,-0.037197,-0.045545,-0.029815,-0.012297,-0.011866,0.0049338,0.014681,-0.041344,-0.027008,-0.045545,-0.027008,-0.027171,-0.037197,-0.027008,0.00042644,-0.029815,0.0049338,-0.027008,-0.037197,0.023751,-0.027008,-0.041344,0.018832,-0.027008,0.00042644,-0.012297,0.0049338,-0.029815,-0.011866,0.00042644,-0.045545,0.014681,-0.029815,0.00042644,-0.027008,0.041006,0.0049338,-0.012297,-0.027008,-0.037197,0.0049338,0.018832,0.023751,-0.027008,0.023751,-0.029815,0.014681,-0.037197,-0.008641,-0.012297,-0.037197,-0.037197,-0.02915,-0.045545,-0.027008,-0.027008,-0.008641,0.0049338,-0.041344,0.014681,0.014681
0.071874,0.048713,0.019423,0.11084,0.017122,0.03634,0.071874,0.071874,0.071874,0.1367,0.071874,0.11941,0.017122,0.031044,0.1367,0.1367,0.11941,0.019423,0.017122,0.071874,0.11084,0.11084,0.095386,0.095386,0.093145,0.019423,0.071874,0.0081954,0.0081954,0.093145,0.0026767,0.019423,0.071874,0.11084,0.1367,0.03634,0.11941,0.1367,0.031044,0.071874,0.019423,0.1367,0.095386,0.0026767,0.0081954,0.065444,0.048713,0.031044,0.019423,0.031044,0.11941,0.071874,0.031044,0.03634,0.1367,0.0081954,0.031044,0.071874,0.11084,0.031044,0.048713,0.087827,0.031044,0.03634,0.095386,0.0081954,0.1367,0.0026767,0.03634,0.019423,0.065444,0.1367,0.03634,0.031044,0.073468,0.0081954,0.095386,0.031044,0.071874,0.0081954,0.087827,0.11084,0.031044,0.11084,0.1367,0.065444,0.071874,0.017122,0.095386,0.071874,0.071874,0.093145,0.019423,0.031044,0.031044,0.017122,0.0081954,0.048713,0.065444,0.065444
0.0068492,-0.0021576,0.0029579,-0.055161,-0.015413,-0.017007,0.0068492,0.0068492,0.0068492,-0.04114,0.0068492,-0.03841,-0.015413,0.011829,-0.04114,-0.04114,-0.03841,0.0029579,-0.015413,0.0068492,-0.055161,-0.055161,-0.034025,-0.034025,-0.030742,0.0029579,0.0068492,-0.0032429,-0.0032429,-0.030742,-0.0055354,0.0029579,0.0068492,-0.055161,-0.04114,-0.017007,-0.03841,-0.04114,0.011829,0.0068492,0.0029579,-0.04114,-0.034025,-0.0055354,-0.0032429,-0.041877,-0.0021576,0.011829,0.0029579,0.011829,-0.03841,0.0068492,0.011829,-0.017007,-0.04114,-0.0032429,0.011829,0.0068492,-0.055161,0.011829,-0.0021576,-0.045405,0.011829,-0.017007,-0.034025,-0.0032429,-0.04114,-0.0055354,-0.017007,0.0029579,-0.041877,-0.04114,-0.017007,0.011829,-0.037993,-0.0032429,-0.034025,0.011829,0.0068492,-0.0032429,-0.045405,-0.055161,0.011829,-0.055161,-0.04114,-0.041877,0.0068492,-0.015413,-0.034025,0.0068492,0.0068492,-0.030742,0.0029579,0.011829,0.011829,-0.015413,-0.0032429,-0.0021576,-0.041877,-0.041877
-0.12726,-0.065206,-0.017954,-0.12336,-0.0075953,-0.072348,-0.12726,-0.12726,-0.12726,-0.1771,-0.12726,-0.10931,-0.0075953,-0.078631,-0.1771,-0.1771,-0.10931,-0.017954,-0.0075953,-0.12726,-0.12336,-0.12336,-0.14304,-0.14304,-0.061338,-0.017954,-0.12726,-0.017807,-0.017807,-0.061338,0.042061,-0.017954,-0.12726,-0.12336,-0.1771,-0.072348,-0.10931,-0.1771,-0.078631,-0.12726,-0.017954,-0.1771,-0.14304,0.042061,-0.017807,0.0095233,-0.065206,-0.078631,-0.017954,-0.078631,-0.10931,-0.12726,-0.078631,-0.072348,-0.1771,-0.017807,-0.078631,-0.12726,-0.12336,-0.078631,-0.065206,-0.039982,-0.078631,-0.072348,-0.14304,-0.017807,-0.1771,0.042061,-0.072348,-0.017954,0.0095233,-0.1771,-0.072348,-0.078631,-0.072098,-0.017807,-0.14304,-0.078631,-0.12726,-0.017807,-0.039982,-0.12336,-0.078631,-0.12336,-0.1771,0.0095233,-0.12726,-0.0075953,-0.14304,-0.12726,-0.12726,-0.061338,-0.017954,-0.078631,-0.078631,-0.0075953,-0.017807,-0.065206,0.0095233,0.0095233
-0.054321,-0.044573,-0.028719,-0.0070897,-0.015011,-0.022762,-0.054321,-0.054321,-0.054321,-0.045363,-0.054321,-0.035419,-0.015011,-0.02901,-0.045363,-0.045363,-0.035419,-0.028719,-0.015011,-0.054321,-0.0070897,-0.0070897,-0.016708,-0.016708,-0.021093,-0.028719,-0.054321,-0.0040225,-0.0040225,-0.021093,-0.0068241,-0.028719,-0.054321,-0.0070897,-0.045363,-0.022762,-0.035419,-0.045363,-0.02901,-0.054321,-0.028719,-0.045363,-0.016708,-0.0068241,-0.0040225,0.01131,-0.044573,-0.02901,-0.028719,-0.02901,-0.035419,-0.054321,-0.02901,-0.022762,-0.045363,-0.0040225,-0.02901,-0.054321,-0.0070897,-0.02901,-0.044573,0.0027594,-0.02901,-0.022762,-0.016708,-0.0040225,-0.045363,-0.0068241,-0.022762,-0.028719,0.01131,-0.045363,-0.022762,-0.02901,0.014423,-0.0040225,-0.016708,-0.02901,-0.054321,-0.0040225,0.0027594,-0.0070897,-0.02901,-0.0070897,-0.045363,0.01131,-0.054321,-0.015011,-0.016708,-0.054321,-0.054321,-0.021093,-0.028719,-0.02901,-0.02901,-0.015011,-0.0040225,-0.044573,0.01131,0.01131
0.048166,0.075568,0.04369,0.015643,0.063129,0.030917,0.048166,0.048166,0.048166,0.037458,0.048166,0.060782,0.063129,0.014038,0.037458,0.037458,0.060782,0.04369,0.063129,0.048166,0.015643,0.015643,0.004803,0.004803,0.043565,0.04369,0.048166,0.0011907,0.0011907,0.043565,0.039553,0.04369,0.048166,0.015643,0.037458,0.030917,0.060782,0.037458,0.014038,0.048166,0.04369,0.037458,0.004803,0.039553,0.0011907,0.034442,0.075568,0.014038,0.04369,0.014038,0.060782,0.048166,0.014038,0.030917,0.037458,0.0011907,0.014038,0.048166,0.015643,0.014038,0.075568,0.045903,0.014038,0.030917,0.004803,0.0011907,0.037458,0.039553,0.030917,0.04369,0.034442,0.037458,0.030917,0.014038,-0.011665,0.0011907,0.004803,0.014038,0.048166,0.0011907,0.045903,0.015643,0.014038,0.015643,0.037458,0.034442,0.048166,0.063129,0.004803,0.048166,0.048166,0.043565,0.04369,0.014038,0.014038,0.063129,0.0011907,0.075568,0.034442,0.034442
0.083148,0.076302,0.040261,0.06229,0.086262,0.061991,0.083148,0.083148,0.083148,0.088159,0.083148,0.084727,0.086262,0.031083,0.088159,0.088159,0.084727,0.040261,0.086262,0.083148,0.06229,0.06229,0.04406,0.04406,0.055163,0.040261,0.083148,0.017647,0.017647,0.055163,0.03589,0.040261,0.083148,0.06229,0.088159,0.061991,0.084727,0.088159,0.031083,0.083148,0.040261,0.088159,0.04406,0.03589,0.017647,0.04514,0.076302,0.031083,0.040261,0.031083,0.084727,0.083148,0.031083,0.061991,0.088159,0.017647,0.031083,0.083148,0.06229,0.031083,0.076302,0.079872,0.031083,0.061991,0.04406,0.017647,0.088159,0.03589,0.061991,0.040261,0.04514,0.088159,0.061991,0.031083,0.023304,0.017647,0.04406,0.031083,0.083148,0.017647,0.079872,0.06229,0.031083,0.06229,0.088159,0.04514,0.083148,0.086262,0.04406,0.083148,0.083148,0.055163,0.040261,0.031083,0.031083,0.086262,0.017647,0.076302,0.04514,0.04514
0.054443,0.042347,0.023088,0.028533,0.0010619,0.020589,0.054443,0.054443,0.054443,0.066085,0.054443,0.051155,0.0010619,0.039344,0.066085,0.066085,0.051155,0.023088,0.0010619,0.054443,0.028533,0.028533,0.056897,0.056897,0.03725,0.023088,0.054443,0.0051062,0.0051062,0.03725,-0.011689,0.023088,0.054443,0.028533,0.066085,0.020589,0.051155,0.066085,0.039344,0.054443,0.023088,0.066085,0.056897,-0.011689,0.0051062,-0.012342,0.042347,0.039344,0.023088,0.039344,0.051155,0.054443,0.039344,0.020589,0.066085,0.0051062,0.039344,0.054443,0.028533,0.039344,0.042347,0.0071635,0.039344,0.020589,0.056897,0.0051062,0.066085,-0.011689,0.020589,0.023088,-0.012342,0.066085,0.020589,0.039344,0.010956,0.0051062,0.056897,0.039344,0.054443,0.0051062,0.0071635,0.028533,0.039344,0.028533,0.066085,-0.012342,0.054443,0.0010619,0.056897,0.054443,0.054443,0.03725,0.023088,0.039344,0.039344,0.0010619,0.0051062,0.042347,-0.012342,-0.012342
-0.12496,-0.10335,-0.052697,-0.061399,-0.046674,-0.059826,-0.12496,-0.12496,-0.12496,-0.12673,-0.12496,-0.10667,-0.046674,-0.065452,-0.12673,-0.12673,-0.10667,-0.052697,-0.046674,-0.12496,-0.061399,-0.061399,-0.066083,-0.066083,-0.058716,-0.052697,-0.12496,-0.0073346,-0.0073346,-0.058716,-0.010741,-0.052697,-0.12496,-0.061399,-0.12673,-0.059826,-0.10667,-0.12673,-0.065452,-0.12496,-0.052697,-0.12673,-0.066083,-0.010741,-0.0073346,-0.010984,-0.10335,-0.065452,-0.052697,-0.065452,-0.10667,-0.12496,-0.065452,-0.059826,-0.12673,-0.0073346,-0.065452,-0.12496,-0.061399,-0.065452,-0.10335,-0.045877,-0.065452,-0.059826,-0.066083,-0.0073346,-0.12673,-0.010741,-0.059826,-0.052697,-0.010984,-0.12673,-0.059826,-0.065452,-0.010016,-0.0073346,-0.066083,-0.065452,-0.12496,-0.0073346,-0.045877,-0.061399,-0.065452,-0.061399,-0.12673,-0.010984,-0.12496,-0.046674,-0.066083,-0.12496,-0.12496,-0.058716,-0.052697,-0.065452,-0.065452,-0.046674,-0.0073346,-0.10335,-0.010984,-0.010984
-0.027327,-0.044061,-0.049229,-0.02383,-0.046971,-0.022632,-0.027327,-0.027327,-0.027327,-0.033975,-0.027327,-0.056669,-0.046971,-0.016831,-0.033975,-0.033975,-0.056669,-0.049229,-0.046971,-0.027327,-0.02383,-0.02383,-0.025777,-0.025777,-0.05439,-0.049229,-0.027327,-0.010183,-0.010183,-0.05439,-0.040488,-0.049229,-0.027327,-0.02383,-0.033975,-0.022632,-0.056669,-0.033975,-0.016831,-0.027327,-0.049229,-0.033975,-0.025777,-0.040488,-0.010183,-0.039149,-0.044061,-0.016831,-0.049229,-0.016831,-0.056669,-0.027327,-0.016831,-0.022632,-0.033975,-0.010183,-0.016831,-0.027327,-0.02383,-0.016831,-0.044061,-0.048139,-0.016831,-0.022632,-0.025777,-0.010183,-0.033975,-0.040488,-0.022632,-0.049229,-0.039149,-0.033975,-0.022632,-0.016831,-0.012499,-0.010183,-0.025777,-0.016831,-0.027327,-0.010183,-0.048139,-0.02383,-0.016831,-0.02383,-0.033975,-0.039149,-0.027327,-0.046971,-0.025777,-0.027327,-0.027327,-0.05439,-0.049229,-0.016831,-0.016831,-0.046971,-0.010183,-0.044061,-0.039149,-0.039149
-0.18859,-0.16721,-0.082689,-0.095776,-0.073709,-0.10525,-0.18859,-0.18859,-0.18859,-0.19127,-0.18859,-0.17112,-0.073709,-0.1154,-0.19127,-0.19127,-0.17112,-0.082689,-0.073709,-0.18859,-0.095776,-0.095776,-0.12705,-0.12705,-0.093379,-0.082689,-0.18859,-0.020981,-0.020981,-0.093379,-0.00080749,-0.082689,-0.18859,-0.095776,-0.19127,-0.10525,-0.17112,-0.19127,-0.1154,-0.18859,-0.082689,-0.19127,-0.12705,-0.00080749,-0.020981,-0.010424,-0.16721,-0.1154,-0.082689,-0.1154,-0.17112,-0.18859,-0.1154,-0.10525,-0.19127,-0.020981,-0.1154,-0.18859,-0.095776,-0.1154,-0.16721,-0.088096,-0.1154,-0.10525,-0.12705,-0.020981,-0.19127,-0.00080749,-0.10525,-0.082689,-0.010424,-0.19127,-0.10525,-0.1154,-0.034539,-0.020981,-0.12705,-0.1154,-0.18859,-0.020981,-0.088096,-0.095776,-0.1154,-0.095776,-0.19127,-0.010424,-0.18859,-0.073709,-0.12705,-0.18859,-0.18859,-0.093379,-0.082689,-0.1154,-0.1154,-0.073709,-0.020981,-0.16721,-0.010424,-0.010424
0.047667,0.09234,0.049482,0.064714,0.098442,0.056997,0.047667,0.047667,0.047667,0.060307,0.047667,0.094329,0.098442,-0.0095331,0.060307,0.060307,0.094329,0.049482,0.098442,0.047667,0.064714,0.064714,0.004565,0.004565,0.055647,0.049482,0.047667,0.0093308,0.0093308,0.055647,0.063737,0.049482,0.047667,0.064714,0.060307,0.056997,0.094329,0.060307,-0.0095331,0.047667,0.049482,0.060307,0.004565,0.063737,0.0093308,0.070124,0.09234,-0.0095331,0.049482,-0.0095331,0.094329,0.047667,-0.0095331,0.056997,0.060307,0.0093308,-0.0095331,0.047667,0.064714,-0.0095331,0.09234,0.097434,-0.0095331,0.056997,0.004565,0.0093308,0.060307,0.063737,0.056997,0.049482,0.070124,0.060307,0.056997,-0.0095331,0.016802,0.0093308,0.004565,-0.0095331,0.047667,0.0093308,0.097434,0.064714,-0.0095331,0.064714,0.060307,0.070124,0.047667,0.098442,0.004565,0.047667,0.047667,0.055647,0.049482,-0.0095331,-0.0095331,0.098442,0.0093308,0.09234,0.070124,0.070124
0.095009,0.073452,0.040014,0.090824,0.063544,0.067206,0.095009,0.095009,0.095009,0.1288,0.095009,0.10701,0.063544,0.036949,0.1288,0.1288,0.10701,0.040014,0.063544,0.095009,0.090824,0.090824,0.072393,0.072393,0.069205,0.040014,0.095009,0.010775,0.010775,0.069205,0.011493,0.040014,0.095009,0.090824,0.1288,0.067206,0.10701,0.1288,0.036949,0.095009,0.040014,0.1288,0.072393,0.011493,0.010775,0.040875,0.073452,0.036949,0.040014,0.036949,0.10701,0.095009,0.036949,0.067206,0.1288,0.010775,0.036949,0.095009,0.090824,0.036949,0.073452,0.084806,0.036949,0.067206,0.072393,0.010775,0.1288,0.011493,0.067206,0.040014,0.040875,0.1288,0.067206,0.036949,0.034562,0.010775,0.072393,0.036949,0.095009,0.010775,0.084806,0.090824,0.036949,0.090824,0.1288,0.040875,0.095009,0.063544,0.072393,0.095009,0.095009,0.069205,0.040014,0.036949,0.036949,0.063544,0.010775,0.073452,0.040875,0.040875
-0.0054833,0.040203,0.054392,-0.04447,0.042476,-0.0087152,-0.0054833,-0.0054833,-0.0054833,-0.033996,-0.0054833,0.006566,0.042476,-0.0086628,-0.033996,-0.033996,0.006566,0.054392,0.042476,-0.0054833,-0.04447,-0.04447,-0.043649,-0.043649,0.017571,0.054392,-0.0054833,-0.0081184,-0.0081184,0.017571,0.046204,0.054392,-0.0054833,-0.04447,-0.033996,-0.0087152,0.006566,-0.033996,-0.0086628,-0.0054833,0.054392,-0.033996,-0.043649,0.046204,-0.0081184,0.019339,0.040203,-0.0086628,0.054392,-0.0086628,0.006566,-0.0054833,-0.0086628,-0.0087152,-0.033996,-0.0081184,-0.0086628,-0.0054833,-0.04447,-0.0086628,0.040203,0.0077704,-0.0086628,-0.0087152,-0.043649,-0.0081184,-0.033996,0.046204,-0.0087152,0.054392,0.019339,-0.033996,-0.0087152,-0.0086628,-0.049379,-0.0081184,-0.043649,-0.0086628,-0.0054833,-0.0081184,0.0077704,-0.04447,-0.0086628,-0.04447,-0.033996,0.019339,-0.0054833,0.042476,-0.043649,-0.0054833,-0.0054833,0.017571,0.054392,-0.0086628,-0.0086628,0.042476,-0.0081184,0.040203,0.019339,0.019339
-0.0010016,-0.002928,-0.0059469,0.001578,0.0032507,0.0096264,-0.0010016,-0.0010016,-0.0010016,-0.012783,-0.0010016,-0.0048078,0.0032507,0.0082365,-0.012783,-0.012783,-0.0048078,-0.0059469,0.0032507,-0.0010016,0.001578,0.001578,0.0017673,0.0017673,-0.0059049,-0.0059469,-0.0010016,0.01496,0.01496,-0.0059049,0.0033932,-0.0059469,-0.0010016,0.001578,-0.012783,0.0096264,-0.0048078,-0.012783,0.0082365,-0.0010016,-0.0059469,-0.012783,0.0017673,0.0033932,0.01496,-0.0016378,-0.002928,0.0082365,-0.0059469,0.0082365,-0.0048078,-0.0010016,0.0082365,0.0096264,-0.012783,0.01496,0.0082365,-0.0010016,0.001578,0.0082365,-0.002928,0.0022205,0.0082365,0.0096264,0.0017673,0.01496,-0.012783,0.0033932,0.0096264,-0.0059469,-0.0016378,-0.012783,0.0096264,0.0082365,0.014842,0.01496,0.0017673,0.0082365,-0.0010016,0.01496,0.0022205,0.001578,0.0082365,0.001578,-0.012783,-0.0016378,-0.0010016,0.0032507,0.0017673,-0.0010016,-0.0010016,-0.0059049,-0.0059469,0.0082365,0.0082365,0.0032507,0.01496,-0.002928,-0.0016378,-0.0016378
-0.0086833,-0.017415,-0.0094201,0.028995,-0.0080767,0.00057826,-0.0086833,-0.0086833,-0.0086833,0.029059,-0.0086833,0.011799,-0.0080767,-0.014011,0.029059,0.029059,0.011799,-0.0094201,-0.0080767,-0.0086833,0.028995,0.028995,0.024421,0.024421,0.01614,-0.0094201,-0.0086833,0.004715,0.004715,0.01614,0.0038296,-0.0094201,-0.0086833,0.028995,0.029059,0.00057826,0.011799,0.029059,-0.014011,-0.0086833,-0.0094201,0.029059,0.024421,0.0038296,0.004715,0.043011,-0.017415,-0.014011,-0.0094201,-0.014011,0.011799,-0.0086833,-0.014011,0.00057826,0.029059,0.004715,-0.014011,-0.0086833,0.028995,-0.014011,-0.017415,0.022087,-0.014011,0.00057826,0.024421,0.004715,0.029059,0.0038296,0.00057826,-0.0094201,0.043011,0.029059,0.00057826,-0.014011,0.03311,0.004715,0.024421,-0.014011,-0.0086833,0.004715,0.022087,0.028995,-0.014011,0.028995,0.029059,0.043011,-0.0086833,-0.0080767,0.024421,-0.0086833,-0.0086833,0.01614,-0.0094201,-0.014011,-0.014011,-0.0080767,0.004715,-0.017415,0.043011,0.043011
-0.086953,-0.086175,-0.025016,-0.099192,-0.060889,-0.06614,-0.086953,-0.086953,-0.086953,-0.11912,-0.086953,-0.11449,-0.060889,-0.018201,-0.11912,-0.11912,-0.11449,-0.025016,-0.060889,-0.086953,-0.099192,-0.099192,-0.053225,-0.053225,-0.055968,-0.025016,-0.086953,-0.0030722,-0.0030722,-0.055968,-0.020869,-0.025016,-0.086953,-0.099192,-0.11912,-0.06614,-0.11449,-0.11912,-0.018201,-0.086953,-0.025016,-0.11912,-0.053225,-0.020869,-0.0030722,-0.050522,-0.086175,-0.018201,-0.025016,-0.018201,-0.11449,-0.086953,-0.018201,-0.06614,-0.11912,-0.0030722,-0.018201,-0.086953,-0.099192,-0.018201,-0.086175,-0.086686,-0.018201,-0.06614,-0.053225,-0.0030722,-0.11912,-0.020869,-0.06614,-0.025016,-0.050522,-0.11912,-0.06614,-0.018201,-0.034705,-0.0030722,-0.053225,-0.018201,-0.086953,-0.0030722,-0.086686,-0.099192,-0.018201,-0.099192,-0.11912,-0.050522,-0.086953,-0.060889,-0.053225,-0.086953,-0.086953,-0.055968,-0.025016,-0.018201,-0.018201,-0.060889,-0.0030722,-0.086175,-0.050522,-0.050522
-0.044292,-0.040623,-0.049083,0.0043014,-0.029413,-0.017316,-0.044292,-0.044292,-0.044292,-0.02354,-0.044292,-0.028123,-0.029413,-0.040606,-0.02354,-0.02354,-0.028123,-0.049083,-0.029413,-0.044292,0.0043014,0.0043014,-0.015468,-0.015468,-0.031157,-0.049083,-0.044292,-0.009956,-0.009956,-0.031157,-0.032663,-0.049083,-0.044292,0.0043014,-0.02354,-0.017316,-0.028123,-0.02354,-0.040606,-0.044292,-0.049083,-0.02354,-0.015468,-0.032663,-0.009956,-0.003058,-0.040623,-0.040606,-0.049083,-0.040606,-0.028123,-0.044292,-0.040606,-0.017316,-0.02354,-0.009956,-0.040606,-0.044292,0.0043014,-0.040606,-0.040623,-0.0048469,-0.040606,-0.017316,-0.015468,-0.009956,-0.02354,-0.032663,-0.017316,-0.049083,-0.003058,-0.02354,-0.017316,-0.040606,0.011062,-0.009956,-0.015468,-0.040606,-0.044292,-0.009956,-0.0048469,0.0043014,-0.040606,0.0043014,-0.02354,-0.003058,-0.044292,-0.029413,-0.015468,-0.044292,-0.044292,-0.031157,-0.049083,-0.040606,-0.040606,-0.029413,-0.009956,-0.040623,-0.003058,-0.003058
-0.092679,-0.09967,-0.047233,-0.069217,-0.084554,-0.063804,-0.092679,-0.092679,-0.092679,-0.096097,-0.092679,-0.09611,-0.084554,-0.032384,-0.096097,-0.096097,-0.09611,-0.047233,-0.084554,-0.092679,-0.069217,-0.069217,-0.038301,-0.038301,-0.048604,-0.047233,-0.092679,-0.0061515,-0.0061515,-0.048604,-0.038409,-0.047233,-0.092679,-0.069217,-0.096097,-0.063804,-0.09611,-0.096097,-0.032384,-0.092679,-0.047233,-0.096097,-0.038301,-0.038409,-0.0061515,-0.043144,-0.09967,-0.032384,-0.047233,-0.032384,-0.09611,-0.092679,-0.032384,-0.063804,-0.096097,-0.0061515,-0.032384,-0.092679,-0.069217,-0.032384,-0.09967,-0.087096,-0.032384,-0.063804,-0.038301,-0.0061515,-0.096097,-0.038409,-0.063804,-0.047233,-0.043144,-0.096097,-0.063804,-0.032384,-0.008378,-0.0061515,-0.038301,-0.032384,-0.092679,-0.0061515,-0.087096,-0.069217,-0.032384,-0.069217,-0.096097,-0.043144,-0.092679,-0.084554,-0.038301,-0.092679,-0.092679,-0.048604,-0.047233,-0.032384,-0.032384,-0.084554,-0.0061515,-0.09967,-0.043144,-0.043144
0.018826,0.031636,0.017712,0.025372,0.037281,0.027335,0.018826,0.018826,0.018826,0.0093146,0.018826,0.032715,0.037281,0.0023342,0.0093146,0.0093146,0.032715,0.017712,0.037281,0.018826,0.025372,0.025372,0.00038193,0.00038193,0.017076,0.017712,0.018826,0.011403,0.011403,0.017076,0.03443,0.017712,0.018826,0.025372,0.0093146,0.027335,0.032715,0.0093146,0.0023342,0.018826,0.017712,0.0093146,0.00038193,0.03443,0.011403,0.032159,0.031636,0.0023342,0.017712,0.0023342,0.032715,0.018826,0.0023342,0.027335,0.0093146,0.011403,0.0023342,0.018826,0.025372,0.0023342,0.031636,0.044091,0.0023342,0.027335,0.00038193,0.011403,0.0093146,0.03443,0.027335,0.017712,0.032159,0.0093146,0.027335,0.0023342,0.020607,0.011403,0.00038193,0.0023342,0.018826,0.011403,0.044091,0.025372,0.0023342,0.025372,0.0093146,0.032159,0.018826,0.037281,0.00038193,0.018826,0.018826,0.017076,0.017712,0.0023342,0.0023342,0.037281,0.011403,0.031636,0.032159,0.032159
-0.050913,-0.067931,-0.063083,0.0099676,-0.063231,-0.033775,-0.050913,-0.050913,-0.050913,-0.0076929,-0.050913,-0.041379,-0.063231,-0.023662,-0.0076929,-0.0076929,-0.041379,-0.063083,-0.063231,-0.050913,0.0099676,0.0099676,0.016419,0.016419,-0.027545,-0.063083,-0.050913,-0.0082034,-0.0082034,-0.027545,-0.058352,-0.063083,-0.050913,0.0099676,-0.0076929,-0.033775,-0.041379,-0.0076929,-0.023662,-0.050913,-0.063083,-0.0076929,0.016419,-0.058352,-0.0082034,-0.014977,-0.067931,-0.023662,-0.063083,-0.023662,-0.041379,-0.050913,-0.023662,-0.033775,-0.0076929,-0.0082034,-0.023662,-0.050913,0.0099676,-0.023662,-0.067931,-0.027502,-0.023662,-0.033775,0.016419,-0.0082034,-0.0076929,-0.058352,-0.033775,-0.063083,-0.014977,-0.0076929,-0.033775,-0.023662,0.029278,-0.0082034,0.016419,-0.023662,-0.050913,-0.0082034,-0.027502,0.0099676,-0.023662,0.0099676,-0.0076929,-0.014977,-0.050913,-0.063231,0.016419,-0.050913,-0.050913,-0.027545,-0.063083,-0.023662,-0.023662,-0.063231,-0.0082034,-0.067931,-0.014977,-0.014977
-0.054636,-0.026672,-0.01203,-0.033184,-0.024143,-0.03862,-0.054636,-0.054636,-0.054636,-0.043148,-0.054636,-0.032467,-0.024143,-0.038433,-0.043148,-0.043148,-0.032467,-0.01203,-0.024143,-0.054636,-0.033184,-0.033184,-0.03389,-0.03389,-0.011268,-0.01203,-0.054636,-0.01094,-0.01094,-0.011268,0.0098761,-0.01203,-0.054636,-0.033184,-0.043148,-0.03862,-0.032467,-0.043148,-0.038433,-0.054636,-0.01203,-0.043148,-0.03389,0.0098761,-0.01094,0.013421,-0.026672,-0.038433,-0.01203,-0.038433,-0.032467,-0.054636,-0.038433,-0.03862,-0.043148,-0.01094,-0.038433,-0.054636,-0.033184,-0.038433,-0.026672,-0.023291,-0.038433,-0.03862,-0.03389,-0.01094,-0.043148,0.0098761,-0.03862,-0.01203,0.013421,-0.043148,-0.03862,-0.038433,-0.010106,-0.01094,-0.03389,-0.038433,-0.054636,-0.01094,-0.023291,-0.033184,-0.038433,-0.033184,-0.043148,0.013421,-0.054636,-0.024143,-0.03389,-0.054636,-0.054636,-0.011268,-0.01203,-0.038433,-0.038433,-0.024143,-0.01094,-0.026672,0.013421,0.013421
-0.12531,-0.094031,-0.065103,-0.069439,-0.05015,-0.066906,-0.12531,-0.12531,-0.12531,-0.13366,-0.12531,-0.10227,-0.05015,-0.090414,-0.13366,-0.13366,-0.10227,-0.065103,-0.05015,-0.12531,-0.069439,-0.069439,-0.098432,-0.098432,-0.062435,-0.065103,-0.12531,-0.01755,-0.01755,-0.062435,0.0032265,-0.065103,-0.12531,-0.069439,-0.13366,-0.066906,-0.10227,-0.13366,-0.090414,-0.12531,-0.065103,-0.13366,-0.098432,0.0032265,-0.01755,0.01352,-0.094031,-0.090414,-0.065103,-0.090414,-0.10227,-0.12531,-0.090414,-0.066906,-0.13366,-0.01755,-0.090414,-0.12531,-0.069439,-0.090414,-0.094031,-0.039682,-0.090414,-0.066906,-0.098432,-0.01755,-0.13366,0.0032265,-0.066906,-0.065103,0.01352,-0.13366,-0.066906,-0.090414,-0.014343,-0.01755,-0.098432,-0.090414,-0.12531,-0.01755,-0.039682,-0.069439,-0.090414,-0.069439,-0.13366,0.01352,-0.12531,-0.05015,-0.098432,-0.12531,-0.12531,-0.062435,-0.065103,-0.090414,-0.090414,-0.05015,-0.01755,-0.094031,0.01352,0.01352
-0.057363,-0.06127,-0.041709,-0.015845,-0.030868,-0.028054,-0.057363,-0.057363,-0.057363,-0.04112,-0.057363,-0.046378,-0.030868,-0.034195,-0.04112,-0.04112,-0.046378,-0.041709,-0.030868,-0.057363,-0.015845,-0.015845,-0.023025,-0.023025,-0.033292,-0.041709,-0.057363,-0.0069689,-0.0069689,-0.033292,-0.023823,-0.041709,-0.057363,-0.015845,-0.04112,-0.028054,-0.046378,-0.04112,-0.034195,-0.057363,-0.041709,-0.04112,-0.023025,-0.023823,-0.0069689,-0.017136,-0.06127,-0.034195,-0.041709,-0.034195,-0.046378,-0.057363,-0.034195,-0.028054,-0.04112,-0.0069689,-0.034195,-0.057363,-0.015845,-0.034195,-0.06127,-0.023378,-0.034195,-0.028054,-0.023025,-0.0069689,-0.04112,-0.023823,-0.028054,-0.041709,-0.017136,-0.04112,-0.028054,-0.034195,-0.0027348,-0.0069689,-0.023025,-0.034195,-0.057363,-0.0069689,-0.023378,-0.015845,-0.034195,-0.015845,-0.04112,-0.017136,-0.057363,-0.030868,-0.023025,-0.057363,-0.057363,-0.033292,-0.041709,-0.034195,-0.034195,-0.030868,-0.0069689,-0.06127,-0.017136,-0.017136
-0.039619,-0.021733,-0.010768,-0.018149,-0.0047573,-0.012641,-0.039619,-0.039619,-0.039619,-0.039744,-0.039619,-0.033333,-0.0047573,-0.027809,-0.039744,-0.039744,-0.033333,-0.010768,-0.0047573,-0.039619,-0.018149,-0.018149,-0.029372,-0.029372,-0.021168,-0.010768,-0.039619,-0.0020055,-0.0020055,-0.021168,0.0052255,-0.010768,-0.039619,-0.018149,-0.039744,-0.012641,-0.033333,-0.039744,-0.027809,-0.039619,-0.010768,-0.039744,-0.029372,0.0052255,-0.0020055,-0.0073792,-0.021733,-0.027809,-0.010768,-0.027809,-0.033333,-0.039619,-0.027809,-0.012641,-0.039744,-0.0020055,-0.027809,-0.039619,-0.018149,-0.027809,-0.021733,-0.019856,-0.027809,-0.012641,-0.029372,-0.0020055,-0.039744,0.0052255,-0.012641,-0.010768,-0.0073792,-0.039744,-0.012641,-0.027809,-0.011985,-0.0020055,-0.029372,-0.027809,-0.039619,-0.0020055,-0.019856,-0.018149,-0.027809,-0.018149,-0.039744,-0.0073792,-0.039619,-0.0047573,-0.029372,-0.039619,-0.039619,-0.021168,-0.010768,-0.027809,-0.027809,-0.0047573,-0.0020055,-0.021733,-0.0073792,-0.0073792
-0.075775,-0.083571,-0.046986,-0.034426,-0.056983,-0.057032,-0.075775,-0.075775,-0.075775,-0.058048,-0.075775,-0.063696,-0.056983,-0.037738,-0.058048,-0.058048,-0.063696,-0.046986,-0.056983,-0.075775,-0.034426,-0.034426,-0.022595,-0.022595,-0.028778,-0.046986,-0.075775,-0.01799,-0.01799,-0.028778,-0.025409,-0.046986,-0.075775,-0.034426,-0.058048,-0.057032,-0.063696,-0.058048,-0.037738,-0.075775,-0.046986,-0.058048,-0.022595,-0.025409,-0.01799,-0.00525,-0.083571,-0.037738,-0.046986,-0.037738,-0.063696,-0.075775,-0.037738,-0.057032,-0.058048,-0.01799,-0.037738,-0.075775,-0.034426,-0.037738,-0.083571,-0.046126,-0.037738,-0.057032,-0.022595,-0.01799,-0.058048,-0.025409,-0.057032,-0.046986,-0.00525,-0.058048,-0.057032,-0.037738,0.00079215,-0.01799,-0.022595,-0.037738,-0.075775,-0.01799,-0.046126,-0.034426,-0.037738,-0.034426,-0.058048,-0.00525,-0.075775,-0.056983,-0.022595,-0.075775,-0.075775,-0.028778,-0.046986,-0.037738,-0.037738,-0.056983,-0.01799,-0.083571,-0.00525,-0.00525
0.10017,0.06263,0.011333,0.087088,0.041674,0.076236,0.10017,0.10017,0.10017,0.10571,0.10017,0.08098,0.041674,0.04734,0.10571,0.10571,0.08098,0.011333,0.041674,0.10017,0.087088,0.087088,0.064126,0.064126,0.033466,0.011333,0.10017,0.013249,0.013249,0.033466,-0.024635,0.011333,0.10017,0.087088,0.10571,0.076236,0.08098,0.10571,0.04734,0.10017,0.011333,0.10571,0.064126,-0.024635,0.013249,-0.00087922,0.06263,0.04734,0.011333,0.04734,0.08098,0.10017,0.04734,0.076236,0.10571,0.013249,0.04734,0.10017,0.087088,0.04734,0.06263,0.057664,0.04734,0.076236,0.064126,0.013249,0.10571,-0.024635,0.076236,0.011333,-0.00087922,0.10571,0.076236,0.04734,0.033164,0.013249,0.064126,0.04734,0.10017,0.013249,0.057664,0.087088,0.04734,0.087088,0.10571,-0.00087922,0.10017,0.041674,0.064126,0.10017,0.10017,0.033466,0.011333,0.04734,0.04734,0.041674,0.013249,0.06263,-0.00087922,-0.00087922
-0.074541,-0.096278,-0.0413,-0.085726,-0.080389,-0.070492,-0.074541,-0.074541,-0.074541,-0.085433,-0.074541,-0.09853,-0.080389,-0.031803,-0.085433,-0.085433,-0.09853,-0.0413,-0.080389,-0.074541,-0.085726,-0.085726,-0.05122,-0.05122,-0.056375,-0.0413,-0.074541,-0.018535,-0.018535,-0.056375,-0.031249,-0.0413,-0.074541,-0.085726,-0.085433,-0.070492,-0.09853,-0.085433,-0.031803,-0.074541,-0.0413,-0.085433,-0.05122,-0.031249,-0.018535,-0.046586,-0.096278,-0.031803,-0.0413,-0.031803,-0.09853,-0.074541,-0.031803,-0.070492,-0.085433,-0.018535,-0.031803,-0.074541,-0.085726,-0.031803,-0.096278,-0.091784,-0.031803,-0.070492,-0.05122,-0.018535,-0.085433,-0.031249,-0.070492,-0.0413,-0.046586,-0.085433,-0.070492,-0.031803,-0.036643,-0.018535,-0.05122,-0.031803,-0.074541,-0.018535,-0.091784,-0.085726,-0.031803,-0.085726,-0.085433,-0.046586,-0.074541,-0.080389,-0.05122,-0.074541,-0.074541,-0.056375,-0.0413,-0.031803,-0.031803,-0.080389,-0.018535,-0.096278,-0.046586,-0.046586
-0.026199,-0.036819,-0.054382,0.0066865,-0.022559,-0.0050199,-0.026199,-0.026199,-0.026199,-0.019854,-0.026199,-0.030856,-0.022559,-0.028754,-0.019854,-0.019854,-0.030856,-0.054382,-0.022559,-0.026199,0.0066865,0.0066865,-0.019863,-0.019863,-0.040596,-0.054382,-0.026199,-0.0043669,-0.0043669,-0.040596,-0.030116,-0.054382,-0.026199,0.0066865,-0.019854,-0.0050199,-0.030856,-0.019854,-0.028754,-0.026199,-0.054382,-0.019854,-0.019863,-0.030116,-0.0043669,-0.015405,-0.036819,-0.028754,-0.054382,-0.028754,-0.030856,-0.026199,-0.028754,-0.0050199,-0.019854,-0.0043669,-0.028754,-0.026199,0.0066865,-0.028754,-0.036819,-0.0082618,-0.028754,-0.0050199,-0.019863,-0.0043669,-0.019854,-0.030116,-0.0050199,-0.054382,-0.015405,-0.019854,-0.0050199,-0.028754,0.010039,-0.0043669,-0.019863,-0.028754,-0.026199,-0.0043669,-0.0082618,0.0066865,-0.028754,0.0066865,-0.019854,-0.015405,-0.026199,-0.022559,-0.019863,-0.026199,-0.026199,-0.040596,-0.054382,-0.028754,-0.028754,-0.022559,-0.0043669,-0.036819,-0.015405,-0.015405
