-0.23101,-0.25306,-0.43055,-0.49612,-0.28934,-0.18155,-0.27072,-0.4493,-0.30816,-0.36624,-0.25072,-0.06691,-0.018422,-0.23101,-0.4493,-0.25072,-0.28934,-0.28934,-0.60895,-0.25072,-0.12739,-0.49612,-0.49612,-0.12739,-0.18155,-0.25306,-0.06691,-0.30816,-0.4493,-0.30816,-0.06691,-0.60895,-0.4493,-0.25072,-0.12739,-0.60895,-0.25072,-0.43055,-0.23101,-0.49612,-0.49612,-0.49612,-0.49612,-0.28934,-0.06691,-0.06691,-0.4493,-0.49612,-0.018422,-0.49612,-0.25072,-0.25306,-0.23101,-0.12739,-0.27072,-0.12739,-0.4493,-0.42883,-0.36624,-0.30816,-0.23101,-0.06691,-0.36624,-0.27072,-0.4493,-0.30816,-0.27072,-0.28934,-0.12739,-0.36624,-0.28934,-0.28934,-0.36624,-0.36624,-0.42883,-0.27072,-0.18155,-0.25072,-0.25306,-0.25072,-0.43055,-0.49612,-0.36624,-0.4493,-0.018422,-0.43055,-0.4493,-0.06691,-0.18155,-0.18155,-0.25072,-0.25072,-0.30816,-0.28934,-0.018422,-0.018422,-0.28934,-0.4493,-0.42883,-0.42883,-0.43055,-0.36624,-0.12739,-0.60895,-0.27072,-0.12739,-0.49612,-0.60895,-0.27072,-0.28934,-0.27072,-0.28934,-0.25306,-0.4493,-0.28934,-0.25072,-0.018422,-0.23101,-0.23101,-0.36624,-0.4493,-0.49612,-0.4493,-0.42883,-0.30816,-0.43055,-0.25306,-0.27072,-0.27072,-0.43055,-0.25306,-0.4493,-0.018422,-0.018422,-0.18155,-0.27072,-0.12739,-0.60895,-0.12739,-0.36624,-0.018422,-0.60895,-0.12739,-0.018422,-0.018422,-0.06691,-0.42883,-0.18155,-0.18155,-0.60895,-0.42883,-0.4493,-0.23101,-0.12739,-0.12739,-0.42883,-0.49612,-0.4493,-0.06691,-0.25306,-0.23101,-0.25306,-0.23101,-0.42883,-0.25306,-0.43055,-0.25072,-0.25072,-0.43055,-0.42883,-0.43055,-0.42883,-0.25306,-0.36624,-0.18155,-0.27072,-0.06691,-0.23101,-0.018422,-0.36624,-0.4493,-0.23101,-0.18155,-0.43055,-0.06691,-0.28934,-0.36624,-0.27072,-0.018422,-0.4493,-0.49612,-0.06691,-0.018422,-0.18155,-0.12739,-0.18155,-0.49612,-0.4493,-0.25306,-0.4493
-0.11158,0.29181,0.18182,0.40179,0.31173,0.27944,0.1122,0.50509,0.14939,0.19547,0.32086,-0.010597,0.014362,-0.11158,0.50509,0.32086,0.31173,0.31173,0.44045,0.32086,-0.11531,0.40179,0.40179,-0.11531,0.27944,0.29181,-0.010597,0.14939,0.50509,0.14939,-0.010597,0.44045,0.50509,0.32086,-0.11531,0.44045,0.32086,0.18182,-0.11158,0.40179,0.40179,0.40179,0.40179,0.31173,-0.010597,-0.010597,0.50509,0.40179,0.014362,0.40179,0.32086,0.29181,-0.11158,-0.11531,0.1122,-0.11531,0.50509,0.57504,0.19547,0.14939,-0.11158,-0.010597,0.19547,0.1122,0.50509,0.14939,0.1122,0.31173,-0.11531,0.19547,0.31173,0.31173,0.19547,0.19547,0.57504,0.1122,0.27944,0.32086,0.29181,0.32086,0.18182,0.40179,0.19547,0.50509,0.014362,0.18182,0.50509,-0.010597,0.27944,0.27944,0.32086,0.32086,0.14939,0.31173,0.014362,0.014362,0.31173,0.50509,0.57504,0.57504,0.18182,0.19547,-0.11531,0.44045,0.1122,-0.11531,0.40179,0.44045,0.1122,0.31173,0.1122,0.31173,0.29181,0.50509,0.31173,0.32086,0.014362,-0.11158,-0.11158,0.19547,0.50509,0.40179,0.50509,0.57504,0.14939,0.18182,0.29181,0.1122,0.1122,0.18182,0.29181,0.50509,0.014362,0.014362,0.27944,0.1122,-0.11531,0.44045,-0.11531,0.19547,0.014362,0.44045,-0.11531,0.014362,0.014362,-0.010597,0.57504,0.27944,0.27944,0.44045,0.57504,0.50509,-0.11158,-0.11531,-0.11531,0.57504,0.40179,0.50509,-0.010597,0.29181,-0.11158,0.29181,-0.11158,0.57504,0.29181,0.18182,0.32086,0.32086,0.18182,0.57504,0.18182,0.57504,0.29181,0.19547,0.27944,0.1122,-0.010597,-0.11158,0.014362,0.19547,0.50509,-0.11158,0.27944,0.18182,-0.010597,0.31173,0.19547,0.1122,0.014362,0.50509,0.40179,-0.010597,0.014362,0.27944,-0.11531,0.27944,0.40179,0.50509,0.29181,0.50509
0.13054,0.23351,0.29342,0.40263,0.15008,0.20048,0.23308,0.31217,0.22732,0.34037,0.13656,0.0020808,-0.016855,0.13054,0.31217,0.13656,0.15008,0.15008,0.46545,0.13656,0.05479,0.40263,0.40263,0.05479,0.20048,0.23351,0.0020808,0.22732,0.31217,0.22732,0.0020808,0.46545,0.31217,0.13656,0.05479,0.46545,0.13656,0.29342,0.13054,0.40263,0.40263,0.40263,0.40263,0.15008,0.0020808,0.0020808,0.31217,0.40263,-0.016855,0.40263,0.13656,0.23351,0.13054,0.05479,0.23308,0.05479,0.31217,0.32375,0.34037,0.22732,0.13054,0.0020808,0.34037,0.23308,0.31217,0.22732,0.23308,0.15008,0.05479,0.34037,0.15008,0.15008,0.34037,0.34037,0.32375,0.23308,0.20048,0.13656,0.23351,0.13656,0.29342,0.40263,0.34037,0.31217,-0.016855,0.29342,0.31217,0.0020808,0.20048,0.20048,0.13656,0.13656,0.22732,0.15008,-0.016855,-0.016855,0.15008,0.31217,0.32375,0.32375,0.29342,0.34037,0.05479,0.46545,0.23308,0.05479,0.40263,0.46545,0.23308,0.15008,0.23308,0.15008,0.23351,0.31217,0.15008,0.13656,-0.016855,0.13054,0.13054,0.34037,0.31217,0.40263,0.31217,0.32375,0.22732,0.29342,0.23351,0.23308,0.23308,0.29342,0.23351,0.31217,-0.016855,-0.016855,0.20048,0.23308,0.05479,0.46545,0.05479,0.34037,-0.016855,0.46545,0.05479,-0.016855,-0.016855,0.0020808,0.32375,0.20048,0.20048,0.46545,0.32375,0.31217,0.13054,0.05479,0.05479,0.32375,0.40263,0.31217,0.0020808,0.23351,0.13054,0.23351,0.13054,0.32375,0.23351,0.29342,0.13656,0.13656,0.29342,0.32375,0.29342,0.32375,0.23351,0.34037,0.20048,0.23308,0.0020808,0.13054,-0.016855,0.34037,0.31217,0.13054,0.20048,0.29342,0.0020808,0.15008,0.34037,0.23308,-0.016855,0.31217,0.40263,0.0020808,-0.016855,0.20048,0.05479,0.20048,0.40263,0.31217,0.23351,0.31217
-0.041144,-0.1502,-0.12623,-0.11211,-0.14918,-0.0056944,-0.064975,-0.20272,-0.0048058,-0.14976,0.017825,-0.057834,0.099592,-0.041144,-0.20272,0.017825,-0.14918,-0.14918,-0.19463,0.017825,0.07553,-0.11211,-0.11211,0.07553,-0.0056944,-0.1502,-0.057834,-0.0048058,-0.20272,-0.0048058,-0.057834,-0.19463,-0.20272,0.017825,0.07553,-0.19463,0.017825,-0.12623,-0.041144,-0.11211,-0.11211,-0.11211,-0.11211,-0.14918,-0.057834,-0.057834,-0.20272,-0.11211,0.099592,-0.11211,0.017825,-0.1502,-0.041144,0.07553,-0.064975,0.07553,-0.20272,-0.066083,-0.14976,-0.0048058,-0.041144,-0.057834,-0.14976,-0.064975,-0.20272,-0.0048058,-0.064975,-0.14918,0.07553,-0.14976,-0.14918,-0.14918,-0.14976,-0.14976,-0.066083,-0.064975,-0.0056944,0.017825,-0.1502,0.017825,-0.12623,-0.11211,-0.14976,-0.20272,0.099592,-0.12623,-0.20272,-0.057834,-0.0056944,-0.0056944,0.017825,0.017825,-0.0048058,-0.14918,0.099592,0.099592,-0.14918,-0.20272,-0.066083,-0.066083,-0.12623,-0.14976,0.07553,-0.19463,-0.064975,0.07553,-0.11211,-0.19463,-0.064975,-0.14918,-0.064975,-0.14918,-0.1502,-0.20272,-0.14918,0.017825,0.099592,-0.041144,-0.041144,-0.14976,-0.20272,-0.11211,-0.20272,-0.066083,-0.0048058,-0.12623,-0.1502,-0.064975,-0.064975,-0.12623,-0.1502,-0.20272,0.099592,0.099592,-0.0056944,-0.064975,0.07553,-0.19463,0.07553,-0.14976,0.099592,-0.19463,0.07553,0.099592,0.099592,-0.057834,-0.066083,-0.0056944,-0.0056944,-0.19463,-0.066083,-0.20272,-0.041144,0.07553,0.07553,-0.066083,-0.11211,-0.20272,-0.057834,-0.1502,-0.041144,-0.1502,-0.041144,-0.066083,-0.1502,-0.12623,0.017825,0.017825,-0.12623,-0.066083,-0.12623,-0.066083,-0.1502,-0.14976,-0.0056944,-0.064975,-0.057834,-0.041144,0.099592,-0.14976,-0.20272,-0.041144,-0.0056944,-0.12623,-0.057834,-0.14918,-0.14976,-0.064975,0.099592,-0.20272,-0.11211,-0.057834,0.099592,-0.0056944,0.07553,-0.0056944,-0.11211,-0.20272,-0.1502,-0.20272
0.147,0.021523,0.18424,0.11605,0.1083,0.008654,0.084238,0.051995,0.17244,0.12412,0.1174,0.046608,0.050534,0.147,0.051995,0.1174,0.1083,0.1083,0.12259,0.1174,0.11646,0.11605,0.11605,0.11646,0.008654,0.021523,0.046608,0.17244,0.051995,0.17244,0.046608,0.12259,0.051995,0.1174,0.11646,0.12259,0.1174,0.18424,0.147,0.11605,0.11605,0.11605,0.11605,0.1083,0.046608,0.046608,0.051995,0.11605,0.050534,0.11605,0.1174,0.021523,0.147,0.11646,0.084238,0.11646,0.051995,0.07779,0.12412,0.17244,0.147,0.046608,0.12412,0.084238,0.051995,0.17244,0.084238,0.1083,0.11646,0.12412,0.1083,0.1083,0.12412,0.12412,0.07779,0.084238,0.008654,0.1174,0.021523,0.1174,0.18424,0.11605,0.12412,0.051995,0.050534,0.18424,0.051995,0.046608,0.008654,0.008654,0.1174,0.1174,0.17244,0.1083,0.050534,0.050534,0.1083,0.051995,0.07779,0.07779,0.18424,0.12412,0.11646,0.12259,0.084238,0.11646,0.11605,0.12259,0.084238,0.1083,0.084238,0.1083,0.021523,0.051995,0.1083,0.1174,0.050534,0.147,0.147,0.12412,0.051995,0.11605,0.051995,0.07779,0.17244,0.18424,0.021523,0.084238,0.084238,0.18424,0.021523,0.051995,0.050534,0.050534,0.008654,0.084238,0.11646,0.12259,0.11646,0.12412,0.050534,0.12259,0.11646,0.050534,0.050534,0.046608,0.07779,0.008654,0.008654,0.12259,0.07779,0.051995,0.147,0.11646,0.11646,0.07779,0.11605,0.051995,0.046608,0.021523,0.147,0.021523,0.147,0.07779,0.021523,0.18424,0.1174,0.1174,0.18424,0.07779,0.18424,0.07779,0.021523,0.12412,0.008654,0.084238,0.046608,0.147,0.050534,0.12412,0.051995,0.147,0.008654,0.18424,0.046608,0.1083,0.12412,0.084238,0.050534,0.051995,0.11605,0.046608,0.050534,0.008654,0.11646,0.008654,0.11605,0.051995,0.021523,0.051996
0.22954,-0.13438,0.096389,0.11644,-0.1195,0.01116,0.22401,-0.21507,0.23289,0.061289,0.039434,0.0025064,0.14698,0.22954,-0.21507,0.039434,-0.1195,-0.1195,-0.036884,0.039434,0.33523,0.11644,0.11644,0.33523,0.01116,-0.13438,0.0025064,0.23289,-0.21507,0.23289,0.0025064,-0.036884,-0.21507,0.039434,0.33523,-0.036884,0.039434,0.096389,0.22954,0.11644,0.11644,0.11644,0.11644,-0.1195,0.0025064,0.0025064,-0.21507,0.11644,0.14698,0.11644,0.039434,-0.13438,0.22954,0.33523,0.22401,0.33523,-0.21507,-0.080793,0.061289,0.23289,0.22954,0.0025064,0.061289,0.22401,-0.21507,0.23289,0.22401,-0.1195,0.33523,0.061289,-0.1195,-0.1195,0.061289,0.061289,-0.080793,0.22401,0.01116,0.039434,-0.13438,0.039434,0.096389,0.11644,0.061289,-0.21507,0.14698,0.096389,-0.21507,0.0025064,0.01116,0.01116,0.039434,0.039434,0.23289,-0.1195,0.14698,0.14698,-0.1195,-0.21507,-0.080793,-0.080793,0.096389,0.061289,0.33523,-0.036884,0.22401,0.33523,0.11644,-0.036884,0.22401,-0.1195,0.22401,-0.1195,-0.13438,-0.21507,-0.1195,0.039434,0.14698,0.22954,0.22954,0.061289,-0.21507,0.11644,-0.21507,-0.080793,0.23289,0.096389,-0.13438,0.22401,0.22401,0.096389,-0.13438,-0.21507,0.14698,0.14698,0.01116,0.22401,0.33523,-0.036884,0.33523,0.061289,0.14698,-0.036884,0.33523,0.14698,0.14698,0.0025064,-0.080793,0.01116,0.01116,-0.036884,-0.080793,-0.21507,0.22954,0.33523,0.33523,-0.080793,0.11644,-0.21507,0.0025064,-0.13438,0.22954,-0.13438,0.22954,-0.080793,-0.13438,0.096389,0.039434,0.039434,0.096389,-0.080793,0.096389,-0.080793,-0.13438,0.061289,0.01116,0.22401,0.0025064,0.22954,0.14698,0.061289,-0.21507,0.22954,0.01116,0.096389,0.0025064,-0.1195,0.061289,0.22401,0.14698,-0.21507,0.11644,0.0025064,0.14698,0.01116,0.33523,0.01116,0.11644,-0.21507,-0.13438,-0.21507
-0.052166,0.16339,0.11565,0.23303,0.21032,0.15638,0.085963,0.265,0.086068,0.10583,0.19198,0.037853,0.016242,-0.052166,0.265,0.19198,0.21032,0.21032,0.21828,0.19198,-0.052716,0.23303,0.23303,-0.052716,0.15638,0.16339,0.037853,0.086068,0.265,0.086068,0.037853,0.21828,0.265,0.19198,-0.052716,0.21828,0.19198,0.11565,-0.052166,0.23303,0.23303,0.23303,0.23303,0.21032,0.037853,0.037853,0.265,0.23303,0.016242,0.23303,0.19198,0.16339,-0.052166,-0.052716,0.085963,-0.052716,0.265,0.31268,0.10583,0.086068,-0.052166,0.037853,0.10583,0.085963,0.265,0.086068,0.085963,0.21032,-0.052716,0.10583,0.21032,0.21032,0.10583,0.10583,0.31268,0.085963,0.15638,0.19198,0.16339,0.19198,0.11565,0.23303,0.10583,0.265,0.016242,0.11565,0.265,0.037853,0.15638,0.15638,0.19198,0.19198,0.086068,0.21032,0.016242,0.016242,0.21032,0.265,0.31268,0.31268,0.11565,0.10583,-0.052716,0.21828,0.085963,-0.052716,0.23303,0.21828,0.085963,0.21032,0.085963,0.21032,0.16339,0.265,0.21032,0.19198,0.016242,-0.052166,-0.052166,0.10583,0.265,0.23303,0.265,0.31268,0.086068,0.11565,0.16339,0.085963,0.085963,0.11565,0.16339,0.265,0.016242,0.016242,0.15638,0.085963,-0.052716,0.21828,-0.052716,0.10583,0.016242,0.21828,-0.052716,0.016242,0.016242,0.037853,0.31268,0.15638,0.15638,0.21828,0.31268,0.265,-0.052166,-0.052716,-0.052716,0.31268,0.23303,0.265,0.037853,0.16339,-0.052166,0.16339,-0.052166,0.31268,0.16339,0.11565,0.19198,0.19198,0.11565,0.31268,0.11565,0.31268,0.16339,0.10583,0.15638,0.085963,0.037853,-0.052166,0.016242,0.10583,0.265,-0.052166,0.15638,0.11565,0.037853,0.21032,0.10583,0.085963,0.016242,0.265,0.23303,0.037853,0.016242,0.15638,-0.052716,0.15638,0.23303,0.265,0.16339,0.265
0.053067,-0.18464,-0.24965,-0.17345,-0.34672,0.078699,0.1015,-0.42117,0.030077,-0.081175,-0.048459,-0.056536,0.23346,0.053067,-0.42117,-0.048459,-0.34672,-0.34672,-0.36522,-0.048459,0.26574,-0.17345,-0.17345,0.26574,0.078699,-0.18464,-0.056536,0.030077,-0.42117,0.030077,-0.056536,-0.36522,-0.42117,-0.048459,0.26574,-0.36522,-0.048459,-0.24965,0.053067,-0.17345,-0.17345,-0.17345,-0.17345,-0.34672,-0.056536,-0.056536,-0.42117,-0.17345,0.23346,-0.17345,-0.048459,-0.18464,0.053067,0.26574,0.1015,0.26574,-0.42117,-0.2115,-0.081175,0.030077,0.053067,-0.056536,-0.081175,0.1015,-0.42117,0.030077,0.1015,-0.34672,0.26574,-0.081175,-0.34672,-0.34672,-0.081175,-0.081175,-0.2115,0.1015,0.078699,-0.048459,-0.18464,-0.048459,-0.24965,-0.17345,-0.081175,-0.42117,0.23346,-0.24965,-0.42117,-0.056536,0.078699,0.078699,-0.048459,-0.048459,0.030077,-0.34672,0.23346,0.23346,-0.34672,-0.42117,-0.2115,-0.2115,-0.24965,-0.081175,0.26574,-0.36522,0.1015,0.26574,-0.17345,-0.36522,0.1015,-0.34672,0.1015,-0.34672,-0.18464,-0.42117,-0.34672,-0.048459,0.23346,0.053067,0.053067,-0.081175,-0.42117,-0.17345,-0.42117,-0.2115,0.030077,-0.24965,-0.18464,0.1015,0.1015,-0.24965,-0.18464,-0.42117,0.23346,0.23346,0.078699,0.1015,0.26574,-0.36522,0.26574,-0.081175,0.23346,-0.36522,0.26574,0.23346,0.23346,-0.056536,-0.2115,0.078699,0.078699,-0.36522,-0.2115,-0.42117,0.053067,0.26574,0.26574,-0.2115,-0.17345,-0.42117,-0.056536,-0.18464,0.053067,-0.18464,0.053067,-0.2115,-0.18464,-0.24965,-0.048459,-0.048459,-0.24965,-0.2115,-0.24965,-0.2115,-0.18464,-0.081175,0.078699,0.1015,-0.056536,0.053067,0.23346,-0.081175,-0.42117,0.053067,0.078699,-0.24965,-0.056536,-0.34672,-0.081175,0.1015,0.23346,-0.42117,-0.17345,-0.056536,0.23346,0.078699,0.26574,0.078699,-0.17345,-0.42117,-0.18464,-0.42117
0.040846,0.14501,0.11601,0.0085724,0.059777,-0.15916,-0.027242,0.17489,-0.098382,0.206,-0.22955,-0.035783,-0.35016,0.040846,0.17489,-0.22955,0.059777,0.059777,0.16285,-0.22955,-0.23209,0.0085724,0.0085724,-0.23209,-0.15916,0.14501,-0.035783,-0.098382,0.17489,-0.098382,-0.035783,0.16285,0.17489,-0.22955,-0.23209,0.16285,-0.22955,0.11601,0.040846,0.0085724,0.0085724,0.0085724,0.0085724,0.059777,-0.035783,-0.035783,0.17489,0.0085724,-0.35016,0.0085724,-0.22955,0.14501,0.040846,-0.23209,-0.027242,-0.23209,0.17489,-0.066636,0.206,-0.098382,0.040846,-0.035783,0.206,-0.027242,0.17489,-0.098382,-0.027242,0.059777,-0.23209,0.206,0.059777,0.059777,0.206,0.206,-0.066636,-0.027242,-0.15916,-0.22955,0.14501,-0.22955,0.11601,0.0085724,0.206,0.17489,-0.35016,0.11601,0.17489,-0.035783,-0.15916,-0.15916,-0.22955,-0.22955,-0.098382,0.059777,-0.35016,-0.35016,0.059777,0.17489,-0.066636,-0.066636,0.11601,0.206,-0.23209,0.16285,-0.027242,-0.23209,0.0085724,0.16285,-0.027242,0.059777,-0.027242,0.059777,0.14501,0.17489,0.059777,-0.22955,-0.35016,0.040846,0.040846,0.206,0.17489,0.0085724,0.17489,-0.066636,-0.098382,0.11601,0.14501,-0.027242,-0.027242,0.11601,0.14501,0.17489,-0.35016,-0.35016,-0.15916,-0.027242,-0.23209,0.16285,-0.23209,0.206,-0.35016,0.16285,-0.23209,-0.35016,-0.35016,-0.035783,-0.066636,-0.15916,-0.15916,0.16285,-0.066636,0.17489,0.040846,-0.23209,-0.23209,-0.066636,0.0085724,0.17489,-0.035783,0.14501,0.040846,0.14501,0.040846,-0.066636,0.14501,0.11601,-0.22955,-0.22955,0.11601,-0.066636,0.11601,-0.066636,0.14501,0.206,-0.15916,-0.027242,-0.035783,0.040846,-0.35016,0.206,0.17489,0.040846,-0.15916,0.11601,-0.035783,0.059777,0.206,-0.027242,-0.35016,0.17489,0.0085724,-0.035783,-0.35016,-0.15916,-0.23209,-0.15916,0.0085724,0.17489,0.14501,0.17489
-0.051982,-0.084018,-0.15457,0.056671,-0.09508,0.24208,0.16894,-0.19101,0.10478,-0.1037,0.21845,0.015782,0.34247,-0.051982,-0.19101,0.21845,-0.09508,-0.09508,-0.18726,0.21845,0.27071,0.056671,0.056671,0.27071,0.24208,-0.084018,0.015782,0.10478,-0.19101,0.10478,0.015782,-0.18726,-0.19101,0.21845,0.27071,-0.18726,0.21845,-0.15457,-0.051982,0.056671,0.056671,0.056671,0.056671,-0.09508,0.015782,0.015782,-0.19101,0.056671,0.34247,0.056671,0.21845,-0.084018,-0.051982,0.27071,0.16894,0.27071,-0.19101,0.12419,-0.1037,0.10478,-0.051982,0.015782,-0.1037,0.16894,-0.19101,0.10478,0.16894,-0.09508,0.27071,-0.1037,-0.09508,-0.09508,-0.1037,-0.1037,0.12419,0.16894,0.24208,0.21845,-0.084018,0.21845,-0.15457,0.056671,-0.1037,-0.19101,0.34247,-0.15457,-0.19101,0.015782,0.24208,0.24208,0.21845,0.21845,0.10478,-0.09508,0.34247,0.34247,-0.09508,-0.19101,0.12419,0.12419,-0.15457,-0.1037,0.27071,-0.18726,0.16894,0.27071,0.056671,-0.18726,0.16894,-0.09508,0.16894,-0.09508,-0.084018,-0.19101,-0.09508,0.21845,0.34247,-0.051982,-0.051982,-0.1037,-0.19101,0.056671,-0.19101,0.12419,0.10478,-0.15457,-0.084018,0.16894,0.16894,-0.15457,-0.084018,-0.19101,0.34247,0.34247,0.24208,0.16894,0.27071,-0.18726,0.27071,-0.1037,0.34247,-0.18726,0.27071,0.34247,0.34247,0.015782,0.12419,0.24208,0.24208,-0.18726,0.12419,-0.19101,-0.051982,0.27071,0.27071,0.12419,0.056671,-0.19101,0.015782,-0.084018,-0.051982,-0.084018,-0.051982,0.12419,-0.084018,-0.15457,0.21845,0.21845,-0.15457,0.12419,-0.15457,0.12419,-0.084018,-0.1037,0.24208,0.16894,0.015782,-0.051982,0.34247,-0.1037,-0.19101,-0.051982,0.24208,-0.15457,0.015782,-0.09508,-0.1037,0.16894,0.34247,-0.19101,0.056671,0.015782,0.34247,0.24208,0.27071,0.24208,0.056671,-0.19101,-0.084018,-0.19101
-0.071282,0.33973,0.0061734,0.13084,0.037528,0.17666,0.075842,0.34967,-0.17589,0.30095,-0.10262,-0.035432,-0.18212,-0.071282,0.34967,-0.10262,0.037528,0.037528,0.33671,-0.10262,-0.22673,0.13084,0.13084,-0.22673,0.17666,0.33973,-0.035432,-0.17589,0.34967,-0.17589,-0.035432,0.33671,0.34967,-0.10262,-0.22673,0.33671,-0.10262,0.0061734,-0.071282,0.13084,0.13084,0.13084,0.13084,0.037528,-0.035432,-0.035432,0.34967,0.13084,-0.18212,0.13084,-0.10262,0.33973,-0.071282,-0.22673,0.075842,-0.22673,0.34967,0.23123,0.30095,-0.17589,-0.071282,-0.035432,0.30095,0.075842,0.34967,-0.17589,0.075842,0.037528,-0.22673,0.30095,0.037528,0.037528,0.30095,0.30095,0.23123,0.075842,0.17666,-0.10262,0.33973,-0.10262,0.0061734,0.13084,0.30095,0.34967,-0.18212,0.0061734,0.34967,-0.035432,0.17666,0.17666,-0.10262,-0.10262,-0.17589,0.037528,-0.18212,-0.18212,0.037528,0.34967,0.23123,0.23123,0.0061734,0.30095,-0.22673,0.33671,0.075842,-0.22673,0.13084,0.33671,0.075842,0.037528,0.075842,0.037528,0.33973,0.34967,0.037528,-0.10262,-0.18212,-0.071282,-0.071282,0.30095,0.34967,0.13084,0.34967,0.23123,-0.17589,0.0061734,0.33973,0.075842,0.075842,0.0061734,0.33973,0.34967,-0.18212,-0.18212,0.17666,0.075842,-0.22673,0.33671,-0.22673,0.30095,-0.18212,0.33671,-0.22673,-0.18212,-0.18212,-0.035432,0.23123,0.17666,0.17666,0.33671,0.23123,0.34967,-0.071282,-0.22673,-0.22673,0.23123,0.13084,0.34967,-0.035432,0.33973,-0.071282,0.33973,-0.071282,0.23123,0.33973,0.0061734,-0.10262,-0.10262,0.0061734,0.23123,0.0061734,0.23123,0.33973,0.30095,0.17666,0.075842,-0.035432,-0.071282,-0.18212,0.30095,0.34967,-0.071282,0.17666,0.0061734,-0.035432,0.037528,0.30095,0.075842,-0.18212,0.34967,0.13084,-0.035432,-0.18212,0.17666,-0.22673,0.17666,0.13084,0.34967,0.33973,0.34967
0.094379,-0.063297,0.13979,0.098136,0.061725,-0.015243,0.026987,-0.0030846,0.17694,-0.010309,0.10796,0.022902,0.074353,0.094379,-0.0030846,0.10796,0.061725,0.061725,0.06087,0.10796,0.12389,0.098136,0.098136,0.12389,-0.015243,-0.063297,0.022902,0.17694,-0.0030846,0.17694,0.022902,0.06087,-0.0030846,0.10796,0.12389,0.06087,0.10796,0.13979,0.094379,0.098136,0.098136,0.098136,0.098136,0.061725,0.022902,0.022902,-0.0030846,0.098136,0.074353,0.098136,0.10796,-0.063297,0.094379,0.12389,0.026987,0.12389,-0.0030846,0.035986,-0.010309,0.17694,0.094379,0.022902,-0.010309,0.026987,-0.0030846,0.17694,0.026987,0.061725,0.12389,-0.010309,0.061725,0.061725,-0.010309,-0.010309,0.035986,0.026987,-0.015243,0.10796,-0.063297,0.10796,0.13979,0.098136,-0.010309,-0.0030846,0.074353,0.13979,-0.0030846,0.022902,-0.015243,-0.015243,0.10796,0.10796,0.17694,0.061725,0.074353,0.074353,0.061725,-0.0030846,0.035986,0.035986,0.13979,-0.010309,0.12389,0.06087,0.026987,0.12389,0.098136,0.06087,0.026987,0.061725,0.026987,0.061725,-0.063297,-0.0030846,0.061725,0.10796,0.074353,0.094379,0.094379,-0.010309,-0.0030846,0.098136,-0.0030846,0.035986,0.17694,0.13979,-0.063297,0.026987,0.026987,0.13979,-0.063297,-0.0030846,0.074353,0.074353,-0.015243,0.026987,0.12389,0.06087,0.12389,-0.010309,0.074353,0.06087,0.12389,0.074353,0.074353,0.022902,0.035986,-0.015243,-0.015243,0.06087,0.035986,-0.0030846,0.094379,0.12389,0.12389,0.035986,0.098136,-0.0030846,0.022902,-0.063297,0.094379,-0.063297,0.094379,0.035986,-0.063297,0.13979,0.10796,0.10796,0.13979,0.035986,0.13979,0.035986,-0.063297,-0.010309,-0.015243,0.026987,0.022902,0.094379,0.074353,-0.010309,-0.0030846,0.094379,-0.015243,0.13979,0.022902,0.061725,-0.010309,0.026987,0.074353,-0.0030846,0.098136,0.022902,0.074353,-0.015243,0.12389,-0.015243,0.098136,-0.0030846,-0.063297,-0.0030846
0.096933,0.025325,0.22986,0.23377,0.1172,-0.079978,0.11514,0.11924,0.1966,0.14187,-0.0020089,-0.029356,-0.15204,0.096933,0.11924,-0.0020089,0.1172,0.1172,0.17071,-0.0020089,0.01911,0.23377,0.23377,0.01911,-0.079978,0.025325,-0.029356,0.1966,0.11924,0.1966,-0.029356,0.17071,0.11924,-0.0020089,0.01911,0.17071,-0.0020089,0.22986,0.096933,0.23377,0.23377,0.23377,0.23377,0.1172,-0.029356,-0.029356,0.11924,0.23377,-0.15204,0.23377,-0.0020089,0.025325,0.096933,0.01911,0.11514,0.01911,0.11924,0.073141,0.14187,0.1966,0.096933,-0.029356,0.14187,0.11514,0.11924,0.1966,0.11514,0.1172,0.01911,0.14187,0.1172,0.1172,0.14187,0.14187,0.073141,0.11514,-0.079978,-0.0020089,0.025325,-0.0020089,0.22986,0.23377,0.14187,0.11924,-0.15204,0.22986,0.11924,-0.029356,-0.079978,-0.079978,-0.0020089,-0.0020089,0.1966,0.1172,-0.15204,-0.15204,0.1172,0.11924,0.073141,0.073141,0.22986,0.14187,0.01911,0.17071,0.11514,0.01911,0.23377,0.17071,0.11514,0.1172,0.11514,0.1172,0.025325,0.11924,0.1172,-0.0020089,-0.15204,0.096933,0.096933,0.14187,0.11924,0.23377,0.11924,0.073141,0.1966,0.22986,0.025325,0.11514,0.11514,0.22986,0.025325,0.11924,-0.15204,-0.15204,-0.079978,0.11514,0.01911,0.17071,0.01911,0.14187,-0.15204,0.17071,0.01911,-0.15204,-0.15204,-0.029356,0.073141,-0.079978,-0.079978,0.17071,0.073141,0.11924,0.096933,0.01911,0.01911,0.073141,0.23377,0.11924,-0.029356,0.025325,0.096933,0.025325,0.096933,0.073141,0.025325,0.22986,-0.0020089,-0.0020089,0.22986,0.073141,0.22986,0.073141,0.025325,0.14187,-0.079978,0.11514,-0.029356,0.096933,-0.15204,0.14187,0.11924,0.096933,-0.079978,0.22986,-0.029356,0.1172,0.14187,0.11514,-0.15204,0.11924,0.23377,-0.029356,-0.15204,-0.079978,0.01911,-0.079978,0.23377,0.11924,0.025325,0.11924
0.12461,0.21142,0.27501,0.56746,0.18342,0.35031,0.33153,0.35945,0.39121,0.22613,0.3484,0.038524,0.20956,0.12461,0.35945,0.3484,0.18342,0.18342,0.47105,0.3484,0.24503,0.56746,0.56746,0.24503,0.35031,0.21142,0.038524,0.39121,0.35945,0.39121,0.038524,0.47105,0.35945,0.3484,0.24503,0.47105,0.3484,0.27501,0.12461,0.56746,0.56746,0.56746,0.56746,0.18342,0.038524,0.038524,0.35945,0.56746,0.20956,0.56746,0.3484,0.21142,0.12461,0.24503,0.33153,0.24503,0.35945,0.51414,0.22613,0.39121,0.12461,0.038524,0.22613,0.33153,0.35945,0.39121,0.33153,0.18342,0.24503,0.22613,0.18342,0.18342,0.22613,0.22613,0.51414,0.33153,0.35031,0.3484,0.21142,0.3484,0.27501,0.56746,0.22613,0.35945,0.20956,0.27501,0.35945,0.038524,0.35031,0.35031,0.3484,0.3484,0.39121,0.18342,0.20956,0.20956,0.18342,0.35945,0.51414,0.51414,0.27501,0.22613,0.24503,0.47105,0.33153,0.24503,0.56746,0.47105,0.33153,0.18342,0.33153,0.18342,0.21142,0.35945,0.18342,0.3484,0.20956,0.12461,0.12461,0.22613,0.35945,0.56746,0.35945,0.51414,0.39121,0.27501,0.21142,0.33153,0.33153,0.27501,0.21142,0.35945,0.20956,0.20956,0.35031,0.33153,0.24503,0.47105,0.24503,0.22613,0.20956,0.47105,0.24503,0.20956,0.20956,0.038524,0.51414,0.35031,0.35031,0.47105,0.51414,0.35945,0.12461,0.24503,0.24503,0.51414,0.56746,0.35945,0.038524,0.21142,0.12461,0.21142,0.12461,0.51414,0.21142,0.27501,0.3484,0.3484,0.27501,0.51414,0.27501,0.51414,0.21142,0.22613,0.35031,0.33153,0.038524,0.12461,0.20956,0.22613,0.35945,0.12461,0.35031,0.27501,0.038524,0.18342,0.22613,0.33153,0.20956,0.35945,0.56746,0.038524,0.20956,0.35031,0.24503,0.35031,0.56746,0.35945,0.21142,0.35945
-0.055641,0.18456,0.0050086,0.0067877,0.082343,0.011981,-0.057539,0.23446,-0.19715,0.087446,-0.118,0.027411,-0.16282,-0.055641,0.23446,-0.118,0.082343,0.082343,0.1904,-0.118,-0.196,0.0067877,0.0067877,-0.196,0.011981,0.18456,0.027411,-0.19715,0.23446,-0.19715,0.027411,0.1904,0.23446,-0.118,-0.196,0.1904,-0.118,0.0050086,-0.055641,0.0067877,0.0067877,0.0067877,0.0067877,0.082343,0.027411,0.027411,0.23446,0.0067877,-0.16282,0.0067877,-0.118,0.18456,-0.055641,-0.196,-0.057539,-0.196,0.23446,0.070671,0.087446,-0.19715,-0.055641,0.027411,0.087446,-0.057539,0.23446,-0.19715,-0.057539,0.082343,-0.196,0.087446,0.082343,0.082343,0.087446,0.087446,0.070671,-0.057539,0.011981,-0.118,0.18456,-0.118,0.0050086,0.0067877,0.087446,0.23446,-0.16282,0.0050086,0.23446,0.027411,0.011981,0.011981,-0.118,-0.118,-0.19715,0.082343,-0.16282,-0.16282,0.082343,0.23446,0.070671,0.070671,0.0050086,0.087446,-0.196,0.1904,-0.057539,-0.196,0.0067877,0.1904,-0.057539,0.082343,-0.057539,0.082343,0.18456,0.23446,0.082343,-0.118,-0.16282,-0.055641,-0.055641,0.087446,0.23446,0.0067877,0.23446,0.070671,-0.19715,0.0050086,0.18456,-0.057539,-0.057539,0.0050086,0.18456,0.23446,-0.16282,-0.16282,0.011981,-0.057539,-0.196,0.1904,-0.196,0.087446,-0.16282,0.1904,-0.196,-0.16282,-0.16282,0.027411,0.070671,0.011981,0.011981,0.1904,0.070671,0.23446,-0.055641,-0.196,-0.196,0.070671,0.0067877,0.23446,0.027411,0.18456,-0.055641,0.18456,-0.055641,0.070671,0.18456,0.0050086,-0.118,-0.118,0.0050086,0.070671,0.0050086,0.070671,0.18456,0.087446,0.011981,-0.057539,0.027411,-0.055641,-0.16282,0.087446,0.23446,-0.055641,0.011981,0.0050086,0.027411,0.082343,0.087446,-0.057539,-0.16282,0.23446,0.0067877,0.027411,-0.16282,0.011981,-0.196,0.011981,0.0067877,0.23446,0.18456,0.23446
0.32236,-0.16813,0.12137,-0.04474,-0.17923,-0.1897,0.12752,-0.33332,0.13328,0.1011,-0.21234,0.030125,-0.031268,0.32236,-0.33332,-0.21234,-0.17923,-0.17923,-0.11061,-0.21234,0.25934,-0.04474,-0.04474,0.25934,-0.1897,-0.16813,0.030125,0.13328,-0.33332,0.13328,0.030125,-0.11061,-0.33332,-0.21234,0.25934,-0.11061,-0.21234,0.12137,0.32236,-0.04474,-0.04474,-0.04474,-0.04474,-0.17923,0.030125,0.030125,-0.33332,-0.04474,-0.031268,-0.04474,-0.21234,-0.16813,0.32236,0.25934,0.12752,0.25934,-0.33332,-0.36284,0.1011,0.13328,0.32236,0.030125,0.1011,0.12752,-0.33332,0.13328,0.12752,-0.17923,0.25934,0.1011,-0.17923,-0.17923,0.1011,0.1011,-0.36284,0.12752,-0.1897,-0.21234,-0.16813,-0.21234,0.12137,-0.04474,0.1011,-0.33332,-0.031268,0.12137,-0.33332,0.030125,-0.1897,-0.1897,-0.21234,-0.21234,0.13328,-0.17923,-0.031268,-0.031268,-0.17923,-0.33332,-0.36284,-0.36284,0.12137,0.1011,0.25934,-0.11061,0.12752,0.25934,-0.04474,-0.11061,0.12752,-0.17923,0.12752,-0.17923,-0.16813,-0.33332,-0.17923,-0.21234,-0.031268,0.32236,0.32236,0.1011,-0.33332,-0.04474,-0.33332,-0.36284,0.13328,0.12137,-0.16813,0.12752,0.12752,0.12137,-0.16813,-0.33332,-0.031268,-0.031268,-0.1897,0.12752,0.25934,-0.11061,0.25934,0.1011,-0.031268,-0.11061,0.25934,-0.031268,-0.031268,0.030125,-0.36284,-0.1897,-0.1897,-0.11061,-0.36284,-0.33332,0.32236,0.25934,0.25934,-0.36284,-0.04474,-0.33332,0.030125,-0.16813,0.32236,-0.16813,0.32236,-0.36284,-0.16813,0.12137,-0.21234,-0.21234,0.12137,-0.36284,0.12137,-0.36284,-0.16813,0.1011,-0.1897,0.12752,0.030125,0.32236,-0.031268,0.1011,-0.33332,0.32236,-0.1897,0.12137,0.030125,-0.17923,0.1011,0.12752,-0.031268,-0.33332,-0.04474,0.030125,-0.031268,-0.1897,0.25934,-0.1897,-0.04474,-0.33332,-0.16813,-0.33332
-0.13278,-0.09973,-0.15567,-0.39466,-0.097455,-0.23163,-0.36342,-0.13442,-0.26513,-0.13843,-0.21079,-0.053374,-0.1672,-0.13278,-0.13442,-0.21079,-0.097455,-0.097455,-0.19417,-0.21079,-0.27822,-0.39466,-0.39466,-0.27822,-0.23163,-0.09973,-0.053374,-0.26513,-0.13442,-0.26513,-0.053374,-0.19417,-0.13442,-0.21079,-0.27822,-0.19417,-0.21079,-0.15567,-0.13278,-0.39466,-0.39466,-0.39466,-0.39466,-0.097455,-0.053374,-0.053374,-0.13442,-0.39466,-0.1672,-0.39466,-0.21079,-0.09973,-0.13278,-0.27822,-0.36342,-0.27822,-0.13442,-0.2916,-0.13843,-0.26513,-0.13278,-0.053374,-0.13843,-0.36342,-0.13442,-0.26513,-0.36342,-0.097455,-0.27822,-0.13843,-0.097455,-0.097455,-0.13843,-0.13843,-0.2916,-0.36342,-0.23163,-0.21079,-0.09973,-0.21079,-0.15567,-0.39466,-0.13843,-0.13442,-0.1672,-0.15567,-0.13442,-0.053374,-0.23163,-0.23163,-0.21079,-0.21079,-0.26513,-0.097455,-0.1672,-0.1672,-0.097455,-0.13442,-0.2916,-0.2916,-0.15567,-0.13843,-0.27822,-0.19417,-0.36342,-0.27822,-0.39466,-0.19417,-0.36342,-0.097455,-0.36342,-0.097455,-0.09973,-0.13442,-0.097455,-0.21079,-0.1672,-0.13278,-0.13278,-0.13843,-0.13442,-0.39466,-0.13442,-0.2916,-0.26513,-0.15567,-0.09973,-0.36342,-0.36342,-0.15567,-0.09973,-0.13442,-0.1672,-0.1672,-0.23163,-0.36342,-0.27822,-0.19417,-0.27822,-0.13843,-0.1672,-0.19417,-0.27822,-0.1672,-0.1672,-0.053374,-0.2916,-0.23163,-0.23163,-0.19417,-0.2916,-0.13442,-0.13278,-0.27822,-0.27822,-0.2916,-0.39466,-0.13442,-0.053374,-0.09973,-0.13278,-0.09973,-0.13278,-0.2916,-0.09973,-0.15567,-0.21079,-0.21079,-0.15567,-0.2916,-0.15567,-0.2916,-0.09973,-0.13843,-0.23163,-0.36342,-0.053374,-0.13278,-0.1672,-0.13843,-0.13442,-0.13278,-0.23163,-0.15567,-0.053374,-0.097455,-0.13843,-0.36342,-0.1672,-0.13442,-0.39466,-0.053374,-0.1672,-0.23163,-0.27822,-0.23163,-0.39466,-0.13442,-0.09973,-0.13442
-0.13585,0.064605,0.038208,-0.030527,0.1239,-0.10823,-0.15592,0.19367,-0.13255,-0.0048925,-0.044136,-0.075388,-0.24839,-0.13585,0.19367,-0.044136,0.1239,0.1239,0.097712,-0.044136,-0.29654,-0.030527,-0.030527,-0.29654,-0.10823,0.064605,-0.075388,-0.13255,0.19367,-0.13255,-0.075388,0.097712,0.19367,-0.044136,-0.29654,0.097712,-0.044136,0.038208,-0.13585,-0.030527,-0.030527,-0.030527,-0.030527,0.1239,-0.075388,-0.075388,0.19367,-0.030527,-0.24839,-0.030527,-0.044136,0.064605,-0.13585,-0.29654,-0.15592,-0.29654,0.19367,0.0726,-0.0048925,-0.13255,-0.13585,-0.075388,-0.0048925,-0.15592,0.19367,-0.13255,-0.15592,0.1239,-0.29654,-0.0048925,0.1239,0.1239,-0.0048925,-0.0048925,0.0726,-0.15592,-0.10823,-0.044136,0.064605,-0.044136,0.038208,-0.030527,-0.0048925,0.19367,-0.24839,0.038208,0.19367,-0.075388,-0.10823,-0.10823,-0.044136,-0.044136,-0.13255,0.1239,-0.24839,-0.24839,0.1239,0.19367,0.0726,0.0726,0.038208,-0.0048925,-0.29654,0.097712,-0.15592,-0.29654,-0.030527,0.097712,-0.15592,0.1239,-0.15592,0.1239,0.064605,0.19367,0.1239,-0.044136,-0.24839,-0.13585,-0.13585,-0.0048925,0.19367,-0.030527,0.19367,0.0726,-0.13255,0.038208,0.064605,-0.15592,-0.15592,0.038208,0.064605,0.19367,-0.24839,-0.24839,-0.10823,-0.15592,-0.29654,0.097712,-0.29654,-0.0048925,-0.24839,0.097712,-0.29654,-0.24839,-0.24839,-0.075388,0.0726,-0.10823,-0.10823,0.097712,0.0726,0.19367,-0.13585,-0.29654,-0.29654,0.0726,-0.030527,0.19367,-0.075388,0.064605,-0.13585,0.064605,-0.13585,0.0726,0.064605,0.038208,-0.044136,-0.044136,0.038208,0.0726,0.038208,0.0726,0.064605,-0.0048925,-0.10823,-0.15592,-0.075388,-0.13585,-0.24839,-0.0048925,0.19367,-0.13585,-0.10823,0.038208,-0.075388,0.1239,-0.0048925,-0.15592,-0.24839,0.19367,-0.030527,-0.075388,-0.24839,-0.10823,-0.29654,-0.10823,-0.030527,0.19367,0.064605,0.19367
-0.093886,-0.15353,-0.12577,-0.14233,-0.1659,-0.13698,-0.12066,-0.18306,-0.049246,-0.14825,-0.13744,-0.12412,-0.095609,-0.093886,-0.18306,-0.13744,-0.1659,-0.1659,-0.2103,-0.13744,-0.071948,-0.14233,-0.14233,-0.071948,-0.13698,-0.15353,-0.12412,-0.049246,-0.18306,-0.049246,-0.12412,-0.2103,-0.18306,-0.13744,-0.071948,-0.2103,-0.13744,-0.12577,-0.093886,-0.14233,-0.14233,-0.14233,-0.14233,-0.1659,-0.12412,-0.12412,-0.18306,-0.14233,-0.095609,-0.14233,-0.13744,-0.15353,-0.093886,-0.071948,-0.12066,-0.071948,-0.18306,-0.18103,-0.14825,-0.049246,-0.093886,-0.12412,-0.14825,-0.12066,-0.18306,-0.049246,-0.12066,-0.1659,-0.071948,-0.14825,-0.1659,-0.1659,-0.14825,-0.14825,-0.18103,-0.12066,-0.13698,-0.13744,-0.15353,-0.13744,-0.12577,-0.14233,-0.14825,-0.18306,-0.095609,-0.12577,-0.18306,-0.12412,-0.13698,-0.13698,-0.13744,-0.13744,-0.049246,-0.1659,-0.095609,-0.095609,-0.1659,-0.18306,-0.18103,-0.18103,-0.12577,-0.14825,-0.071948,-0.2103,-0.12066,-0.071948,-0.14233,-0.2103,-0.12066,-0.1659,-0.12066,-0.1659,-0.15353,-0.18306,-0.1659,-0.13744,-0.095609,-0.093886,-0.093886,-0.14825,-0.18306,-0.14233,-0.18306,-0.18103,-0.049246,-0.12577,-0.15353,-0.12066,-0.12066,-0.12577,-0.15353,-0.18306,-0.095609,-0.095609,-0.13698,-0.12066,-0.071948,-0.2103,-0.071948,-0.14825,-0.095609,-0.2103,-0.071948,-0.095609,-0.095609,-0.12412,-0.18103,-0.13698,-0.13698,-0.2103,-0.18103,-0.18306,-0.093886,-0.071948,-0.071948,-0.18103,-0.14233,-0.18306,-0.12412,-0.15353,-0.093886,-0.15353,-0.093886,-0.18103,-0.15353,-0.12577,-0.13744,-0.13744,-0.12577,-0.18103,-0.12577,-0.18103,-0.15353,-0.14825,-0.13698,-0.12066,-0.12412,-0.093886,-0.095609,-0.14825,-0.18306,-0.093886,-0.13698,-0.12577,-0.12412,-0.1659,-0.14825,-0.12066,-0.095609,-0.18306,-0.14233,-0.12412,-0.095609,-0.13698,-0.071948,-0.13698,-0.14233,-0.18306,-0.15353,-0.18306
-0.062179,-0.27154,-0.19208,-0.10726,-0.22262,-0.03813,0.022659,-0.37945,0.040862,-0.21811,-0.0099989,-0.076517,0.123,-0.062179,-0.37945,-0.0099989,-0.22262,-0.22262,-0.34726,-0.0099989,0.15752,-0.10726,-0.10726,0.15752,-0.03813,-0.27154,-0.076517,0.040862,-0.37945,0.040862,-0.076517,-0.34726,-0.37945,-0.0099989,0.15752,-0.34726,-0.0099989,-0.19208,-0.062179,-0.10726,-0.10726,-0.10726,-0.10726,-0.22262,-0.076517,-0.076517,-0.37945,-0.10726,0.123,-0.10726,-0.0099989,-0.27154,-0.062179,0.15752,0.022659,0.15752,-0.37945,-0.18382,-0.21811,0.040862,-0.062179,-0.076517,-0.21811,0.022659,-0.37945,0.040862,0.022659,-0.22262,0.15752,-0.21811,-0.22262,-0.22262,-0.21811,-0.21811,-0.18382,0.022659,-0.03813,-0.0099989,-0.27154,-0.0099989,-0.19208,-0.10726,-0.21811,-0.37945,0.123,-0.19208,-0.37945,-0.076517,-0.03813,-0.03813,-0.0099989,-0.0099989,0.040862,-0.22262,0.123,0.123,-0.22262,-0.37945,-0.18382,-0.18382,-0.19208,-0.21811,0.15752,-0.34726,0.022659,0.15752,-0.10726,-0.34726,0.022659,-0.22262,0.022659,-0.22262,-0.27154,-0.37945,-0.22262,-0.0099989,0.123,-0.062179,-0.062179,-0.21811,-0.37945,-0.10726,-0.37945,-0.18382,0.040862,-0.19208,-0.27154,0.022659,0.022659,-0.19208,-0.27154,-0.37945,0.123,0.123,-0.03813,0.022659,0.15752,-0.34726,0.15752,-0.21811,0.123,-0.34726,0.15752,0.123,0.123,-0.076517,-0.18382,-0.03813,-0.03813,-0.34726,-0.18382,-0.37945,-0.062179,0.15752,0.15752,-0.18382,-0.10726,-0.37945,-0.076517,-0.27154,-0.062179,-0.27154,-0.062179,-0.18382,-0.27154,-0.19208,-0.0099989,-0.0099989,-0.19208,-0.18382,-0.19208,-0.18382,-0.27154,-0.21811,-0.03813,0.022659,-0.076517,-0.062179,0.123,-0.21811,-0.37945,-0.062179,-0.03813,-0.19208,-0.076517,-0.22262,-0.21811,0.022659,0.123,-0.37945,-0.10726,-0.076517,0.123,-0.03813,0.15752,-0.03813,-0.10726,-0.37945,-0.27154,-0.37945
-0.54568,0.4305,-0.12898,-0.20618,0.30711,-0.15548,-0.54595,0.68581,-0.69467,0.014482,-0.2879,-0.076755,-0.68147,-0.54568,0.68581,-0.2879,0.30711,0.30711,0.3485,-0.2879,-1.0035,-0.20618,-0.20618,-1.0035,-0.15548,0.4305,-0.076755,-0.69467,0.68581,-0.69467,-0.076755,0.3485,0.68581,-0.2879,-1.0035,0.3485,-0.2879,-0.12898,-0.54568,-0.20618,-0.20618,-0.20618,-0.20618,0.30711,-0.076755,-0.076755,0.68581,-0.20618,-0.68147,-0.20618,-0.2879,0.4305,-0.54568,-1.0035,-0.54595,-1.0035,0.68581,0.18223,0.014482,-0.69467,-0.54568,-0.076755,0.014482,-0.54595,0.68581,-0.69467,-0.54595,0.30711,-1.0035,0.014482,0.30711,0.30711,0.014482,0.014482,0.18223,-0.54595,-0.15548,-0.2879,0.4305,-0.2879,-0.12898,-0.20618,0.014482,0.68581,-0.68147,-0.12898,0.68581,-0.076755,-0.15548,-0.15548,-0.2879,-0.2879,-0.69467,0.30711,-0.68147,-0.68147,0.30711,0.68581,0.18223,0.18223,-0.12898,0.014482,-1.0035,0.3485,-0.54595,-1.0035,-0.20618,0.3485,-0.54595,0.30711,-0.54595,0.30711,0.4305,0.68581,0.30711,-0.2879,-0.68147,-0.54568,-0.54568,0.014482,0.68581,-0.20618,0.68581,0.18223,-0.69467,-0.12898,0.4305,-0.54595,-0.54595,-0.12898,0.4305,0.68581,-0.68147,-0.68147,-0.15548,-0.54595,-1.0035,0.3485,-1.0035,0.014482,-0.68147,0.3485,-1.0035,-0.68147,-0.68147,-0.076755,0.18223,-0.15548,-0.15548,0.3485,0.18223,0.68581,-0.54568,-1.0035,-1.0035,0.18223,-0.20618,0.68581,-0.076755,0.4305,-0.54568,0.4305,-0.54568,0.18223,0.4305,-0.12898,-0.2879,-0.2879,-0.12898,0.18223,-0.12898,0.18223,0.4305,0.014482,-0.15548,-0.54595,-0.076755,-0.54568,-0.68147,0.014482,0.68581,-0.54568,-0.15548,-0.12898,-0.076755,0.30711,0.014482,-0.54595,-0.68147,0.68581,-0.20618,-0.076755,-0.68147,-0.15548,-1.0035,-0.15548,-0.20618,0.68581,0.4305,0.68581
-0.12465,-0.19411,-0.20729,-0.16583,-0.12957,0.020689,-0.091297,-0.23437,-0.022998,-0.25653,0.10592,-0.040651,0.17185,-0.12465,-0.23437,0.10592,-0.12957,-0.12957,-0.28741,0.10592,0.045603,-0.16583,-0.16583,0.045603,0.020689,-0.19411,-0.040651,-0.022998,-0.23437,-0.022998,-0.040651,-0.28741,-0.23437,0.10592,0.045603,-0.28741,0.10592,-0.20729,-0.12465,-0.16583,-0.16583,-0.16583,-0.16583,-0.12957,-0.040651,-0.040651,-0.23437,-0.16583,0.17185,-0.16583,0.10592,-0.19411,-0.12465,0.045603,-0.091297,0.045603,-0.23437,-0.072258,-0.25653,-0.022998,-0.12465,-0.040651,-0.25653,-0.091297,-0.23437,-0.022998,-0.091297,-0.12957,0.045603,-0.25653,-0.12957,-0.12957,-0.25653,-0.25653,-0.072258,-0.091297,0.020689,0.10592,-0.19411,0.10592,-0.20729,-0.16583,-0.25653,-0.23437,0.17185,-0.20729,-0.23437,-0.040651,0.020689,0.020689,0.10592,0.10592,-0.022998,-0.12957,0.17185,0.17185,-0.12957,-0.23437,-0.072258,-0.072258,-0.20729,-0.25653,0.045603,-0.28741,-0.091297,0.045603,-0.16583,-0.28741,-0.091297,-0.12957,-0.091297,-0.12957,-0.19411,-0.23437,-0.12957,0.10592,0.17185,-0.12465,-0.12465,-0.25653,-0.23437,-0.16583,-0.23437,-0.072258,-0.022998,-0.20729,-0.19411,-0.091297,-0.091297,-0.20729,-0.19411,-0.23437,0.17185,0.17185,0.020689,-0.091297,0.045603,-0.28741,0.045603,-0.25653,0.17185,-0.28741,0.045603,0.17185,0.17185,-0.040651,-0.072258,0.020689,0.020689,-0.28741,-0.072258,-0.23437,-0.12465,0.045603,0.045603,-0.072258,-0.16583,-0.23437,-0.040651,-0.19411,-0.12465,-0.19411,-0.12465,-0.072258,-0.19411,-0.20729,0.10592,0.10592,-0.20729,-0.072258,-0.20729,-0.072258,-0.19411,-0.25653,0.020689,-0.091297,-0.040651,-0.12465,0.17185,-0.25653,-0.23437,-0.12465,0.020689,-0.20729,-0.040651,-0.12957,-0.25653,-0.091297,0.17185,-0.23437,-0.16583,-0.040651,0.17185,0.020689,0.045603,0.020689,-0.16583,-0.23437,-0.19411,-0.23437
-0.058277,-0.24732,-0.35793,-0.14891,-0.33382,0.17309,0.107,-0.4652,0.081387,-0.25374,0.091827,-0.021332,0.41583,-0.058277,-0.4652,0.091827,-0.33382,-0.33382,-0.4948,0.091827,0.33731,-0.14891,-0.14891,0.33731,0.17309,-0.24732,-0.021332,0.081387,-0.4652,0.081387,-0.021332,-0.4948,-0.4652,0.091827,0.33731,-0.4948,0.091827,-0.35793,-0.058277,-0.14891,-0.14891,-0.14891,-0.14891,-0.33382,-0.021332,-0.021332,-0.4652,-0.14891,0.41583,-0.14891,0.091827,-0.24732,-0.058277,0.33731,0.107,0.33731,-0.4652,-0.13662,-0.25374,0.081387,-0.058277,-0.021332,-0.25374,0.107,-0.4652,0.081387,0.107,-0.33382,0.33731,-0.25374,-0.33382,-0.33382,-0.25374,-0.25374,-0.13662,0.107,0.17309,0.091827,-0.24732,0.091827,-0.35793,-0.14891,-0.25374,-0.4652,0.41583,-0.35793,-0.4652,-0.021332,0.17309,0.17309,0.091827,0.091827,0.081387,-0.33382,0.41583,0.41583,-0.33382,-0.4652,-0.13662,-0.13662,-0.35793,-0.25374,0.33731,-0.4948,0.107,0.33731,-0.14891,-0.4948,0.107,-0.33382,0.107,-0.33382,-0.24732,-0.4652,-0.33382,0.091827,0.41583,-0.058277,-0.058277,-0.25374,-0.4652,-0.14891,-0.4652,-0.13662,0.081387,-0.35793,-0.24732,0.107,0.107,-0.35793,-0.24732,-0.4652,0.41583,0.41583,0.17309,0.107,0.33731,-0.4948,0.33731,-0.25374,0.41583,-0.4948,0.33731,0.41583,0.41583,-0.021332,-0.13662,0.17309,0.17309,-0.4948,-0.13662,-0.4652,-0.058277,0.33731,0.33731,-0.13662,-0.14891,-0.4652,-0.021332,-0.24732,-0.058277,-0.24732,-0.058277,-0.13662,-0.24732,-0.35793,0.091827,0.091827,-0.35793,-0.13662,-0.35793,-0.13662,-0.24732,-0.25374,0.17309,0.107,-0.021332,-0.058277,0.41583,-0.25374,-0.4652,-0.058277,0.17309,-0.35793,-0.021332,-0.33382,-0.25374,0.107,0.41583,-0.4652,-0.14891,-0.021332,0.41583,0.17309,0.33731,0.17309,-0.14891,-0.4652,-0.24732,-0.4652
-0.011749,-0.041734,0.0015916,0.14419,0.047046,0.13922,0.11767,0.024371,0.20061,-0.10812,0.24249,0.014406,0.22888,-0.011749,0.024371,0.24249,0.047046,0.047046,-0.033131,0.24249,0.17955,0.14419,0.14419,0.17955,0.13922,-0.041734,0.014406,0.20061,0.024371,0.20061,0.014406,-0.033131,0.024371,0.24249,0.17955,-0.033131,0.24249,0.0015916,-0.011749,0.14419,0.14419,0.14419,0.14419,0.047046,0.014406,0.014406,0.024371,0.14419,0.22888,0.14419,0.24249,-0.041734,-0.011749,0.17955,0.11767,0.17955,0.024371,0.16192,-0.10812,0.20061,-0.011749,0.014406,-0.10812,0.11767,0.024371,0.20061,0.11767,0.047046,0.17955,-0.10812,0.047046,0.047046,-0.10812,-0.10812,0.16192,0.11767,0.13922,0.24249,-0.041734,0.24249,0.0015916,0.14419,-0.10812,0.024371,0.22888,0.0015916,0.024371,0.014406,0.13922,0.13922,0.24249,0.24249,0.20061,0.047046,0.22888,0.22888,0.047046,0.024371,0.16192,0.16192,0.0015916,-0.10812,0.17955,-0.033131,0.11767,0.17955,0.14419,-0.033131,0.11767,0.047046,0.11767,0.047046,-0.041734,0.024371,0.047046,0.24249,0.22888,-0.011749,-0.011749,-0.10812,0.024371,0.14419,0.024371,0.16192,0.20061,0.0015916,-0.041734,0.11767,0.11767,0.0015916,-0.041734,0.024371,0.22888,0.22888,0.13922,0.11767,0.17955,-0.033131,0.17955,-0.10812,0.22888,-0.033131,0.17955,0.22888,0.22888,0.014406,0.16192,0.13922,0.13922,-0.033131,0.16192,0.024371,-0.011749,0.17955,0.17955,0.16192,0.14419,0.024371,0.014406,-0.041734,-0.011749,-0.041734,-0.011749,0.16192,-0.041734,0.0015916,0.24249,0.24249,0.0015916,0.16192,0.0015916,0.16192,-0.041734,-0.10812,0.13922,0.11767,0.014406,-0.011749,0.22888,-0.10812,0.024371,-0.011749,0.13922,0.0015916,0.014406,0.047046,-0.10812,0.11767,0.22888,0.024371,0.14419,0.014406,0.22888,0.13922,0.17955,0.13922,0.14419,0.024371,-0.041734,0.024371
0.17432,0.14229,0.076591,0.020112,-0.044565,0.041585,0.11664,0.060266,0.0085739,0.26114,-0.11597,0.031769,-0.036837,0.17432,0.060266,-0.11597,-0.044565,-0.044565,0.12688,-0.11597,0.044147,0.020112,0.020112,0.044147,0.041585,0.14229,0.031769,0.0085739,0.060266,0.0085739,0.031769,0.12688,0.060266,-0.11597,0.044147,0.12688,-0.11597,0.076591,0.17432,0.020112,0.020112,0.020112,0.020112,-0.044565,0.031769,0.031769,0.060266,0.020112,-0.036837,0.020112,-0.11597,0.14229,0.17432,0.044147,0.11664,0.044147,0.060266,-0.041371,0.26114,0.0085739,0.17432,0.031769,0.26114,0.11664,0.060266,0.0085739,0.11664,-0.044565,0.044147,0.26114,-0.044565,-0.044565,0.26114,0.26114,-0.041371,0.11664,0.041585,-0.11597,0.14229,-0.11597,0.076591,0.020112,0.26114,0.060266,-0.036837,0.076591,0.060266,0.031769,0.041585,0.041585,-0.11597,-0.11597,0.0085739,-0.044565,-0.036837,-0.036837,-0.044565,0.060266,-0.041371,-0.041371,0.076591,0.26114,0.044147,0.12688,0.11664,0.044147,0.020112,0.12688,0.11664,-0.044565,0.11664,-0.044565,0.14229,0.060266,-0.044565,-0.11597,-0.036837,0.17432,0.17432,0.26114,0.060266,0.020112,0.060266,-0.041371,0.0085739,0.076591,0.14229,0.11664,0.11664,0.076591,0.14229,0.060266,-0.036837,-0.036837,0.041585,0.11664,0.044147,0.12688,0.044147,0.26114,-0.036837,0.12688,0.044147,-0.036837,-0.036837,0.031769,-0.041371,0.041585,0.041585,0.12688,-0.041371,0.060266,0.17432,0.044147,0.044147,-0.041371,0.020112,0.060266,0.031769,0.14229,0.17432,0.14229,0.17432,-0.041371,0.14229,0.076591,-0.11597,-0.11597,0.076591,-0.041371,0.076591,-0.041371,0.14229,0.26114,0.041585,0.11664,0.031769,0.17432,-0.036837,0.26114,0.060266,0.17432,0.041585,0.076591,0.031769,-0.044565,0.26114,0.11664,-0.036837,0.060266,0.020112,0.031769,-0.036837,0.041585,0.044147,0.041585,0.020112,0.060266,0.14229,0.060266
0.15808,-0.025697,0.33673,0.094172,0.20681,-0.21139,-0.093425,0.13119,0.16951,0.081461,0.038234,0.020046,-0.14079,0.15808,0.13119,0.038234,0.20681,0.20681,0.22882,0.038234,-0.021517,0.094172,0.094172,-0.021517,-0.21139,-0.025697,0.020046,0.16951,0.13119,0.16951,0.020046,0.22882,0.13119,0.038234,-0.021517,0.22882,0.038234,0.33673,0.15808,0.094172,0.094172,0.094172,0.094172,0.20681,0.020046,0.020046,0.13119,0.094172,-0.14079,0.094172,0.038234,-0.025697,0.15808,-0.021517,-0.093425,-0.021517,0.13119,-0.0073352,0.081461,0.16951,0.15808,0.020046,0.081461,-0.093425,0.13119,0.16951,-0.093425,0.20681,-0.021517,0.081461,0.20681,0.20681,0.081461,0.081461,-0.0073352,-0.093425,-0.21139,0.038234,-0.025697,0.038234,0.33673,0.094172,0.081461,0.13119,-0.14079,0.33673,0.13119,0.020046,-0.21139,-0.21139,0.038234,0.038234,0.16951,0.20681,-0.14079,-0.14079,0.20681,0.13119,-0.0073352,-0.0073352,0.33673,0.081461,-0.021517,0.22882,-0.093425,-0.021517,0.094172,0.22882,-0.093425,0.20681,-0.093425,0.20681,-0.025697,0.13119,0.20681,0.038234,-0.14079,0.15808,0.15808,0.081461,0.13119,0.094172,0.13119,-0.0073352,0.16951,0.33673,-0.025697,-0.093425,-0.093425,0.33673,-0.025697,0.13119,-0.14079,-0.14079,-0.21139,-0.093425,-0.021517,0.22882,-0.021517,0.081461,-0.14079,0.22882,-0.021517,-0.14079,-0.14079,0.020046,-0.0073352,-0.21139,-0.21139,0.22882,-0.0073352,0.13119,0.15808,-0.021517,-0.021517,-0.0073352,0.094172,0.13119,0.020046,-0.025697,0.15808,-0.025697,0.15808,-0.0073352,-0.025697,0.33673,0.038234,0.038234,0.33673,-0.0073352,0.33673,-0.0073352,-0.025697,0.081461,-0.21139,-0.093425,0.020046,0.15808,-0.14079,0.081461,0.13119,0.15808,-0.21139,0.33673,0.020046,0.20681,0.081461,-0.093425,-0.14079,0.13119,0.094172,0.020046,-0.14079,-0.21139,-0.021517,-0.21139,0.094172,0.13119,-0.025697,0.13119
0.1338,0.044928,-0.024574,-0.23182,-0.14804,-0.15319,-0.083666,-0.074645,-0.19936,0.13428,-0.30213,0.019639,-0.18838,0.1338,-0.074645,-0.30213,-0.14804,-0.14804,-0.0029823,-0.30213,-0.092555,-0.23182,-0.23182,-0.092555,-0.15319,0.044928,0.019639,-0.19936,-0.074645,-0.19936,0.019639,-0.0029823,-0.074645,-0.30213,-0.092555,-0.0029823,-0.30213,-0.024574,0.1338,-0.23182,-0.23182,-0.23182,-0.23182,-0.14804,0.019639,0.019639,-0.074645,-0.23182,-0.18838,-0.23182,-0.30213,0.044928,0.1338,-0.092555,-0.083666,-0.092555,-0.074645,-0.29424,0.13428,-0.19936,0.1338,0.019639,0.13428,-0.083666,-0.074645,-0.19936,-0.083666,-0.14804,-0.092555,0.13428,-0.14804,-0.14804,0.13428,0.13428,-0.29424,-0.083666,-0.15319,-0.30213,0.044928,-0.30213,-0.024574,-0.23182,0.13428,-0.074645,-0.18838,-0.024574,-0.074645,0.019639,-0.15319,-0.15319,-0.30213,-0.30213,-0.19936,-0.14804,-0.18838,-0.18838,-0.14804,-0.074645,-0.29424,-0.29424,-0.024574,0.13428,-0.092555,-0.0029823,-0.083666,-0.092555,-0.23182,-0.0029823,-0.083666,-0.14804,-0.083666,-0.14804,0.044928,-0.074645,-0.14804,-0.30213,-0.18838,0.1338,0.1338,0.13428,-0.074645,-0.23182,-0.074645,-0.29424,-0.19936,-0.024574,0.044928,-0.083666,-0.083666,-0.024574,0.044928,-0.074645,-0.18838,-0.18838,-0.15319,-0.083666,-0.092555,-0.0029823,-0.092555,0.13428,-0.18838,-0.0029823,-0.092555,-0.18838,-0.18838,0.019639,-0.29424,-0.15319,-0.15319,-0.0029823,-0.29424,-0.074645,0.1338,-0.092555,-0.092555,-0.29424,-0.23182,-0.074645,0.019639,0.044928,0.1338,0.044928,0.1338,-0.29424,0.044928,-0.024574,-0.30213,-0.30213,-0.024574,-0.29424,-0.024574,-0.29424,0.044928,0.13428,-0.15319,-0.083666,0.019639,0.1338,-0.18838,0.13428,-0.074645,0.1338,-0.15319,-0.024574,0.019639,-0.14804,0.13428,-0.083666,-0.18838,-0.074645,-0.23182,0.019639,-0.18838,-0.15319,-0.092555,-0.15319,-0.23182,-0.074645,0.044928,-0.074645
0.010079,0.19513,0.27232,-0.14353,0.33327,-0.38429,-0.34271,0.39693,-0.25102,0.11378,-0.26156,0.075261,-0.54438,0.010079,0.39693,-0.26156,0.33327,0.33327,0.28859,-0.26156,-0.49524,-0.14353,-0.14353,-0.49524,-0.38429,0.19513,0.075261,-0.25102,0.39693,-0.25102,0.075261,0.28859,0.39693,-0.26156,-0.49524,0.28859,-0.26156,0.27232,0.010079,-0.14353,-0.14353,-0.14353,-0.14353,0.33327,0.075261,0.075261,0.39693,-0.14353,-0.54438,-0.14353,-0.26156,0.19513,0.010079,-0.49524,-0.34271,-0.49524,0.39693,-0.12425,0.11378,-0.25102,0.010079,0.075261,0.11378,-0.34271,0.39693,-0.25102,-0.34271,0.33327,-0.49524,0.11378,0.33327,0.33327,0.11378,0.11378,-0.12425,-0.34271,-0.38429,-0.26156,0.19513,-0.26156,0.27232,-0.14353,0.11378,0.39693,-0.54438,0.27232,0.39693,0.075261,-0.38429,-0.38429,-0.26156,-0.26156,-0.25102,0.33327,-0.54438,-0.54438,0.33327,0.39693,-0.12425,-0.12425,0.27232,0.11378,-0.49524,0.28859,-0.34271,-0.49524,-0.14353,0.28859,-0.34271,0.33327,-0.34271,0.33327,0.19513,0.39693,0.33327,-0.26156,-0.54438,0.010079,0.010079,0.11378,0.39693,-0.14353,0.39693,-0.12425,-0.25102,0.27232,0.19513,-0.34271,-0.34271,0.27232,0.19513,0.39693,-0.54438,-0.54438,-0.38429,-0.34271,-0.49524,0.28859,-0.49524,0.11378,-0.54438,0.28859,-0.49524,-0.54438,-0.54438,0.075261,-0.12425,-0.38429,-0.38429,0.28859,-0.12425,0.39693,0.010079,-0.49524,-0.49524,-0.12425,-0.14353,0.39693,0.075261,0.19513,0.010079,0.19513,0.010079,-0.12425,0.19513,0.27232,-0.26156,-0.26156,0.27232,-0.12425,0.27232,-0.12425,0.19513,0.11378,-0.38429,-0.34271,0.075261,0.010079,-0.54438,0.11378,0.39693,0.010079,-0.38429,0.27232,0.075261,0.33327,0.11378,-0.34271,-0.54438,0.39693,-0.14353,0.075261,-0.54438,-0.38429,-0.49524,-0.38429,-0.14353,0.39693,0.19513,0.39693
0.27473,-0.11992,-0.041957,-0.18926,-0.34113,-0.1565,0.07511,-0.37395,-0.05599,0.12166,-0.36281,0.0077344,-0.061257,0.27473,-0.37395,-0.36281,-0.34113,-0.34113,-0.14687,-0.36281,0.18068,-0.18926,-0.18926,0.18068,-0.1565,-0.11992,0.0077344,-0.05599,-0.37395,-0.05599,0.0077344,-0.14687,-0.37395,-0.36281,0.18068,-0.14687,-0.36281,-0.041957,0.27473,-0.18926,-0.18926,-0.18926,-0.18926,-0.34113,0.0077344,0.0077344,-0.37395,-0.18926,-0.061257,-0.18926,-0.36281,-0.11992,0.27473,0.18068,0.07511,0.18068,-0.37395,-0.46518,0.12166,-0.05599,0.27473,0.0077344,0.12166,0.07511,-0.37395,-0.05599,0.07511,-0.34113,0.18068,0.12166,-0.34113,-0.34113,0.12166,0.12166,-0.46518,0.07511,-0.1565,-0.36281,-0.11992,-0.36281,-0.041957,-0.18926,0.12166,-0.37395,-0.061257,-0.041957,-0.37395,0.0077344,-0.1565,-0.1565,-0.36281,-0.36281,-0.05599,-0.34113,-0.061257,-0.061257,-0.34113,-0.37395,-0.46518,-0.46518,-0.041957,0.12166,0.18068,-0.14687,0.07511,0.18068,-0.18926,-0.14687,0.07511,-0.34113,0.07511,-0.34113,-0.11992,-0.37395,-0.34113,-0.36281,-0.061257,0.27473,0.27473,0.12166,-0.37395,-0.18926,-0.37395,-0.46518,-0.05599,-0.041957,-0.11992,0.07511,0.07511,-0.041957,-0.11992,-0.37395,-0.061257,-0.061257,-0.1565,0.07511,0.18068,-0.14687,0.18068,0.12166,-0.061257,-0.14687,0.18068,-0.061257,-0.061257,0.0077344,-0.46518,-0.1565,-0.1565,-0.14687,-0.46518,-0.37395,0.27473,0.18068,0.18068,-0.46518,-0.18926,-0.37395,0.0077344,-0.11992,0.27473,-0.11992,0.27473,-0.46518,-0.11992,-0.041957,-0.36281,-0.36281,-0.041957,-0.46518,-0.041957,-0.46518,-0.11992,0.12166,-0.1565,0.07511,0.0077344,0.27473,-0.061257,0.12166,-0.37395,0.27473,-0.1565,-0.041957,0.0077344,-0.34113,0.12166,0.07511,-0.061257,-0.37395,-0.18926,0.0077344,-0.061257,-0.1565,0.18068,-0.1565,-0.18926,-0.37395,-0.11992,-0.37394
0.10511,0.26333,0.18385,0.068545,0.12695,-0.092674,0.0033463,0.31385,-0.12421,0.30362,-0.22055,0.053605,-0.32813,0.10511,0.31385,-0.22055,0.12695,0.12695,0.34588,-0.22055,-0.23601,0.068545,0.068545,-0.23601,-0.092674,0.26333,0.053605,-0.12421,0.31385,-0.12421,0.053605,0.34588,0.31385,-0.22055,-0.23601,0.34588,-0.22055,0.18385,0.10511,0.068545,0.068545,0.068545,0.068545,0.12695,0.053605,0.053605,0.31385,0.068545,-0.32813,0.068545,-0.22055,0.26333,0.10511,-0.23601,0.0033463,-0.23601,0.31385,-0.010478,0.30362,-0.12421,0.10511,0.053605,0.30362,0.0033463,0.31385,-0.12421,0.0033463,0.12695,-0.23601,0.30362,0.12695,0.12695,0.30362,0.30362,-0.010478,0.0033463,-0.092674,-0.22055,0.26333,-0.22055,0.18385,0.068545,0.30362,0.31385,-0.32813,0.18385,0.31385,0.053605,-0.092674,-0.092674,-0.22055,-0.22055,-0.12421,0.12695,-0.32813,-0.32813,0.12695,0.31385,-0.010478,-0.010478,0.18385,0.30362,-0.23601,0.34588,0.0033463,-0.23601,0.068545,0.34588,0.0033463,0.12695,0.0033463,0.12695,0.26333,0.31385,0.12695,-0.22055,-0.32813,0.10511,0.10511,0.30362,0.31385,0.068545,0.31385,-0.010478,-0.12421,0.18385,0.26333,0.0033463,0.0033463,0.18385,0.26333,0.31385,-0.32813,-0.32813,-0.092674,0.0033463,-0.23601,0.34588,-0.23601,0.30362,-0.32813,0.34588,-0.23601,-0.32813,-0.32813,0.053605,-0.010478,-0.092674,-0.092674,0.34588,-0.010478,0.31385,0.10511,-0.23601,-0.23601,-0.010478,0.068545,0.31385,0.053605,0.26333,0.10511,0.26333,0.10511,-0.010478,0.26333,0.18385,-0.22055,-0.22055,0.18385,-0.010478,0.18385,-0.010478,0.26333,0.30362,-0.092674,0.0033463,0.053605,0.10511,-0.32813,0.30362,0.31385,0.10511,-0.092674,0.18385,0.053605,0.12695,0.30362,0.0033463,-0.32813,0.31385,0.068545,0.053605,-0.32813,-0.092674,-0.23601,-0.092674,0.068545,0.31385,0.26333,0.31385
0.062405,0.35369,0.28665,0.30815,0.23553,0.05261,0.082692,0.48512,0.012324,0.41269,-0.051919,0.018423,-0.30996,0.062405,0.48512,-0.051919,0.23553,0.23553,0.5467,-0.051919,-0.23353,0.30815,0.30815,-0.23353,0.05261,0.35369,0.018423,0.012324,0.48512,0.012324,0.018423,0.5467,0.48512,-0.051919,-0.23353,0.5467,-0.051919,0.28665,0.062405,0.30815,0.30815,0.30815,0.30815,0.23553,0.018423,0.018423,0.48512,0.30815,-0.30996,0.30815,-0.051919,0.35369,0.062405,-0.23353,0.082692,-0.23353,0.48512,0.27684,0.41269,0.012324,0.062405,0.018423,0.41269,0.082692,0.48512,0.012324,0.082692,0.23553,-0.23353,0.41269,0.23553,0.23553,0.41269,0.41269,0.27684,0.082692,0.05261,-0.051919,0.35369,-0.051919,0.28665,0.30815,0.41269,0.48512,-0.30996,0.28665,0.48512,0.018423,0.05261,0.05261,-0.051919,-0.051919,0.012324,0.23553,-0.30996,-0.30996,0.23553,0.48512,0.27684,0.27684,0.28665,0.41269,-0.23353,0.5467,0.082692,-0.23353,0.30815,0.5467,0.082692,0.23553,0.082692,0.23553,0.35369,0.48512,0.23553,-0.051919,-0.30996,0.062405,0.062405,0.41269,0.48512,0.30815,0.48512,0.27684,0.012324,0.28665,0.35369,0.082692,0.082692,0.28665,0.35369,0.48512,-0.30996,-0.30996,0.05261,0.082692,-0.23353,0.5467,-0.23353,0.41269,-0.30996,0.5467,-0.23353,-0.30996,-0.30996,0.018423,0.27684,0.05261,0.05261,0.5467,0.27684,0.48512,0.062405,-0.23353,-0.23353,0.27684,0.30815,0.48512,0.018423,0.35369,0.062405,0.35369,0.062405,0.27684,0.35369,0.28665,-0.051919,-0.051919,0.28665,0.27684,0.28665,0.27684,0.35369,0.41269,0.05261,0.082692,0.018423,0.062405,-0.30996,0.41269,0.48512,0.062405,0.05261,0.28665,0.018423,0.23553,0.41269,0.082692,-0.30996,0.48512,0.30815,0.018423,-0.30996,0.05261,-0.23353,0.05261,0.30815,0.48512,0.35369,0.48512
0.04162,-0.058184,0.00078922,-0.10577,0.088938,-0.055181,-0.050038,-0.068544,-0.023988,-0.10858,0.061042,0.12647,0.092475,0.04162,-0.068544,0.061042,0.088938,0.088938,-0.11533,0.061042,0.060875,-0.10577,-0.10577,0.060875,-0.055181,-0.058184,0.12647,-0.023988,-0.068544,-0.023988,0.12647,-0.11533,-0.068544,0.061042,0.060875,-0.11533,0.061042,0.00078922,0.04162,-0.10577,-0.10577,-0.10577,-0.10577,0.088938,0.12647,0.12647,-0.068544,-0.10577,0.092475,-0.10577,0.061042,-0.058184,0.04162,0.060875,-0.050038,0.060875,-0.068544,-0.081973,-0.10858,-0.023988,0.04162,0.12647,-0.10858,-0.050038,-0.068544,-0.023988,-0.050038,0.088938,0.060875,-0.10858,0.088938,0.088938,-0.10858,-0.10858,-0.081973,-0.050038,-0.055181,0.061042,-0.058184,0.061042,0.00078922,-0.10577,-0.10858,-0.068544,0.092475,0.00078922,-0.068544,0.12647,-0.055181,-0.055181,0.061042,0.061042,-0.023988,0.088938,0.092475,0.092475,0.088938,-0.068544,-0.081973,-0.081973,0.00078922,-0.10858,0.060875,-0.11533,-0.050038,0.060875,-0.10577,-0.11533,-0.050038,0.088938,-0.050038,0.088938,-0.058184,-0.068544,0.088938,0.061042,0.092475,0.04162,0.04162,-0.10858,-0.068544,-0.10577,-0.068544,-0.081973,-0.023988,0.00078922,-0.058184,-0.050038,-0.050038,0.00078922,-0.058184,-0.068544,0.092475,0.092475,-0.055181,-0.050038,0.060875,-0.11533,0.060875,-0.10858,0.092475,-0.11533,0.060875,0.092475,0.092475,0.12647,-0.081973,-0.055181,-0.055181,-0.11533,-0.081973,-0.068544,0.04162,0.060875,0.060875,-0.081973,-0.10577,-0.068544,0.12647,-0.058184,0.04162,-0.058184,0.04162,-0.081973,-0.058184,0.00078922,0.061042,0.061042,0.00078922,-0.081973,0.00078922,-0.081973,-0.058184,-0.10858,-0.055181,-0.050038,0.12647,0.04162,0.092475,-0.10858,-0.068544,0.04162,-0.055181,0.00078922,0.12647,0.088938,-0.10858,-0.050038,0.092475,-0.068544,-0.10577,0.12647,0.092475,-0.055181,0.060875,-0.055181,-0.10577,-0.068544,-0.058184,-0.068544
0.3816,-0.051609,0.20208,0.11754,-0.088447,0.069817,0.26507,-0.16074,0.29866,0.20703,0.07543,0.093652,0.22133,0.3816,-0.16074,0.07543,-0.088447,-0.088447,0.081063,0.07543,0.41339,0.11754,0.11754,0.41339,0.069817,-0.051609,0.093652,0.29866,-0.16074,0.29866,0.093652,0.081063,-0.16074,0.07543,0.41339,0.081063,0.07543,0.20208,0.3816,0.11754,0.11754,0.11754,0.11754,-0.088447,0.093652,0.093652,-0.16074,0.11754,0.22133,0.11754,0.07543,-0.051609,0.3816,0.41339,0.26507,0.41339,-0.16074,-0.087997,0.20703,0.29866,0.3816,0.093652,0.20703,0.26507,-0.16074,0.29866,0.26507,-0.088447,0.41339,0.20703,-0.088447,-0.088447,0.20703,0.20703,-0.087997,0.26507,0.069817,0.07543,-0.051609,0.07543,0.20208,0.11754,0.20703,-0.16074,0.22133,0.20208,-0.16074,0.093652,0.069817,0.069817,0.07543,0.07543,0.29866,-0.088447,0.22133,0.22133,-0.088447,-0.16074,-0.087997,-0.087997,0.20208,0.20703,0.41339,0.081063,0.26507,0.41339,0.11754,0.081063,0.26507,-0.088447,0.26507,-0.088447,-0.051609,-0.16074,-0.088447,0.07543,0.22133,0.3816,0.3816,0.20703,-0.16074,0.11754,-0.16074,-0.087997,0.29866,0.20208,-0.051609,0.26507,0.26507,0.20208,-0.051609,-0.16074,0.22133,0.22133,0.069817,0.26507,0.41339,0.081063,0.41339,0.20703,0.22133,0.081063,0.41339,0.22133,0.22133,0.093652,-0.087997,0.069817,0.069817,0.081063,-0.087997,-0.16074,0.3816,0.41339,0.41339,-0.087997,0.11754,-0.16074,0.093652,-0.051609,0.3816,-0.051609,0.3816,-0.087997,-0.051609,0.20208,0.07543,0.07543,0.20208,-0.087997,0.20208,-0.087997,-0.051609,0.20703,0.069817,0.26507,0.093652,0.3816,0.22133,0.20703,-0.16074,0.3816,0.069817,0.20208,0.093652,-0.088447,0.20703,0.26507,0.22133,-0.16074,0.11754,0.093652,0.22133,0.069817,0.41339,0.069817,0.11754,-0.16074,-0.051609,-0.16074
-0.023047,-0.21565,-0.11385,-0.31426,-0.11496,-0.27316,-0.16836,-0.24227,-0.15868,-0.22131,-0.17971,-0.032417,-0.11447,-0.023047,-0.24227,-0.17971,-0.11496,-0.11496,-0.28873,-0.17971,-0.068036,-0.31426,-0.31426,-0.068036,-0.27316,-0.21565,-0.032417,-0.15868,-0.24227,-0.15868,-0.032417,-0.28873,-0.24227,-0.17971,-0.068036,-0.28873,-0.17971,-0.11385,-0.023047,-0.31426,-0.31426,-0.31426,-0.31426,-0.11496,-0.032417,-0.032417,-0.24227,-0.31426,-0.11447,-0.31426,-0.17971,-0.21565,-0.023047,-0.068036,-0.16836,-0.068036,-0.24227,-0.35603,-0.22131,-0.15868,-0.023047,-0.032417,-0.22131,-0.16836,-0.24227,-0.15868,-0.16836,-0.11496,-0.068036,-0.22131,-0.11496,-0.11496,-0.22131,-0.22131,-0.35603,-0.16836,-0.27316,-0.17971,-0.21565,-0.17971,-0.11385,-0.31426,-0.22131,-0.24227,-0.11447,-0.11385,-0.24227,-0.032417,-0.27316,-0.27316,-0.17971,-0.17971,-0.15868,-0.11496,-0.11447,-0.11447,-0.11496,-0.24227,-0.35603,-0.35603,-0.11385,-0.22131,-0.068036,-0.28873,-0.16836,-0.068036,-0.31426,-0.28873,-0.16836,-0.11496,-0.16836,-0.11496,-0.21565,-0.24227,-0.11496,-0.17971,-0.11447,-0.023047,-0.023047,-0.22131,-0.24227,-0.31426,-0.24227,-0.35603,-0.15868,-0.11385,-0.21565,-0.16836,-0.16836,-0.11385,-0.21565,-0.24227,-0.11447,-0.11447,-0.27316,-0.16836,-0.068036,-0.28873,-0.068036,-0.22131,-0.11447,-0.28873,-0.068036,-0.11447,-0.11447,-0.032417,-0.35603,-0.27316,-0.27316,-0.28873,-0.35603,-0.24227,-0.023047,-0.068036,-0.068036,-0.35603,-0.31426,-0.24227,-0.032417,-0.21565,-0.023047,-0.21565,-0.023047,-0.35603,-0.21565,-0.11385,-0.17971,-0.17971,-0.11385,-0.35603,-0.11385,-0.35603,-0.21565,-0.22131,-0.27316,-0.16836,-0.032417,-0.023047,-0.11447,-0.22131,-0.24227,-0.023047,-0.27316,-0.11385,-0.032417,-0.11496,-0.22131,-0.16836,-0.11447,-0.24227,-0.31426,-0.032417,-0.11447,-0.27316,-0.068036,-0.27316,-0.31426,-0.24227,-0.21565,-0.24227
-0.028892,0.12038,0.042021,0.31525,0.13993,0.28326,0.23092,0.14836,0.17257,0.037658,0.24665,0.073107,0.20275,-0.028892,0.14836,0.24665,0.13993,0.13993,0.10556,0.24665,0.1583,0.31525,0.31525,0.1583,0.28326,0.12038,0.073107,0.17257,0.14836,0.17257,0.073107,0.10556,0.14836,0.24665,0.1583,0.10556,0.24665,0.042021,-0.028892,0.31525,0.31525,0.31525,0.31525,0.13993,0.073107,0.073107,0.14836,0.31525,0.20275,0.31525,0.24665,0.12038,-0.028892,0.1583,0.23092,0.1583,0.14836,0.34568,0.037658,0.17257,-0.028892,0.073107,0.037658,0.23092,0.14836,0.17257,0.23092,0.13993,0.1583,0.037658,0.13993,0.13993,0.037658,0.037658,0.34568,0.23092,0.28326,0.24665,0.12038,0.24665,0.042021,0.31525,0.037658,0.14836,0.20275,0.042021,0.14836,0.073107,0.28326,0.28326,0.24665,0.24665,0.17257,0.13993,0.20275,0.20275,0.13993,0.14836,0.34568,0.34568,0.042021,0.037658,0.1583,0.10556,0.23092,0.1583,0.31525,0.10556,0.23092,0.13993,0.23092,0.13993,0.12038,0.14836,0.13993,0.24665,0.20275,-0.028892,-0.028892,0.037658,0.14836,0.31525,0.14836,0.34568,0.17257,0.042021,0.12038,0.23092,0.23092,0.042021,0.12038,0.14836,0.20275,0.20275,0.28326,0.23092,0.1583,0.10556,0.1583,0.037658,0.20275,0.10556,0.1583,0.20275,0.20275,0.073107,0.34568,0.28326,0.28326,0.10556,0.34568,0.14836,-0.028892,0.1583,0.1583,0.34568,0.31525,0.14836,0.073107,0.12038,-0.028892,0.12038,-0.028892,0.34568,0.12038,0.042021,0.24665,0.24665,0.042021,0.34568,0.042021,0.34568,0.12038,0.037658,0.28326,0.23092,0.073107,-0.028892,0.20275,0.037658,0.14836,-0.028892,0.28326,0.042021,0.073107,0.13993,0.037658,0.23092,0.20275,0.14836,0.31525,0.073107,0.20275,0.28326,0.1583,0.28326,0.31525,0.14836,0.12038,0.14836
-0.13298,0.24371,0.19609,0.27027,0.35221,0.19339,-0.036577,0.46632,0.077928,0.074051,0.30318,0.041054,0.016481,-0.13298,0.46632,0.30318,0.35221,0.35221,0.38055,0.30318,-0.16737,0.27027,0.27027,-0.16737,0.19339,0.24371,0.041054,0.077928,0.46632,0.077928,0.041054,0.38055,0.46632,0.30318,-0.16737,0.38055,0.30318,0.19609,-0.13298,0.27027,0.27027,0.27027,0.27027,0.35221,0.041054,0.041054,0.46632,0.27027,0.016481,0.27027,0.30318,0.24371,-0.13298,-0.16737,-0.036577,-0.16737,0.46632,0.46906,0.074051,0.077928,-0.13298,0.041054,0.074051,-0.036577,0.46632,0.077928,-0.036577,0.35221,-0.16737,0.074051,0.35221,0.35221,0.074051,0.074051,0.46906,-0.036577,0.19339,0.30318,0.24371,0.30318,0.19609,0.27027,0.074051,0.46632,0.016481,0.19609,0.46632,0.041054,0.19339,0.19339,0.30318,0.30318,0.077928,0.35221,0.016481,0.016481,0.35221,0.46632,0.46906,0.46906,0.19609,0.074051,-0.16737,0.38055,-0.036577,-0.16737,0.27027,0.38055,-0.036577,0.35221,-0.036577,0.35221,0.24371,0.46632,0.35221,0.30318,0.016481,-0.13298,-0.13298,0.074051,0.46632,0.27027,0.46632,0.46906,0.077928,0.19609,0.24371,-0.036577,-0.036577,0.19609,0.24371,0.46632,0.016481,0.016481,0.19339,-0.036577,-0.16737,0.38055,-0.16737,0.074051,0.016481,0.38055,-0.16737,0.016481,0.016481,0.041054,0.46906,0.19339,0.19339,0.38055,0.46906,0.46632,-0.13298,-0.16737,-0.16737,0.46906,0.27027,0.46632,0.041054,0.24371,-0.13298,0.24371,-0.13298,0.46906,0.24371,0.19609,0.30318,0.30318,0.19609,0.46906,0.19609,0.46906,0.24371,0.074051,0.19339,-0.036577,0.041054,-0.13298,0.016481,0.074051,0.46632,-0.13298,0.19339,0.19609,0.041054,0.35221,0.074051,-0.036577,0.016481,0.46632,0.27027,0.041054,0.016481,0.19339,-0.16737,0.19339,0.27027,0.46632,0.24371,0.46632
-0.085643,0.38483,0.058977,0.2721,0.18845,0.28127,0.13034,0.49377,-0.099283,0.24755,0.087031,0.052699,-0.056146,-0.085643,0.49377,0.087031,0.18845,0.18845,0.44888,0.087031,-0.16556,0.2721,0.2721,-0.16556,0.28127,0.38483,0.052699,-0.099283,0.49377,-0.099283,0.052699,0.44888,0.49377,0.087031,-0.16556,0.44888,0.087031,0.058977,-0.085643,0.2721,0.2721,0.2721,0.2721,0.18845,0.052699,0.052699,0.49377,0.2721,-0.056146,0.2721,0.087031,0.38483,-0.085643,-0.16556,0.13034,-0.16556,0.49377,0.40772,0.24755,-0.099283,-0.085643,0.052699,0.24755,0.13034,0.49377,-0.099283,0.13034,0.18845,-0.16556,0.24755,0.18845,0.18845,0.24755,0.24755,0.40772,0.13034,0.28127,0.087031,0.38483,0.087031,0.058977,0.2721,0.24755,0.49377,-0.056146,0.058977,0.49377,0.052699,0.28127,0.28127,0.087031,0.087031,-0.099283,0.18845,-0.056146,-0.056146,0.18845,0.49377,0.40772,0.40772,0.058977,0.24755,-0.16556,0.44888,0.13034,-0.16556,0.2721,0.44888,0.13034,0.18845,0.13034,0.18845,0.38483,0.49377,0.18845,0.087031,-0.056146,-0.085643,-0.085643,0.24755,0.49377,0.2721,0.49377,0.40772,-0.099283,0.058977,0.38483,0.13034,0.13034,0.058977,0.38483,0.49377,-0.056146,-0.056146,0.28127,0.13034,-0.16556,0.44888,-0.16556,0.24755,-0.056146,0.44888,-0.16556,-0.056146,-0.056146,0.052699,0.40772,0.28127,0.28127,0.44888,0.40772,0.49377,-0.085643,-0.16556,-0.16556,0.40772,0.2721,0.49377,0.052699,0.38483,-0.085643,0.38483,-0.085643,0.40772,0.38483,0.058977,0.087031,0.087031,0.058977,0.40772,0.058977,0.40772,0.38483,0.24755,0.28127,0.13034,0.052699,-0.085643,-0.056146,0.24755,0.49377,-0.085643,0.28127,0.058977,0.052699,0.18845,0.24755,0.13034,-0.056146,0.49377,0.2721,0.052699,-0.056146,0.28127,-0.16556,0.28127,0.2721,0.49377,0.38483,0.49377
-0.40326,-0.038878,-0.31381,-0.3971,0.0034165,-0.20016,-0.4756,0.055657,-0.42367,-0.3323,-0.1431,-0.082194,-0.23964,-0.40326,0.055657,-0.1431,0.0034165,0.0034165,-0.2288,-0.1431,-0.49413,-0.3971,-0.3971,-0.49413,-0.20016,-0.038878,-0.082194,-0.42367,0.055657,-0.42367,-0.082194,-0.2288,0.055657,-0.1431,-0.49413,-0.2288,-0.1431,-0.31381,-0.40326,-0.3971,-0.3971,-0.3971,-0.3971,0.0034165,-0.082194,-0.082194,0.055657,-0.3971,-0.23964,-0.3971,-0.1431,-0.038878,-0.40326,-0.49413,-0.4756,-0.49413,0.055657,-0.11767,-0.3323,-0.42367,-0.40326,-0.082194,-0.3323,-0.4756,0.055657,-0.42367,-0.4756,0.0034165,-0.49413,-0.3323,0.0034165,0.0034165,-0.3323,-0.3323,-0.11767,-0.4756,-0.20016,-0.1431,-0.038878,-0.1431,-0.31381,-0.3971,-0.3323,0.055657,-0.23964,-0.31381,0.055657,-0.082194,-0.20016,-0.20016,-0.1431,-0.1431,-0.42367,0.0034165,-0.23964,-0.23964,0.0034165,0.055657,-0.11767,-0.11767,-0.31381,-0.3323,-0.49413,-0.2288,-0.4756,-0.49413,-0.3971,-0.2288,-0.4756,0.0034165,-0.4756,0.0034165,-0.038878,0.055657,0.0034165,-0.1431,-0.23964,-0.40326,-0.40326,-0.3323,0.055657,-0.3971,0.055657,-0.11767,-0.42367,-0.31381,-0.038878,-0.4756,-0.4756,-0.31381,-0.038878,0.055657,-0.23964,-0.23964,-0.20016,-0.4756,-0.49413,-0.2288,-0.49413,-0.3323,-0.23964,-0.2288,-0.49413,-0.23964,-0.23964,-0.082194,-0.11767,-0.20016,-0.20016,-0.2288,-0.11767,0.055657,-0.40326,-0.49413,-0.49413,-0.11767,-0.3971,0.055657,-0.082194,-0.038878,-0.40326,-0.038878,-0.40326,-0.11767,-0.038878,-0.31381,-0.1431,-0.1431,-0.31381,-0.11767,-0.31381,-0.11767,-0.038878,-0.3323,-0.20016,-0.4756,-0.082194,-0.40326,-0.23964,-0.3323,0.055657,-0.40326,-0.20016,-0.31381,-0.082194,0.0034165,-0.3323,-0.4756,-0.23964,0.055657,-0.3971,-0.082194,-0.23964,-0.20016,-0.49413,-0.20016,-0.3971,0.055657,-0.038878,0.055657
0.18446,0.24343,0.16126,0.2748,0.057416,0.16083,0.30714,0.19636,0.075875,0.3277,-0.051634,0.090159,-0.029823,0.18446,0.19636,-0.051634,0.057416,0.057416,0.30096,-0.051634,0.11901,0.2748,0.2748,0.11901,0.16083,0.24343,0.090159,0.075875,0.19636,0.075875,0.090159,0.30096,0.19636,-0.051634,0.11901,0.30096,-0.051634,0.16126,0.18446,0.2748,0.2748,0.2748,0.2748,0.057416,0.090159,0.090159,0.19636,0.2748,-0.029823,0.2748,-0.051634,0.24343,0.18446,0.11901,0.30714,0.11901,0.19636,0.12371,0.3277,0.075875,0.18446,0.090159,0.3277,0.30714,0.19636,0.075875,0.30714,0.057416,0.11901,0.3277,0.057416,0.057416,0.3277,0.3277,0.12371,0.30714,0.16083,-0.051634,0.24343,-0.051634,0.16126,0.2748,0.3277,0.19636,-0.029823,0.16126,0.19636,0.090159,0.16083,0.16083,-0.051634,-0.051634,0.075875,0.057416,-0.029823,-0.029823,0.057416,0.19636,0.12371,0.12371,0.16126,0.3277,0.11901,0.30096,0.30714,0.11901,0.2748,0.30096,0.30714,0.057416,0.30714,0.057416,0.24343,0.19636,0.057416,-0.051634,-0.029823,0.18446,0.18446,0.3277,0.19636,0.2748,0.19636,0.12371,0.075875,0.16126,0.24343,0.30714,0.30714,0.16126,0.24343,0.19636,-0.029823,-0.029823,0.16083,0.30714,0.11901,0.30096,0.11901,0.3277,-0.029823,0.30096,0.11901,-0.029823,-0.029823,0.090159,0.12371,0.16083,0.16083,0.30096,0.12371,0.19636,0.18446,0.11901,0.11901,0.12371,0.2748,0.19636,0.090159,0.24343,0.18446,0.24343,0.18446,0.12371,0.24343,0.16126,-0.051634,-0.051634,0.16126,0.12371,0.16126,0.12371,0.24343,0.3277,0.16083,0.30714,0.090159,0.18446,-0.029823,0.3277,0.19636,0.18446,0.16083,0.16126,0.090159,0.057416,0.3277,0.30714,-0.029823,0.19636,0.2748,0.090159,-0.029823,0.16083,0.11901,0.16083,0.2748,0.19636,0.24343,0.19636
0.1296,0.36353,0.25336,0.45154,0.18257,0.29771,0.3229,0.41989,0.20326,0.42832,0.14248,0.045769,0.0053447,0.1296,0.41989,0.14248,0.18257,0.18257,0.4888,0.14248,0.056089,0.45154,0.45154,0.056089,0.29771,0.36353,0.045769,0.20326,0.41989,0.20326,0.045769,0.4888,0.41989,0.14248,0.056089,0.4888,0.14248,0.25336,0.1296,0.45154,0.45154,0.45154,0.45154,0.18257,0.045769,0.045769,0.41989,0.45154,0.0053447,0.45154,0.14248,0.36353,0.1296,0.056089,0.3229,0.056089,0.41989,0.41722,0.42832,0.20326,0.1296,0.045769,0.42832,0.3229,0.41989,0.20326,0.3229,0.18257,0.056089,0.42832,0.18257,0.18257,0.42832,0.42832,0.41722,0.3229,0.29771,0.14248,0.36353,0.14248,0.25336,0.45154,0.42832,0.41989,0.0053447,0.25336,0.41989,0.045769,0.29771,0.29771,0.14248,0.14248,0.20326,0.18257,0.0053447,0.0053447,0.18257,0.41989,0.41722,0.41722,0.25336,0.42832,0.056089,0.4888,0.3229,0.056089,0.45154,0.4888,0.3229,0.18257,0.3229,0.18257,0.36353,0.41989,0.18257,0.14248,0.0053447,0.1296,0.1296,0.42832,0.41989,0.45154,0.41989,0.41722,0.20326,0.25336,0.36353,0.3229,0.3229,0.25336,0.36353,0.41989,0.0053447,0.0053447,0.29771,0.3229,0.056089,0.4888,0.056089,0.42832,0.0053447,0.4888,0.056089,0.0053447,0.0053447,0.045769,0.41722,0.29771,0.29771,0.4888,0.41722,0.41989,0.1296,0.056089,0.056089,0.41722,0.45154,0.41989,0.045769,0.36353,0.1296,0.36353,0.1296,0.41722,0.36353,0.25336,0.14248,0.14248,0.25336,0.41722,0.25336,0.41722,0.36353,0.42832,0.29771,0.3229,0.045769,0.1296,0.0053447,0.42832,0.41989,0.1296,0.29771,0.25336,0.045769,0.18257,0.42832,0.3229,0.0053447,0.41989,0.45154,0.045769,0.0053447,0.29771,0.056089,0.29771,0.45154,0.41989,0.36353,0.41989
-0.036806,-0.073944,-0.0056792,-0.26037,-0.044749,-0.31186,-0.31851,-0.055408,-0.18988,-0.064822,-0.25535,-0.063151,-0.28561,-0.036806,-0.055408,-0.25535,-0.044749,-0.044749,-0.0496,-0.25535,-0.26393,-0.26037,-0.26037,-0.26393,-0.31186,-0.073944,-0.063151,-0.18988,-0.055408,-0.18988,-0.063151,-0.0496,-0.055408,-0.25535,-0.26393,-0.0496,-0.25535,-0.0056792,-0.036806,-0.26037,-0.26037,-0.26037,-0.26037,-0.044749,-0.063151,-0.063151,-0.055408,-0.26037,-0.28561,-0.26037,-0.25535,-0.073944,-0.036806,-0.26393,-0.31851,-0.26393,-0.055408,-0.27941,-0.064822,-0.18988,-0.036806,-0.063151,-0.064822,-0.31851,-0.055408,-0.18988,-0.31851,-0.044749,-0.26393,-0.064822,-0.044749,-0.044749,-0.064822,-0.064822,-0.27941,-0.31851,-0.31186,-0.25535,-0.073944,-0.25535,-0.0056792,-0.26037,-0.064822,-0.055408,-0.28561,-0.0056792,-0.055408,-0.063151,-0.31186,-0.31186,-0.25535,-0.25535,-0.18988,-0.044749,-0.28561,-0.28561,-0.044749,-0.055408,-0.27941,-0.27941,-0.0056792,-0.064822,-0.26393,-0.0496,-0.31851,-0.26393,-0.26037,-0.0496,-0.31851,-0.044749,-0.31851,-0.044749,-0.073944,-0.055408,-0.044749,-0.25535,-0.28561,-0.036806,-0.036806,-0.064822,-0.055408,-0.26037,-0.055408,-0.27941,-0.18988,-0.0056792,-0.073944,-0.31851,-0.31851,-0.0056792,-0.073944,-0.055408,-0.28561,-0.28561,-0.31186,-0.31851,-0.26393,-0.0496,-0.26393,-0.064822,-0.28561,-0.0496,-0.26393,-0.28561,-0.28561,-0.063151,-0.27941,-0.31186,-0.31186,-0.0496,-0.27941,-0.055408,-0.036806,-0.26393,-0.26393,-0.27941,-0.26037,-0.055408,-0.063151,-0.073944,-0.036806,-0.073944,-0.036806,-0.27941,-0.073944,-0.0056792,-0.25535,-0.25535,-0.0056792,-0.27941,-0.0056792,-0.27941,-0.073944,-0.064822,-0.31186,-0.31851,-0.063151,-0.036806,-0.28561,-0.064822,-0.055408,-0.036806,-0.31186,-0.0056792,-0.063151,-0.044749,-0.064822,-0.31851,-0.28561,-0.055408,-0.26037,-0.063151,-0.28561,-0.31186,-0.26393,-0.31186,-0.26037,-0.055408,-0.073944,-0.055408
0.23454,0.14373,0.27936,0.36749,0.10499,0.16136,0.30989,0.17412,0.29355,0.28984,0.12954,0.042331,0.073718,0.23454,0.17412,0.12954,0.10499,0.10499,0.31386,0.12954,0.21251,0.36749,0.36749,0.21251,0.16136,0.14373,0.042331,0.29355,0.17412,0.29355,0.042331,0.31386,0.17412,0.12954,0.21251,0.31386,0.12954,0.27936,0.23454,0.36749,0.36749,0.36749,0.36749,0.10499,0.042331,0.042331,0.17412,0.36749,0.073718,0.36749,0.12954,0.14373,0.23454,0.21251,0.30989,0.21251,0.17412,0.22357,0.28984,0.29355,0.23454,0.042331,0.28984,0.30989,0.17412,0.29355,0.30989,0.10499,0.21251,0.28984,0.10499,0.10499,0.28984,0.28984,0.22357,0.30989,0.16136,0.12954,0.14373,0.12954,0.27936,0.36749,0.28984,0.17412,0.073718,0.27936,0.17412,0.042331,0.16136,0.16136,0.12954,0.12954,0.29355,0.10499,0.073718,0.073718,0.10499,0.17412,0.22357,0.22357,0.27936,0.28984,0.21251,0.31386,0.30989,0.21251,0.36749,0.31386,0.30989,0.10499,0.30989,0.10499,0.14373,0.17412,0.10499,0.12954,0.073718,0.23454,0.23454,0.28984,0.17412,0.36749,0.17412,0.22357,0.29355,0.27936,0.14373,0.30989,0.30989,0.27936,0.14373,0.17412,0.073718,0.073718,0.16136,0.30989,0.21251,0.31386,0.21251,0.28984,0.073718,0.31386,0.21251,0.073718,0.073718,0.042331,0.22357,0.16136,0.16136,0.31386,0.22357,0.17412,0.23454,0.21251,0.21251,0.22357,0.36749,0.17412,0.042331,0.14373,0.23454,0.14373,0.23454,0.22357,0.14373,0.27936,0.12954,0.12954,0.27936,0.22357,0.27936,0.22357,0.14373,0.28984,0.16136,0.30989,0.042331,0.23454,0.073718,0.28984,0.17412,0.23454,0.16136,0.27936,0.042331,0.10499,0.28984,0.30989,0.073718,0.17412,0.36749,0.042331,0.073718,0.16136,0.21251,0.16136,0.36749,0.17412,0.14373,0.17412
-0.16206,-0.031372,-0.022298,-0.21798,0.11143,-0.29386,-0.3172,0.095816,-0.1942,-0.14767,-0.15144,-0.030178,-0.312,-0.16206,0.095816,-0.15144,0.11143,0.11143,-0.073007,-0.15144,-0.37413,-0.21798,-0.21798,-0.37413,-0.29386,-0.031372,-0.030178,-0.1942,0.095816,-0.1942,-0.030178,-0.073007,0.095816,-0.15144,-0.37413,-0.073007,-0.15144,-0.022298,-0.16206,-0.21798,-0.21798,-0.21798,-0.21798,0.11143,-0.030178,-0.030178,0.095816,-0.21798,-0.312,-0.21798,-0.15144,-0.031372,-0.16206,-0.37413,-0.3172,-0.37413,0.095816,-0.16536,-0.14767,-0.1942,-0.16206,-0.030178,-0.14767,-0.3172,0.095816,-0.1942,-0.3172,0.11143,-0.37413,-0.14767,0.11143,0.11143,-0.14767,-0.14767,-0.16536,-0.3172,-0.29386,-0.15144,-0.031372,-0.15144,-0.022298,-0.21798,-0.14767,0.095816,-0.312,-0.022298,0.095816,-0.030178,-0.29386,-0.29386,-0.15144,-0.15144,-0.1942,0.11143,-0.312,-0.312,0.11143,0.095816,-0.16536,-0.16536,-0.022298,-0.14767,-0.37413,-0.073007,-0.3172,-0.37413,-0.21798,-0.073007,-0.3172,0.11143,-0.3172,0.11143,-0.031372,0.095816,0.11143,-0.15144,-0.312,-0.16206,-0.16206,-0.14767,0.095816,-0.21798,0.095816,-0.16536,-0.1942,-0.022298,-0.031372,-0.3172,-0.3172,-0.022298,-0.031372,0.095816,-0.312,-0.312,-0.29386,-0.3172,-0.37413,-0.073007,-0.37413,-0.14767,-0.312,-0.073007,-0.37413,-0.312,-0.312,-0.030178,-0.16536,-0.29386,-0.29386,-0.073007,-0.16536,0.095816,-0.16206,-0.37413,-0.37413,-0.16536,-0.21798,0.095816,-0.030178,-0.031372,-0.16206,-0.031372,-0.16206,-0.16536,-0.031372,-0.022298,-0.15144,-0.15144,-0.022298,-0.16536,-0.022298,-0.16536,-0.031372,-0.14767,-0.29386,-0.3172,-0.030178,-0.16206,-0.312,-0.14767,0.095816,-0.16206,-0.29386,-0.022298,-0.030178,0.11143,-0.14767,-0.3172,-0.312,0.095816,-0.21798,-0.030178,-0.312,-0.29386,-0.37413,-0.29386,-0.21798,0.095816,-0.031372,0.095816
-0.10841,-0.36939,-0.18136,-0.27821,-0.15307,-0.16752,-0.21009,-0.38912,0.046386,-0.3742,0.052673,-0.07454,0.13837,-0.10841,-0.38912,0.052673,-0.15307,-0.15307,-0.43522,0.052673,0.066059,-0.27821,-0.27821,0.066059,-0.16752,-0.36939,-0.07454,0.046386,-0.38912,0.046386,-0.07454,-0.43522,-0.38912,0.052673,0.066059,-0.43522,0.052673,-0.18136,-0.10841,-0.27821,-0.27821,-0.27821,-0.27821,-0.15307,-0.07454,-0.07454,-0.38912,-0.27821,0.13837,-0.27821,0.052673,-0.36939,-0.10841,0.066059,-0.21009,0.066059,-0.38912,-0.26241,-0.3742,0.046386,-0.10841,-0.07454,-0.3742,-0.21009,-0.38912,0.046386,-0.21009,-0.15307,0.066059,-0.3742,-0.15307,-0.15307,-0.3742,-0.3742,-0.26241,-0.21009,-0.16752,0.052673,-0.36939,0.052673,-0.18136,-0.27821,-0.3742,-0.38912,0.13837,-0.18136,-0.38912,-0.07454,-0.16752,-0.16752,0.052673,0.052673,0.046386,-0.15307,0.13837,0.13837,-0.15307,-0.38912,-0.26241,-0.26241,-0.18136,-0.3742,0.066059,-0.43522,-0.21009,0.066059,-0.27821,-0.43522,-0.21009,-0.15307,-0.21009,-0.15307,-0.36939,-0.38912,-0.15307,0.052673,0.13837,-0.10841,-0.10841,-0.3742,-0.38912,-0.27821,-0.38912,-0.26241,0.046386,-0.18136,-0.36939,-0.21009,-0.21009,-0.18136,-0.36939,-0.38912,0.13837,0.13837,-0.16752,-0.21009,0.066059,-0.43522,0.066059,-0.3742,0.13837,-0.43522,0.066059,0.13837,0.13837,-0.07454,-0.26241,-0.16752,-0.16752,-0.43522,-0.26241,-0.38912,-0.10841,0.066059,0.066059,-0.26241,-0.27821,-0.38912,-0.07454,-0.36939,-0.10841,-0.36939,-0.10841,-0.26241,-0.36939,-0.18136,0.052673,0.052673,-0.18136,-0.26241,-0.18136,-0.26241,-0.36939,-0.3742,-0.16752,-0.21009,-0.07454,-0.10841,0.13837,-0.3742,-0.38912,-0.10841,-0.16752,-0.18136,-0.07454,-0.15307,-0.3742,-0.21009,0.13837,-0.38912,-0.27821,-0.07454,0.13837,-0.16752,0.066059,-0.16752,-0.27821,-0.38912,-0.36939,-0.38912
