0.0099563,-0.017828,0.045127,-0.11365,-0.067505,0.13385,-0.051757,0.023882,-0.12052,-0.14409,-0.089516,0.011422,0.14619,0.021058,-0.049298,0.12505,-0.036183,-0.10019,-0.14706,-0.10026,-0.028837,-0.083909,-0.025559,-0.0084999,-0.092269,0.035188,-0.017617,-0.044023,-0.11827,-0.11353,-0.062731,0.15296,-0.17533,-0.124,0.010986,0.02069,-0.029726,-0.068114,-0.059172,0.068515,0.09387,-0.063321,0.070466,0.048812,-0.02163,-0.080479,-0.20586,-0.10873,0.048463,-0.092865,-0.09392,-0.028695,-0.13773,0.089423,-0.12813,0.071205,-0.01301,-0.094966,-0.054051,-0.035021,0.10072,0.030403,0.056424,-0.082954,0.11953,0.052783,0.14893,-0.032833,-0.092232,0.097385,-0.14716,-0.060465,-0.01861,-0.002411,-0.027088,-0.10322,-0.013406,-0.1269,0.038589,-0.03453,-0.038594,-0.13965,-0.016716,-0.090347,-0.15584,-0.10354,0.0081317,0.031489,0.098677,-0.074575,-0.096286,-0.1183,-0.16805,0.10365,0.0012198,-0.15023,0.091989,-0.077508,0.048628,-0.08311,-0.037792,-0.1084,-0.040296,-0.029744,0.14012,-0.033091,-0.090286,0.00885,0.041437,0.1297,-0.13444,-0.0080602,-0.10294,0.087219,-0.13493,0.055373,0.12559,0.068103,-0.025356,-0.10978,-0.082932,0.031057,-0.0065845,0.058389,0.091049,-0.022311,-0.1103,-0.048921,-0.14641,0.01222,-0.12635,0.1266,0.065763,-0.17046,0.073234,-0.10481,0.023291,-0.08535,-0.14168,0.11464,-0.050303,0.0089904,-0.015267,0.1101,0.13322,0.018534,0.065481,-0.029579,-0.030256,-0.046735,-0.20658,0.018685,-0.17619,-0.11966,0.12394,-0.020887,0.047546,0.058967,0.019351,-0.073804,0.046263,-0.10601,-0.012465,0.14441,-0.15985,-0.056217,-0.14479,-0.024344,-0.038798,-0.087168,-0.10613,-0.071957,0.086182,-0.12253,0.029202,-0.057958,0.10246,-0.06151,-0.047843,0.15104,-0.10108,0.071356,-0.16278,-0.10192,-0.018616,0.045852,0.057102,-0.1021,0.080935,-0.060399,0.094607,-0.090249,0.0012937,-0.11112,0.038163,0.013247,-0.14238,0.025497,0.054899,-0.068823
-0.39574,-0.28423,-0.48802,0.088349,0.025976,-0.80592,-0.0088201,-0.19794,0.30472,0.41154,0.3238,-0.24571,-0.7568,-0.30976,-0.089242,-0.73499,-0.077519,0.038225,0.63555,0.14131,0.19988,0.12551,-0.191,-0.23847,0.37227,-0.47689,-0.27903,0.034131,0.43354,0.08893,0.27893,-0.88139,0.59202,0.15903,-0.31574,-0.36301,-0.23543,-0.085202,-0.16061,-0.23388,-0.66338,0.14065,-0.48552,-0.5142,-0.15171,0.13639,0.76622,0.1413,-0.4618,0.037827,0.02526,0.024327,0.49967,-0.45697,0.26513,-0.53155,-0.21639,0.38194,-0.10517,-0.19661,-0.68347,-0.35569,-0.3053,-0.065036,-0.71346,-0.4399,-0.8418,-0.025516,0.33459,-0.60607,0.37968,-0.0070137,-0.29388,-0.24741,-0.18104,0.2149,0.11763,0.16682,-0.44619,-0.083585,0.12894,0.30083,-0.30446,0.22745,0.45937,0.21899,0.048157,-0.46665,-0.53939,0.061231,0.079305,0.46918,0.4957,-0.70349,-0.22485,0.61571,-0.63507,0.012715,-0.22597,0.17466,-0.23569,0.15145,-0.21106,-0.06587,-0.74448,-0.18237,0.013014,-0.08646,-0.48184,-0.66333,0.39068,-0.28606,0.07764,-0.59476,0.27993,-0.27938,-0.76612,-0.57838,-0.033366,0.47585,-0.041164,-0.32611,-0.22795,-0.52925,-0.62256,0.20556,0.31313,0.19667,0.62267,-0.40315,0.36382,-0.7846,-0.48211,0.59453,-0.51158,0.14794,-0.43701,0.00037344,0.52231,-0.71252,-0.20126,-0.070786,-0.23122,-0.6662,-0.80517,-0.32406,-0.53204,-0.27216,0.11449,-0.17449,0.84419,-0.29191,0.73561,0.36334,-0.67769,-0.073998,-0.1104,-0.42563,-0.31661,0.35127,-0.48672,0.33644,-0.32112,-0.85431,0.67098,0.26121,0.56352,0.05636,0.1396,0.33833,0.2237,-0.011836,-0.54462,0.35697,0.031651,0.14554,-0.699,0.21001,-0.20515,-0.87542,0.31269,-0.53029,0.50121,0.067464,0.18245,-0.50243,-0.44723,0.39774,-0.45389,-0.079414,-0.67412,-0.042554,-0.26862,0.31755,-0.27089,-0.29666,0.53727,-0.19919,-0.49367,-0.094157
-0.051074,-0.057305,-0.066001,0.01779,-0.052629,-0.044679,-0.056454,-0.067788,-0.029833,-0.018264,-0.031049,-0.067929,-0.041685,-0.06898,-0.058343,-0.049669,-0.060692,-0.012141,-0.0046208,-0.039333,-0.049137,-0.045873,-0.063746,-0.06668,-0.026667,-0.05099,-0.059221,-0.054433,-0.021789,0.016104,-0.035856,-0.033206,-0.0037835,0.0088145,-0.068471,-0.068649,-0.05595,-0.041799,-0.0092181,-0.098102,-0.057752,-0.046557,-0.067229,-0.047242,-0.064232,-0.045941,0.0068814,-0.031293,-0.067897,-0.034139,-0.027009,-0.0554,-0.016627,-0.073648,-0.023335,-0.065551,-0.06607,-0.025804,-0.055047,-0.058558,-0.051817,-0.069238,-0.072965,0.0044925,-0.05201,-0.068455,-0.040919,-0.058297,-0.030111,-0.029316,-0.013083,-0.054976,-0.049806,-0.067385,-0.063539,-0.037896,-0.055721,0.022908,-0.067731,-0.061053,-0.048244,-0.010689,-0.045314,-0.039192,-0.011324,-0.037672,-0.067203,-0.055975,-0.067038,-0.050063,-0.037648,-0.018443,0.0013682,-0.054409,-0.067247,-0.0075751,-0.059734,-0.04809,-0.074776,-0.043359,-0.025288,-0.033099,-0.045411,-0.060527,-0.050392,-0.061272,-0.031121,-0.063982,-0.065389,-0.02735,-0.022889,-0.065144,-0.025658,-0.062138,-0.015387,-0.074275,-0.047393,-0.06227,-0.058886,-0.017452,-0.023066,-0.06922,-0.066864,-0.038281,-0.060478,-0.054471,-0.031601,-0.042869,-0.0060517,-0.052151,-0.026137,-0.046723,-0.067333,-0.0072677,-0.066257,-0.036287,-0.05937,-0.037163,-0.014922,-0.05278,-2.2585e-07,-0.063831,-0.06549,-0.042516,-0.044793,-0.068951,-0.065597,-0.0065835,-0.050135,-0.049249,0.0042379,-0.068779,0.0024064,-0.027305,-0.037208,-0.061142,-0.092206,-0.068817,-0.068974,-0.02983,-0.066406,-0.030097,-0.041656,-0.038897,-0.0035978,-0.037969,-0.011744,-0.053882,-0.047575,-0.029709,-0.036746,-0.050239,-0.064759,-0.027263,-0.094689,-0.04622,-0.054797,-0.041026,-0.0095442,-0.037269,-0.032141,-0.065595,-0.0078792,-0.024111,-0.055587,-0.064294,-0.068291,-0.024488,-0.070274,-0.052896,-0.055525,0.020869,-0.067787,-0.031223,-0.06967,-0.06867,-0.013778,-0.068026,-0.066975,-0.035782
-0.11835,-0.10994,-0.1653,0.062755,-0.068457,-0.19063,-0.084669,-0.15341,-0.0015953,0.03202,-0.030529,-0.14449,-0.16284,-0.15301,-0.088974,-0.2159,-0.10114,0.012771,0.024341,-0.026758,-0.096545,-0.048297,-0.11309,-0.12892,-0.025393,-0.1328,-0.11279,-0.087693,-0.00039793,0.060525,-0.055965,-0.22198,0.078112,0.059017,-0.14516,-0.15233,-0.099837,-0.052632,-0.011285,-0.22249,-0.18856,-0.064852,-0.18924,-0.13352,-0.11613,-0.051196,0.14017,-0.0085506,-0.1715,-0.023836,-0.012849,-0.099794,0.020319,-0.21633,0.016243,-0.18631,-0.12488,-0.022638,-0.081237,-0.099682,-0.17202,-0.16025,-0.18573,0.023723,-0.21274,-0.17619,-0.18742,-0.10034,-0.027649,-0.11931,0.04467,-0.076532,-0.098434,-0.13408,-0.11171,-0.024264,-0.11358,0.079228,-0.16367,-0.10277,-0.084955,0.043808,-0.092885,-0.036798,0.052071,-0.023815,-0.14273,-0.13911,-0.21667,-0.060096,-0.026541,0.00098717,0.083499,-0.18873,-0.13628,0.031923,-0.19356,-0.054837,-0.18141,-0.046542,-0.048919,-0.011574,-0.077409,-0.10537,-0.24685,-0.1046,-0.021368,-0.13747,-0.16156,-0.12275,0.016744,-0.12749,-0.0043603,-0.19482,0.033349,-0.18643,-0.18204,-0.17503,-0.10635,-0.0069273,-0.015155,-0.16076,-0.13039,-0.12195,-0.19475,-0.10938,-0.013477,-0.072197,0.026222,-0.12142,0.0059042,-0.19891,-0.18516,0.065015,-0.18988,-0.018937,-0.1397,-0.033589,0.024723,-0.20574,-0.0032646,-0.13747,-0.1227,-0.15098,-0.19145,-0.15117,-0.18093,-0.025163,-0.093281,-0.078459,0.061998,-0.15099,0.037222,-0.0019159,-0.14297,-0.11237,-0.19931,-0.18208,-0.15178,-0.043892,-0.16689,-0.016263,-0.089934,-0.2041,0.038393,-0.063002,0.02776,-0.10137,-0.0842,-0.031478,-0.020537,-0.061781,-0.19974,0.0011503,-0.18846,-0.068439,-0.18865,-0.060698,-0.018876,-0.19945,-0.021981,-0.18656,0.062571,-0.0028887,-0.11237,-0.16264,-0.1795,-0.015864,-0.20367,-0.073728,-0.17997,0.050326,-0.13729,-0.012465,-0.16683,-0.14695,0.025423,-0.15494,-0.17481,-0.043503
0.19612,0.1673,0.28092,-0.073661,0.096123,0.36261,0.1339,0.29163,-0.033508,-0.10895,0.057349,0.25858,0.32126,0.27151,0.1297,0.43815,0.16556,-0.02358,-0.057747,0.011061,0.16759,0.061145,0.17542,0.21085,0.051167,0.22707,0.17108,0.15489,-0.0096309,-0.072902,0.11084,0.45123,-0.22019,-0.10284,0.24448,0.25788,0.14817,0.068096,0.068152,0.38923,0.34637,0.11448,0.36102,0.23791,0.19226,0.07177,-0.37802,-0.022645,0.30415,0.012461,0.0023948,0.18728,-0.061858,0.42992,-0.074889,0.34629,0.20353,0.045401,0.11196,0.14579,0.30959,0.28561,0.35946,0.014727,0.42801,0.32384,0.36032,0.17729,0.0513,0.27098,-0.13697,0.11135,0.15595,0.22467,0.17336,0.012807,0.20427,-0.12001,0.28042,0.16895,0.16498,-0.12629,0.15419,0.051817,-0.1559,0.012292,0.24406,0.23023,0.43621,0.080546,0.011556,-0.0063737,-0.22633,0.34822,0.23727,-0.07738,0.36396,0.063582,0.34561,0.0676,0.11019,-0.018261,0.1187,0.18181,0.51534,0.15606,0.014154,0.26259,0.27094,0.2952,-0.07117,0.19972,-0.018708,0.37054,-0.1063,0.35917,0.33954,0.3052,0.19331,0.014055,0.023016,0.29331,0.21772,0.23978,0.3687,0.16844,0.0019124,0.14181,-0.060708,0.20035,-0.044961,0.38383,0.34809,-0.18485,0.36056,-0.0045908,0.22622,0.030859,-0.071446,0.40489,0.087077,0.26242,0.19448,0.29159,0.36449,0.26218,0.32735,0.12344,0.18063,0.11283,-0.158,0.26889,-0.10016,-0.021875,0.29565,0.20119,0.32897,0.34491,0.26587,0.084685,0.28578,0.016541,0.15727,0.40175,-0.091393,0.123,-0.072921,0.19497,0.1639,0.062362,0.0044212,0.076552,0.3898,-0.03244,0.25317,0.12633,0.34772,0.11789,0.090258,0.38934,0.028384,0.34731,-0.18106,-0.018075,0.17967,0.27316,0.33384,0.029719,0.40229,0.09818,0.32273,-0.0017422,0.2299,-0.00013171,0.31836,0.25453,-0.070576,0.29512,0.31088,0.060777
0.18285,0.12209,0.12331,0.090048,-0.011722,0.18705,-0.014759,-0.0089788,-0.088111,-0.11354,-0.13461,0.027187,0.26324,0.047815,0.028509,0.13259,0.00088742,0.072712,-0.23588,-0.027959,-0.17075,-0.042914,0.051984,0.051603,-0.15857,0.20535,0.1127,-0.045798,-0.15109,0.087242,-0.15366,0.16638,-0.16642,0.037174,0.066545,0.079824,0.10736,0.078953,0.18411,-0.055848,0.14643,-0.075216,0.076271,0.2276,0.02104,-0.052753,-0.22733,-0.010955,0.093245,0.03479,0.054382,-0.059017,-0.1579,0.051201,-0.056781,0.097681,0.045496,-0.1597,0.051095,0.080956,0.20775,0.05966,0.0095423,0.15769,0.12829,0.074266,0.20438,-0.029621,-0.13646,0.30978,-0.094511,-0.0034584,0.15076,0.046935,0.048072,-0.064263,-0.13992,0.050915,0.10278,0.001899,-0.10142,-0.057579,0.16806,-0.085406,-0.12462,-0.065923,-0.13558,0.18302,0.078517,-0.021161,0.007105,-0.17101,-0.13105,0.16102,0.029239,-0.20136,0.12514,0.014264,-0.022605,-0.068418,0.18775,-0.019265,0.12852,-0.0133,0.13857,0.062307,0.052981,-0.047817,0.13016,0.32992,-0.11332,0.086246,0.03026,0.10904,-0.053239,-0.0021704,0.20263,0.14606,-0.034428,-0.19491,0.095509,0.04383,0.042024,0.26216,0.1188,-0.19684,-0.10318,-0.12519,-0.21975,0.1814,-0.10932,0.16205,0.079575,-0.16857,0.085216,-0.024059,0.1614,0.047266,-0.16364,0.13278,0.22412,-0.056428,0.059542,0.26589,0.18465,0.059186,0.10765,0.2462,-0.10571,0.1017,-0.26448,0.041619,-0.27556,-0.11605,0.29154,-0.019716,-0.10597,0.060751,0.053804,-0.18416,0.11814,-0.119,0.18478,0.17101,-0.22116,-0.15452,-0.17981,-0.081237,-0.10725,-0.14667,-0.065121,0.020183,0.087509,-0.11014,-0.19395,-0.08419,0.15963,-0.11327,0.20645,0.18347,-0.11353,0.096784,-0.13754,0.038,-0.18443,0.13981,0.072696,-0.15663,0.055289,0.045838,0.1765,0.17365,0.053691,-0.10433,0.010957,0.051507,-0.16989,-0.010069,0.10231,0.09681
0.1792,0.16301,-0.043985,0.53009,0.11682,-0.12036,0.04164,-0.26096,0.22663,0.31104,-0.021091,-0.13516,0.034422,-0.1292,0.11305,-0.3324,0.0055102,0.43612,-0.019895,0.24592,-0.29403,0.13263,0.060324,-0.0068711,-0.054242,0.1471,0.14505,-0.0485,0.066105,0.52623,-0.15412,-0.32528,0.39107,0.51627,-0.050037,-0.057284,0.18036,0.28921,0.4094,-0.53884,-0.13586,-0.020933,-0.263,0.15128,-0.015331,0.097094,0.50855,0.32901,-0.12681,0.33043,0.37193,-0.13438,0.14184,-0.44631,0.34972,-0.20143,-0.0015369,-0.046122,0.17595,0.15255,-0.0010956,-0.13916,-0.37065,0.46809,-0.31768,-0.19228,-0.099878,-0.065352,-0.013582,0.18445,0.39147,0.10102,0.21651,-0.039782,0.058859,0.18526,-0.31172,0.55424,-0.069165,0.00058609,-0.1645,0.43215,0.23917,0.078201,0.36912,0.18341,-0.3847,0.11702,-0.41347,0.13116,0.29535,0.021964,0.46983,-0.1218,-0.090143,0.077114,-0.19642,0.21357,-0.39707,0.078546,0.34048,0.30972,0.25818,-0.047836,-0.49038,0.10994,0.35042,-0.26768,-0.017229,0.16574,0.24654,0.060038,0.37715,-0.23188,0.40668,-0.39018,-0.061372,-0.060941,-0.10473,-0.057391,0.38618,-0.17833,-0.033511,0.18625,-0.21429,-0.34262,0.13669,-0.16178,0.014952,0.16987,0.20833,-0.18716,-0.23207,0.3271,-0.24814,0.27913,0.10049,0.31473,0.14616,-0.26491,0.42139,-0.28239,0.034874,0.093213,-0.12632,-0.09437,-0.15103,0.38332,-0.20306,0.23729,0.062274,-0.13339,-0.032287,0.15506,0.11504,-0.096072,-0.50341,-0.25516,-0.10932,-0.16094,-0.059422,0.081257,0.25231,-0.21353,0.05806,-0.17858,0.11477,-0.18837,-0.17273,-0.052355,0.19882,0.19847,-0.30317,0.18478,-0.50003,-0.059151,-0.12249,-0.09463,0.39638,-0.1774,0.070139,-0.20472,0.38592,0.38579,-0.34246,-0.009799,-0.21438,-0.012823,-0.38209,0.19398,-0.057988,0.5091,-0.040209,0.13824,-0.28256,-0.09068,0.13164,-0.27002,-0.12714,0.32331
-0.068381,-0.080153,0.20963,-0.60204,-0.12056,0.40214,-0.030162,0.35521,-0.3223,-0.44783,-0.062286,0.23163,0.19269,0.24523,-0.082534,0.61913,0.028892,-0.47329,-0.16289,-0.29211,0.28338,-0.16705,0.0041099,0.090706,-0.040513,-0.01,-0.061801,0.053764,-0.19208,-0.59692,0.098954,0.6665,-0.60184,-0.59861,0.16122,0.184,-0.11301,-0.2743,-0.40099,0.69844,0.37108,-0.0074498,0.45037,-0.006023,0.073467,-0.13255,-0.81179,-0.38105,0.292,-0.35312,-0.39589,0.14991,-0.29661,0.6499,-0.44095,0.39795,0.078232,-0.052485,-0.14528,-0.09366,0.22176,0.27076,0.51224,-0.49412,0.59432,0.35659,0.38828,0.089567,-0.073809,-0.032794,-0.52344,-0.093978,-0.13769,0.12891,0.002702,-0.25012,0.32503,-0.64913,0.2237,0.035975,0.15305,-0.54181,-0.16123,-0.14003,-0.52722,-0.24942,0.43073,0.022543,0.63992,-0.14627,-0.32671,-0.15537,-0.65118,0.36908,0.17635,-0.26643,0.42897,-0.21969,0.51871,-0.12433,-0.29889,-0.36329,-0.20655,0.082674,0.79842,-0.051777,-0.36853,0.32976,0.1781,-0.00074473,-0.37176,0.032967,-0.41569,0.4541,-0.50728,0.52677,0.31852,0.25802,0.1345,-0.068796,-0.39576,0.30405,0.11618,-0.046868,0.44444,0.34249,-0.22922,0.13082,-0.19875,-0.055608,-0.32205,0.47281,0.41484,-0.53269,0.44284,-0.32949,0.033126,-0.32558,-0.30921,0.53436,-0.4126,0.34186,0.043566,0.099189,0.40901,0.21191,0.34239,-0.35084,0.20029,-0.19272,-0.33203,0.24416,-0.18015,-0.26501,0.071462,0.13716,0.6205,0.42131,0.22578,0.086449,0.22622,-0.17721,-0.17281,0.52888,-0.26475,0.13178,-0.28951,0.20024,0.15921,-0.032316,-0.26723,-0.19642,0.51597,-0.29468,0.59082,0.032482,0.36832,0.052368,-0.37703,0.49392,-0.15777,0.40116,-0.56084,-0.42262,0.3473,0.1764,0.38342,-0.094211,0.57394,-0.1721,0.28596,-0.55573,0.13592,-0.23228,0.40174,0.19926,-0.29867,0.3657,0.30302,-0.31027
-0.11544,-0.095416,-0.10192,-0.12848,-0.030518,-0.1434,-0.025591,-0.00994,0.0095791,0.016176,0.054356,-0.044078,-0.14034,-0.057319,-0.052643,-0.084756,-0.033733,-0.10155,0.12238,-0.030033,0.079343,-0.012555,-0.063733,-0.062771,0.069569,-0.12189,-0.091752,-0.0027521,0.066353,-0.12642,0.065367,-0.10231,0.038221,-0.1037,-0.070778,-0.078338,-0.0901,-0.08475,-0.13844,0.081429,-0.11955,0.015076,-0.063692,-0.1273,-0.045056,-0.0043656,0.028611,-0.048363,-0.085811,-0.070285,-0.083938,0.0094264,0.070343,-0.00054958,-0.026522,-0.085333,-0.059427,0.070513,-0.066045,-0.078771,-0.13463,-0.064277,-0.001476,-0.14064,-0.086827,-0.070391,-0.14906,-0.012215,0.055621,-0.14497,-0.011591,-0.034595,-0.10634,-0.059607,-0.06167,-0.0025805,0.066581,-0.11888,-0.09148,-0.034176,0.036208,-0.041252,-0.11274,0.018287,0.012937,-0.0013486,0.074572,-0.1166,-0.026375,-0.025701,-0.053484,0.080584,-0.0089592,-0.12797,-0.047542,0.10756,-0.10461,-0.050107,0.021946,0.0067971,-0.12835,-0.041651,-0.1009,-0.023125,0.0027697,-0.069554,-0.080534,0.013628,-0.10406,-0.14679,0.025352,-0.080778,-0.074349,-0.090281,-0.038459,0.0095553,-0.14208,-0.11484,-0.0073481,0.092224,-0.10229,-0.051719,-0.05688,-0.1353,-0.098886,0.095995,0.027785,0.049684,0.11618,-0.115,0.026615,-0.13109,-0.070062,0.056211,-0.071847,-0.035567,-0.11038,-0.074021,0.075087,-0.10228,-0.15557,0.020228,-0.067439,-0.13661,-0.14272,-0.065649,-0.094498,-0.15561,0.040538,-0.090015,0.16248,-0.053224,0.14383,0.036108,-0.13901,-0.016961,0.089298,-0.054564,-0.061882,0.081518,-0.099781,0.041986,-0.11853,-0.1359,0.12291,0.066073,0.089887,0.025792,0.039905,0.062007,-0.0031531,-0.052155,-0.063919,0.029395,0.12599,0.022062,-0.12717,0.041199,-0.14395,-0.14539,0.038378,-0.084459,0.018196,-0.078985,0.090492,-0.10821,-0.067374,0.069353,-0.024258,-0.064382,-0.12993,-0.15643,-0.063509,0.028523,-0.019008,-0.0611,0.081001,-0.0081027,-0.091478,-0.094879
0.11112,0.086562,0.24489,-0.21348,-0.005174,0.39379,0.035014,0.20791,-0.1544,-0.22404,-0.081246,0.1866,0.29912,0.2088,0.040198,0.42098,0.074616,-0.14541,-0.218,-0.096088,0.080087,-0.050193,0.097956,0.14048,-0.089661,0.15149,0.093322,0.048638,-0.15925,-0.21093,-0.011634,0.48567,-0.32005,-0.21867,0.18458,0.20456,0.062889,-0.035754,-0.087007,0.31661,0.34224,-0.0042743,0.3123,0.15893,0.11062,-0.042516,-0.42491,-0.12726,0.26441,-0.093251,-0.10869,0.081903,-0.21298,0.34595,-0.17932,0.31271,0.1303,-0.09686,0.021112,0.062599,0.29443,0.2291,0.27776,-0.14496,0.40946,0.27633,0.40156,0.078235,-0.088543,0.158,-0.2358,0.013335,0.062395,0.1555,0.094837,-0.10418,0.11562,-0.24328,0.23912,0.078696,0.051475,-0.22142,0.052757,-0.074037,-0.26006,-0.10523,0.17147,0.16518,0.36535,-0.024088,-0.09229,-0.15989,-0.3026,0.35282,0.16405,-0.24568,0.35001,-0.036146,0.26014,-0.052054,-0.025515,-0.12341,0.016863,0.088303,0.45909,0.075398,-0.094734,0.16972,0.23221,0.18408,-0.19636,0.13235,-0.12676,0.34442,-0.20492,0.27499,0.3533,0.28371,0.094607,-0.13252,-0.097957,0.23016,0.14598,0.14016,0.3502,0.10386,-0.12948,0.02385,-0.22638,0.11836,-0.17347,0.40683,0.30294,-0.30572,0.31795,-0.11068,0.16466,-0.074284,-0.22452,0.39761,-0.090153,0.16917,0.1224,0.23517,0.39566,0.20282,0.298,-0.050386,0.071649,0.016644,-0.35345,0.20345,-0.25744,-0.15686,0.2236,0.1077,0.27201,0.28859,0.20496,-0.037066,0.25023,-0.12165,0.049322,0.44536,-0.26504,0.005522,-0.23372,0.088432,0.050403,-0.075997,-0.11225,-0.021312,0.3434,-0.16333,0.24411,0.0069098,0.35133,-0.0069142,-0.070226,0.44495,-0.10772,0.31317,-0.28145,-0.12772,0.1105,0.23636,0.28532,-0.11603,0.32995,0.0046241,0.31715,-0.18016,0.1636,-0.13187,0.24064,0.19135,-0.22691,0.21118,0.27624,-0.050139
0.22571,0.16275,0.1623,0.12351,0.0065339,0.25,-0.0059097,-0.029631,-0.06957,-0.084254,-0.1644,0.029228,0.32807,0.056927,0.054124,0.14451,0.0096479,0.11658,-0.29463,0.0036688,-0.21235,-0.02919,0.077824,0.072217,-0.19721,0.25094,0.15231,-0.055159,-0.17614,0.12196,-0.19558,0.17799,-0.12763,0.084229,0.088065,0.10483,0.14713,0.12081,0.20848,-0.082026,0.19194,-0.089205,0.081219,0.27283,0.0329,-0.046091,-0.15488,0.032069,0.11818,0.078862,0.099783,-0.080442,-0.17385,0.026508,-0.013889,0.11796,0.064958,-0.19812,0.085291,0.11728,0.26917,0.071768,-0.016425,0.18122,0.14253,0.086483,0.27381,-0.036529,-0.16603,0.34112,-0.047973,0.014681,0.19192,0.063624,0.072968,-0.047478,-0.18042,0.091521,0.13438,0.010399,-0.13453,-0.004046,0.20795,-0.089599,-0.085295,-0.049768,-0.17252,0.22982,0.06293,-0.0030844,0.04764,-0.20738,-0.072832,0.21309,0.036268,-0.24313,0.15728,0.047371,-0.05518,-0.068148,0.21863,0.021151,0.16923,-0.013952,0.112,0.093583,0.097696,-0.077368,0.1715,0.36057,-0.096644,0.11915,0.077138,0.13052,-0.0026664,-0.031574,0.269,0.19238,-0.046731,-0.24264,0.1373,0.046857,0.057877,0.30052,0.14638,-0.23338,-0.10339,-0.16258,-0.27295,0.22481,-0.098849,0.21054,0.089473,-0.14654,0.095324,0.012259,0.20688,0.090379,-0.18083,0.1587,0.23588,-0.088401,0.085203,0.31949,0.24654,0.075021,0.13634,0.25803,-0.14169,0.14234,-0.33701,0.048345,-0.34506,-0.11676,0.33942,-0.027191,-0.13218,0.061171,0.066645,-0.23053,0.15513,-0.13212,0.2229,0.21762,-0.27284,-0.19705,-0.20813,-0.11193,-0.14195,-0.18222,-0.046425,0.05253,0.091028,-0.10411,-0.2026,-0.10462,0.21112,-0.14402,0.227,0.23987,-0.12663,0.11637,-0.0963,0.084884,-0.222,0.18382,0.082017,-0.19175,0.038339,0.080763,0.23337,0.18513,0.07225,-0.1046,-0.0067054,0.065245,-0.19182,-0.031793,0.13058,0.13876
0.13729,0.097742,0.28099,-0.34994,-0.02552,0.39838,0.029713,0.27958,-0.22112,-0.32078,-0.10318,0.22825,0.32516,0.25187,0.032209,0.48748,0.080728,-0.23536,-0.25877,-0.15224,0.11885,-0.0826,0.1066,0.16087,-0.11113,0.1877,0.10481,0.054895,-0.20093,-0.34562,-0.010158,0.48929,-0.45021,-0.36105,0.21521,0.23828,0.066063,-0.068944,-0.13366,0.52135,0.37652,-0.011471,0.38862,0.19885,0.12573,-0.069555,-0.58477,-0.20299,0.30938,-0.15434,-0.17778,0.10526,-0.26978,0.50401,-0.27595,0.3698,0.14838,-0.12014,0.0069649,0.062815,0.32704,0.27541,0.39556,-0.22806,0.4762,0.33443,0.39406,0.092216,-0.11239,0.19789,-0.35772,-0.001318,0.071833,0.18083,0.10271,-0.15458,0.17113,-0.40562,0.2766,0.086062,0.071226,-0.35054,0.062188,-0.10494,-0.37907,-0.15559,0.26049,0.19965,0.50134,-0.050227,-0.15158,-0.19726,-0.46624,0.38032,0.19603,-0.29284,0.39686,-0.070862,0.38527,-0.078959,-0.041848,-0.19556,0.0090246,0.10224,0.5805,0.077963,-0.15647,0.23543,0.26692,0.2191,-0.27348,0.14999,-0.20586,0.40399,-0.32207,0.40038,0.36948,0.31988,0.11663,-0.16234,-0.15909,0.28422,0.16917,0.1805,0.40239,0.15421,-0.17719,0.035912,-0.26832,0.14568,-0.23962,0.42269,0.37019,-0.41131,0.38847,-0.17504,0.19583,-0.12607,-0.28248,0.4478,-0.13493,0.23797,0.13742,0.27681,0.40061,0.24024,0.34506,-0.072997,0.10091,0.0052136,-0.3758,0.2467,-0.29753,-0.21122,0.26386,0.13106,0.43879,0.3641,0.24461,-0.043392,0.28734,-0.16052,0.060254,0.44029,-0.3091,0.012979,-0.28636,0.12045,0.070681,-0.094785,-0.16626,-0.050491,0.42994,-0.2237,0.38561,0.0058432,0.37956,-0.0077137,-0.1059,0.42617,-0.14318,0.3711,-0.40864,-0.20755,0.16468,0.27143,0.34879,-0.14466,0.45454,-0.015246,0.3473,-0.28496,0.19029,-0.18016,0.3229,0.22703,-0.28232,0.28575,0.32082,-0.087878
-0.0079468,0.010423,-0.10874,0.23904,0.037645,-0.19169,-0.0026076,-0.17801,0.125,0.18172,0.0058646,-0.11833,-0.13912,-0.12353,0.020801,-0.29021,-0.028321,0.18512,0.050925,0.11439,-0.1336,0.057337,-0.017445,-0.05492,-0.0029202,-0.037533,0.0044588,-0.041426,0.05978,0.23736,-0.060037,-0.29705,0.24878,0.24876,-0.085762,-0.095798,0.026407,0.098318,0.12582,-0.34878,-0.17685,-0.015684,-0.21746,-0.046264,-0.047559,0.041283,0.34411,0.15457,-0.14293,0.13836,0.15446,-0.084781,0.10389,-0.32624,0.18306,-0.19027,-0.049438,0.0019779,0.04672,0.021959,-0.1291,-0.13457,-0.25484,0.17304,-0.27889,-0.17305,-0.1896,-0.056686,0.01067,-0.06941,0.22127,0.025997,0.027897,-0.071643,-0.016705,0.093718,-0.15659,0.26995,-0.11344,-0.031435,-0.086034,0.23161,0.033082,0.042319,0.2195,0.09328,-0.20386,-0.044097,-0.31674,0.048872,0.12908,0.043745,0.28313,-0.17677,-0.093185,0.087123,-0.20195,0.08127,-0.25818,0.03657,0.08292,0.14676,0.060861,-0.052856,-0.39669,0.0059424,0.14274,-0.16645,-0.096402,-0.093313,0.14517,-0.031758,0.1666,-0.21504,0.21483,-0.26252,-0.16434,-0.13082,-0.077077,0.010632,0.14684,-0.15076,-0.066084,-0.042851,-0.20946,-0.15269,0.080663,-0.07546,0.061995,-0.012634,0.12241,-0.21742,-0.19993,0.21204,-0.21269,0.13141,-0.043115,0.12483,0.10855,-0.24844,0.11758,-0.17188,-0.034699,-0.10268,-0.19389,-0.10816,-0.16476,0.084431,-0.10632,0.06035,0.11337,-0.12333,0.066213,0.095386,-0.10334,-0.077638,-0.29934,-0.20505,-0.11452,-0.051372,-0.11527,0.05597,0.033132,-0.23745,0.086357,-0.073412,0.098057,-0.1072,-0.088484,-0.0065945,0.1015,0.070792,-0.24846,0.10966,-0.26384,-0.033579,-0.17637,-0.042563,0.10885,-0.2231,0.047905,-0.19182,0.23438,0.16865,-0.1576,-0.096904,-0.18572,0.018936,-0.28381,0.058653,-0.14634,0.19512,-0.074682,0.081924,-0.19957,-0.10272,0.10313,-0.18305,-0.14763,0.11036
-0.41123,-0.3237,-0.20621,-0.49569,-0.1161,-0.3026,-0.054367,0.16815,-0.1021,-0.1393,0.1674,0.016094,-0.50613,-0.021698,-0.16742,-0.033612,-0.049243,-0.42989,0.32769,-0.19395,0.40782,-0.086384,-0.16257,-0.11506,0.22823,-0.4283,-0.30089,0.060225,0.1226,-0.49156,0.29389,-0.1137,-0.13807,-0.44649,-0.10819,-0.12469,-0.31497,-0.34789,-0.51359,0.42655,-0.19952,0.081081,0.027045,-0.46154,-0.063215,-0.04475,-0.15553,-0.27583,-0.10128,-0.32661,-0.37378,0.14595,0.070119,0.21629,-0.23978,-0.058712,-0.10965,0.2238,-0.24104,-0.26383,-0.38251,-0.034233,0.22315,-0.51714,-0.036291,-0.021526,-0.3557,0.049672,0.16425,-0.58669,-0.22924,-0.11529,-0.38895,-0.084631,-0.15599,-0.099895,0.38182,-0.4794,-0.15545,-0.046993,0.22908,-0.30164,-0.42093,0.016189,-0.17423,-0.096199,0.42172,-0.3837,0.14269,-0.11443,-0.27187,0.18887,-0.25046,-0.23874,-0.020529,0.1961,-0.1177,-0.22159,0.28958,-0.0080659,-0.4881,-0.25232,-0.38509,0.01214,0.091304,-0.21093,-0.35875,0.2303,-0.23322,-0.61834,-0.084911,-0.21156,-0.35289,-0.059877,-0.28717,0.25538,-0.35732,-0.23802,0.08715,0.2853,-0.42236,0.021015,-0.081571,-0.51985,-0.092394,0.46505,-0.0066601,0.26009,0.27539,-0.40509,-0.058072,-0.20819,-0.0022348,-0.077347,-0.00096456,-0.22387,-0.34432,-0.32963,0.075507,-0.087267,-0.5508,0.25324,-0.15588,-0.51045,-0.29426,-0.065353,-0.11199,-0.5569,0.26331,-0.34211,0.34454,-0.0084874,0.41184,-0.0036743,-0.55752,0.058661,0.45864,0.049351,-0.04589,0.34052,-0.18813,0.062061,-0.44647,-0.21583,0.24715,0.31214,0.12838,0.21858,0.24328,0.20927,-0.10971,-0.21804,0.03656,-0.037073,0.5368,0.12408,-0.23531,0.19326,-0.5275,-0.27059,0.0632,-0.054666,-0.17207,-0.36629,0.45147,-0.25368,-0.0025982,0.19377,0.15815,-0.24679,-0.29965,-0.54588,-0.094801,-0.0063227,0.1537,-0.055507,0.097896,0.17668,-0.11753,-0.38755
-0.054746,-0.057193,-0.097702,0.056867,-0.026813,-0.099679,-0.037381,-0.085213,0.027394,0.053328,0.011296,-0.082334,-0.044302,-0.089801,-0.043862,-0.14258,-0.050095,0.02391,0.043905,0.0021596,-0.044394,-0.0098158,-0.061532,-0.072708,0.014624,-0.059588,-0.059972,-0.036318,0.035826,0.055319,-0.010385,-0.14408,0.093986,0.052868,-0.084795,-0.090155,-0.051167,-0.019771,0.019137,-0.12646,-0.11316,-0.01749,-0.11808,-0.053885,-0.062061,-0.010457,0.14635,0.011934,-0.1046,-0.00056326,0.0065411,-0.043886,0.05283,-0.13346,0.032914,-0.11641,-0.069608,0.016869,-0.03945,-0.052199,-0.081654,-0.095658,-0.10855,0.038551,-0.13954,-0.10811,-0.085637,-0.046654,0.013613,-0.01214,0.056626,-0.03302,-0.045958,-0.076198,-0.060438,0.0088927,-0.05468,0.065339,-0.098092,-0.051305,-0.031392,0.049705,-0.039615,0.0034982,0.067765,0.0094402,-0.07589,-0.068957,-0.13804,-0.020252,-0.0010488,0.03627,0.087142,-0.10957,-0.076726,0.060231,-0.12117,-0.020067,-0.10286,-0.0053132,-0.0059536,0.010817,-0.033759,-0.051684,-0.16955,-0.055771,0.00087358,-0.071402,-0.094037,0.0010855,0.043844,-0.071818,0.012326,-0.12339,0.042783,-0.10782,-0.087266,-0.10208,-0.050415,0.02628,0.0064175,-0.095072,-0.07335,-0.035438,-0.12283,-0.057434,0.022023,-0.02183,0.050577,-0.05714,0.03608,-0.11837,-0.11516,0.086712,-0.11907,0.0066721,-0.073467,-0.0072463,0.056641,-0.1322,0.032015,-0.070999,-0.068489,-0.04575,-0.10156,-0.089002,-0.11162,0.022357,-0.037763,-0.03656,0.055994,-0.087968,0.035995,0.031875,-0.028101,-0.055924,-0.1125,-0.11163,-0.089222,-0.0037108,-0.099469,0.021826,-0.034777,-0.11983,0.061317,-0.016181,0.059088,-0.044034,-0.030824,0.010226,0.011421,-0.025057,-0.12688,0.033065,-0.11145,-0.019471,-0.10991,-0.012628,0.017981,-0.10757,0.017099,-0.11663,0.077098,0.013148,-0.058073,-0.093569,-0.11054,0.022782,-0.12591,-0.034211,-0.098139,0.057857,-0.078767,0.022884,-0.096186,-0.085631,0.057347,-0.086156,-0.10691,-0.012755
-0.041424,-0.054111,-0.0096208,-0.1464,-0.088996,0.0023311,-0.072542,0.00082166,-0.13956,-0.163,-0.098798,-0.015988,-0.029793,-0.0106,-0.073438,0.046084,-0.05823,-0.13218,-0.11032,-0.12419,-0.043309,-0.10398,-0.052816,-0.037324,-0.097354,-0.031239,-0.05288,-0.062804,-0.12182,-0.14653,-0.073068,0.047685,-0.18338,-0.16027,-0.022646,-0.017109,-0.062488,-0.096887,-0.088226,0.053371,0.010165,-0.079971,0.025951,-0.028462,-0.045976,-0.099373,-0.18158,-0.13664,0.0013818,-0.12146,-0.12412,-0.047087,-0.1385,0.057396,-0.15548,0.017697,-0.040622,-0.099414,-0.080174,-0.064567,-0.013165,-0.0047645,0.031682,-0.11029,0.043261,0.010735,-0.0070492,-0.052811,-0.10099,-0.020668,-0.17343,-0.082272,-0.057467,-0.031281,-0.053818,-0.12316,-0.02968,-0.16328,-0.0086402,-0.056696,-0.054539,-0.1716,-0.057272,-0.10635,-0.17565,-0.1233,-0.0090943,-0.030025,0.055698,-0.095773,-0.1231,-0.11614,-0.19204,0.007358,-0.025656,-0.12859,0.020375,-0.10198,0.02846,-0.10066,-0.072322,-0.13523,-0.073396,-0.050899,0.065731,-0.06088,-0.11976,-0.010772,-0.013757,-0.019985,-0.15046,-0.041611,-0.13339,0.025513,-0.16564,0.032772,-0.0081114,-0.0031727,-0.045221,-0.10332,-0.11338,-0.00083136,-0.034386,-0.0273,0.023225,-0.038017,-0.12487,-0.062879,-0.11704,-0.039997,-0.14171,0.01824,0.020314,-0.17344,0.024787,-0.13017,-0.031027,-0.11362,-0.1401,0.033686,-0.076576,-0.010103,-0.044347,-0.024216,0.0038292,-0.014905,0.0092673,-0.061007,-0.046451,-0.077307,-0.10007,-0.011626,-0.09823,-0.1324,-0.025888,-0.041855,0.031425,0.020654,-0.013203,-0.079113,-0.0074498,-0.11733,-0.055172,0.022472,-0.12319,-0.067436,-0.13543,-0.041806,-0.054449,-0.094882,-0.12641,-0.096377,0.036187,-0.13706,0.0059683,-0.074074,0.0075612,-0.075319,-0.077665,0.012671,-0.11333,0.0182,-0.1804,-0.13271,-0.034611,-0.013563,0.015024,-0.10605,0.045568,-0.086228,-0.003292,-0.11357,-0.028953,-0.12555,0.012274,-0.01814,-0.13793,0.0025745,0.0033898,-0.098655
-0.18375,-0.16726,-0.021,-0.34333,-0.14074,0.093224,-0.10154,0.060567,-0.1973,-0.23473,-0.079623,0.0034782,-0.058647,0.0066357,-0.13701,0.18674,-0.080304,-0.30454,-0.089775,-0.20422,0.080417,-0.15034,-0.10533,-0.065291,-0.062112,-0.16195,-0.15526,-0.057203,-0.12979,-0.34129,-0.003345,0.24051,-0.27335,-0.32304,-0.035405,-0.026872,-0.1773,-0.23615,-0.327,0.17144,0.066979,-0.074749,0.096854,-0.16792,-0.065771,-0.13335,-0.32169,-0.24254,0.024437,-0.24934,-0.27214,-0.012916,-0.17124,0.1595,-0.24751,0.075933,-0.06958,-0.066945,-0.17176,-0.15916,-0.028055,0.01694,0.11679,-0.3449,0.17419,0.055553,0.087544,-0.04621,-0.083955,-0.2159,-0.26211,-0.13207,-0.20497,-0.046567,-0.10485,-0.17684,0.084477,-0.33684,-0.010711,-0.077476,0.001026,-0.27731,-0.22265,-0.12689,-0.25692,-0.17608,0.12182,-0.13685,0.16394,-0.14851,-0.22933,-0.10824,-0.28628,0.067276,-0.021462,-0.14931,0.095378,-0.19015,0.12186,-0.12539,-0.29041,-0.23337,-0.2273,-0.053288,0.22753,-0.13395,-0.26192,0.057949,-0.038962,-0.20762,-0.20887,-0.10157,-0.26959,0.10427,-0.26899,0.12228,0.036625,0.0024245,-0.025819,-0.061307,-0.28849,0.033357,-0.051356,-0.20329,0.10182,0.11458,-0.15773,-0.0002727,-0.11272,-0.17679,-0.19175,0.13143,0.081928,-0.25457,0.094843,-0.21949,-0.12418,-0.24386,-0.17518,0.15072,-0.34799,0.064731,-0.089205,-0.12062,0.097395,-0.010279,0.049284,-0.33575,0.022131,-0.21084,-0.17086,0.0069668,-0.082417,-0.16838,-0.147,-0.028252,0.16804,0.083364,-0.0030621,0.0035141,-0.011493,-0.13251,-0.23469,0.17208,-0.14395,0.011045,-0.16394,0.014407,0.0055234,-0.0627,-0.18316,-0.18268,0.12566,-0.18127,0.19115,-0.055239,0.06667,-0.037675,-0.32811,0.15748,-0.12609,0.077359,-0.26435,-0.27487,0.11097,-0.041759,0.067596,-0.086178,0.13914,-0.18142,0.016244,-0.36675,-0.044741,-0.15863,0.076467,-0.014946,-0.1697,0.064867,0.02949,-0.25746
-0.065206,-0.039748,-0.13751,0.062845,0.014126,-0.24339,-0.012739,-0.13254,0.096484,0.1373,0.033704,-0.11018,-0.19212,-0.12225,-0.0095532,-0.27934,-0.036163,0.059937,0.098664,0.067171,-0.048313,0.037609,-0.043653,-0.071923,0.034155,-0.090901,-0.041967,-0.029687,0.080179,0.06404,-0.0091451,-0.31122,0.19149,0.091439,-0.10058,-0.11296,-0.025558,0.02413,-0.0073501,-0.17576,-0.20891,-0.0015411,-0.19976,-0.1018,-0.056718,0.030367,0.23779,0.081515,-0.15591,0.057722,0.057368,-0.054972,0.11511,-0.2313,0.11228,-0.19437,-0.065877,0.038266,0.0017923,-0.022424,-0.1756,-0.13523,-0.18026,0.015796,-0.27075,-0.16967,-0.24774,-0.045972,0.037908,-0.14369,0.14427,0.0035932,-0.034737,-0.083194,-0.042023,0.068441,-0.07015,0.088269,-0.13518,-0.038736,-0.04174,0.13074,-0.036181,0.042833,0.15855,0.068806,-0.092337,-0.092151,-0.24677,0.024677,0.062801,0.074837,0.18092,-0.21546,-0.093006,0.12181,-0.21917,0.034018,-0.16487,0.032721,-0.020844,0.080913,-0.0099558,-0.048944,-0.30318,-0.029188,0.053198,-0.10953,-0.12828,-0.17032,0.11893,-0.063442,0.07119,-0.21871,0.12316,-0.1772,-0.21523,-0.16456,-0.058419,0.054303,0.038651,-0.13971,-0.077368,-0.10833,-0.22097,-0.04761,0.07556,-0.027521,0.10543,-0.068135,0.10424,-0.2564,-0.19074,0.18036,-0.20226,0.074956,-0.087787,0.047213,0.1211,-0.25789,-0.030991,-0.10904,-0.058759,-0.15565,-0.24489,-0.11529,-0.17994,-0.050184,-0.053377,-0.0029503,0.17135,-0.11958,0.1194,0.090531,-0.16206,-0.064079,-0.13694,-0.18327,-0.11802,0.0044794,-0.14176,0.065004,-0.040985,-0.28191,0.12867,-0.017957,0.1212,-0.061977,-0.041521,0.027958,0.073475,0.025834,-0.2245,0.096946,-0.083294,-0.011216,-0.21445,-0.0083167,-0.02279,-0.27819,0.057212,-0.19499,0.17064,0.068979,-0.054376,-0.13105,-0.17754,0.050588,-0.21926,0.010885,-0.18862,0.010209,-0.087741,0.076856,-0.15393,-0.10831,0.12028,-0.13489,-0.16357,0.02406
-0.0017201,0.0089559,-0.027197,-0.0081013,0.044925,-0.093245,0.043351,0.030108,0.066856,0.065423,0.083757,0.014045,-0.054076,0.0030777,0.031338,-0.074163,0.035296,0.015663,0.10454,0.048958,0.07782,0.055579,0.019129,0.012649,0.088285,-0.011504,0.0091459,0.051881,0.091938,-0.0065348,0.080761,-0.11753,0.064418,0.0015772,0.00087035,-0.0068044,0.014268,0.025201,0.0061108,0.086653,-0.064114,0.064129,-0.022556,-0.014697,0.025378,0.058738,0.042972,0.039878,-0.02418,0.03154,0.025541,0.053775,0.094337,0.01488,0.046661,-0.036271,0.015854,0.089081,0.028049,0.018372,-0.053509,-0.0046253,0.026756,0.00056386,-0.070137,-0.018232,-0.097602,0.044533,0.084646,-0.020532,0.047441,0.041609,0.0088476,0.011517,0.020456,0.061642,0.073262,-0.012807,-0.020933,0.03459,0.067265,0.032851,0.0079913,0.070053,0.058466,0.062221,0.075305,-0.012867,-0.011123,0.048362,0.038593,0.096073,0.034643,-0.071668,0.015946,0.10749,-0.058734,0.038745,0.044647,0.064075,0.0093668,0.043121,0.015896,0.038388,-0.047936,0.020103,0.027385,0.047223,-0.024844,-0.026484,0.072924,0.0064581,0.028484,-0.048457,0.037138,0.034776,-0.076497,-0.043565,0.044894,0.095358,0.018908,0.0022365,0.014416,-0.013536,-0.055471,0.080711,0.075773,0.073942,0.1065,-0.0028807,0.074705,-0.093661,-0.024335,0.079268,-0.029287,0.046288,-0.010811,0.03018,0.09624,-0.074461,-0.00027808,0.050669,0.013676,-0.035134,-0.093821,-0.00015447,-0.037558,0.00025458,0.06715,0.019675,0.1201,0.0062573,0.10309,0.079602,-0.032609,0.038872,0.088071,-0.011107,0.0013825,0.085325,-0.027612,0.081618,0.0064839,-0.11269,0.11122,0.07952,0.10201,0.060089,0.068649,0.085445,0.061407,0.037046,-0.031067,0.076355,0.10113,0.065927,-0.070787,0.073903,0.0045163,-0.11626,0.079685,-0.035869,0.058076,0.026474,0.079663,-0.027603,-0.018464,0.090323,0.00074496,0.030228,-0.06005,-0.011531,0.0082494,0.076126,0.020273,0.0043468,0.09865,0.030785,-0.03017,0.021984
-0.38858,-0.33234,-0.28212,-0.37795,-0.17121,-0.35499,-0.13713,-0.016419,-0.12046,-0.12471,0.048227,-0.12022,-0.45191,-0.15103,-0.21806,-0.19081,-0.14268,-0.35345,0.18788,-0.20308,0.17435,-0.1386,-0.22709,-0.20283,0.091671,-0.40287,-0.31893,-0.059067,0.038716,-0.37607,0.11721,-0.24639,-0.087117,-0.34484,-0.20655,-0.22144,-0.32258,-0.32467,-0.41416,0.1501,-0.29009,-0.031513,-0.13476,-0.42085,-0.16045,-0.11095,-0.041377,-0.25278,-0.21554,-0.29717,-0.3254,-0.0060879,0.018721,-0.006517,-0.21166,-0.19399,-0.19703,0.090513,-0.26485,-0.28889,-0.3919,-0.1635,0.0103,-0.40555,-0.19132,-0.16278,-0.38369,-0.073406,0.047958,-0.47545,-0.18515,-0.17513,-0.36861,-0.18468,-0.2219,-0.13355,0.1507,-0.35923,-0.24792,-0.14201,0.058924,-0.24235,-0.38585,-0.059264,-0.13677,-0.13061,0.16834,-0.3799,-0.062066,-0.16531,-0.25936,0.083714,-0.17369,-0.3152,-0.14153,0.11279,-0.23846,-0.23814,0.060966,-0.082345,-0.41091,-0.23716,-0.35865,-0.1023,-0.11709,-0.25567,-0.31865,0.035145,-0.29763,-0.48917,-0.095086,-0.26714,-0.30675,-0.19921,-0.2375,0.033904,-0.38244,-0.30743,-0.050526,0.13997,-0.35945,-0.12502,-0.18065,-0.44664,-0.22175,0.20752,-0.059926,0.086428,0.15785,-0.38608,-0.083223,-0.30105,-0.15367,-0.051025,-0.15511,-0.22042,-0.35693,-0.30381,0.026004,-0.22379,-0.43152,0.051483,-0.22741,-0.45009,-0.35046,-0.18034,-0.22781,-0.44004,0.078256,-0.33147,0.2329,-0.14077,0.24636,-0.049771,-0.46929,-0.073629,0.17951,-0.11529,-0.1672,0.15358,-0.27116,-0.01383,-0.39968,-0.30759,0.15088,0.12566,0.064603,0.043543,0.068992,0.075451,-0.13828,-0.23923,-0.13287,-0.071432,0.23648,-0.0040078,-0.313,0.047556,-0.4238,-0.33905,-0.016923,-0.1913,-0.12698,-0.31564,0.19773,-0.31114,-0.15111,0.075245,-0.045071,-0.26517,-0.34794,-0.41373,-0.19333,-0.058997,-0.032822,-0.17135,0.041981,-0.010957,-0.22832,-0.34741
-0.012809,-0.017929,0.0083667,-0.021691,-0.056892,0.07967,-0.06175,-0.073303,-0.076307,-0.072627,-0.11744,-0.04645,0.034407,-0.034027,-0.042131,0.029687,-0.056089,-0.02752,-0.15778,-0.052844,-0.11449,-0.068074,-0.033225,-0.032286,-0.12655,-0.0048881,-0.018171,-0.079899,-0.12325,-0.021669,-0.12088,0.081656,-0.076802,-0.01587,-0.023594,-0.015843,-0.022176,-0.030449,-0.044387,-0.12296,0.041303,-0.091845,-0.01934,-0.0058142,-0.047106,-0.074845,-0.063352,-0.040349,-0.0037795,-0.033702,-0.030306,-0.089154,-0.12239,-0.069488,-0.047186,0.0016958,-0.035289,-0.12722,-0.034659,-0.026394,0.041131,-0.02665,-0.076041,-0.040463,0.026851,-0.017186,0.088369,-0.073133,-0.11815,-0.034319,-0.04893,-0.054455,-0.020405,-0.034276,-0.034786,-0.071728,-0.11193,-0.010729,-0.0012853,-0.055774,-0.10582,-0.032464,-0.022928,-0.090703,-0.064135,-0.072588,-0.11037,-0.00013228,-0.043186,-0.059672,-0.04007,-0.13369,-0.037957,0.052202,-0.044138,-0.15178,0.02767,-0.043462,-0.092436,-0.083033,-0.038113,-0.044056,-0.02584,-0.064654,-0.016578,-0.030455,-0.031298,-0.090293,0.0082195,-0.039603,-0.084305,-0.019672,-0.031027,0.012007,-0.036649,-0.083989,0.065171,0.025496,-0.077031,-0.13888,-0.03054,-0.037886,-0.036837,-0.019718,0.021868,-0.10967,-0.093912,-0.11314,-0.15669,-0.011134,-0.088243,0.070665,-0.014503,-0.096673,-0.010718,-0.048427,-0.00090077,-0.033107,-0.12551,0.037738,-0.056874,-0.094093,-0.029521,0.0099426,0.079572,-0.026981,0.0086371,-0.059246,-0.10726,-0.026602,-0.19544,-0.037884,-0.1655,-0.098218,-0.0045409,-0.069667,-0.11686,-0.030743,-0.030185,-0.12664,0.0072815,-0.1063,-0.025401,0.090959,-0.16298,-0.11984,-0.13782,-0.099338,-0.10771,-0.12216,-0.070576,-0.042515,-0.013982,-0.091784,-0.10467,-0.097231,0.051037,-0.10957,-0.048834,0.10138,-0.10441,0.00089996,-0.06494,-0.030017,-0.11072,0.01195,-0.019119,-0.12673,-0.052331,-0.035931,0.045325,-0.044269,-0.03073,-0.094302,-0.064954,-0.031538,-0.13057,-0.074529,0.0029168,-0.030053
-0.21408,-0.16957,-0.27917,0.089713,-0.066647,-0.37326,-0.10229,-0.25699,0.069736,0.13972,-0.0053364,-0.23174,-0.36526,-0.24864,-0.10864,-0.40376,-0.13652,0.038052,0.11888,0.017625,-0.12176,-0.02644,-0.15901,-0.19286,0.0042196,-0.25241,-0.17103,-0.11603,0.06002,0.08884,-0.057075,-0.42738,0.23614,0.11803,-0.22863,-0.24481,-0.14644,-0.058119,-0.06414,-0.35184,-0.34284,-0.070905,-0.33367,-0.26916,-0.16714,-0.03441,0.34816,0.046335,-0.29013,0.0052579,0.012794,-0.14597,0.10727,-0.38467,0.10144,-0.32691,-0.18425,0.010001,-0.096743,-0.13758,-0.3349,-0.26448,-0.32313,-0.0021905,-0.39598,-0.30194,-0.37988,-0.1412,0.00077378,-0.31787,0.16057,-0.083198,-0.16411,-0.2047,-0.15598,0.023114,-0.16144,0.13391,-0.27214,-0.14003,-0.11799,0.14677,-0.16528,-0.0089448,0.18028,0.023916,-0.20807,-0.24994,-0.39164,-0.049607,0.010666,0.060647,0.23608,-0.34997,-0.21211,0.12913,-0.34918,-0.04109,-0.309,-0.027217,-0.11566,0.043569,-0.11987,-0.14902,-0.43968,-0.14294,0.0010211,-0.22421,-0.27243,-0.34711,0.10734,-0.19195,0.036712,-0.34933,0.12881,-0.3223,-0.36,-0.30831,-0.15604,0.045204,-0.012466,-0.26768,-0.19682,-0.27716,-0.35081,-0.12816,0.040635,-0.091691,0.1185,-0.21829,0.083734,-0.3785,-0.32375,0.20954,-0.3353,0.031581,-0.23977,-0.015032,0.11655,-0.38187,-0.082808,-0.22356,-0.17941,-0.33562,-0.3737,-0.24298,-0.31422,-0.12742,-0.13422,-0.10873,0.21263,-0.24471,0.16456,0.064491,-0.3452,-0.16658,-0.29978,-0.31696,-0.24496,-0.027858,-0.28181,0.030258,-0.17119,-0.397,0.14533,-0.070068,0.12093,-0.15118,-0.11635,-0.0083961,0.031006,-0.054976,-0.35889,0.072806,-0.23664,-0.080987,-0.34901,-0.068241,-0.089667,-0.39467,0.018304,-0.32749,0.20217,0.035193,-0.13926,-0.27766,-0.31013,0.024593,-0.36373,-0.08191,-0.33472,0.019319,-0.21145,0.04271,-0.28503,-0.23388,0.117,-0.26026,-0.29866,-0.053041
0.025628,0.035344,-0.085528,0.26994,0.065801,-0.14145,0.021427,-0.16151,0.17223,0.23324,0.044907,-0.10271,-0.074407,-0.10683,0.044036,-0.21865,-0.0081829,0.21964,0.10055,0.15125,-0.12845,0.09157,0.001692,-0.038074,0.035119,0.00017008,0.027922,-0.019014,0.11212,0.26845,-0.037146,-0.22135,0.30088,0.27779,-0.069075,-0.078106,0.051377,0.12882,0.17145,-0.29589,-0.13882,0.013228,-0.18395,-0.0022107,-0.029965,0.075159,0.37295,0.19105,-0.12033,0.17156,0.18818,-0.066711,0.16411,-0.26337,0.22458,-0.15892,-0.032364,0.041362,0.071831,0.044932,-0.085596,-0.11637,-0.22442,0.21499,-0.21287,-0.14874,-0.13625,-0.037191,0.050956,0.010431,0.26522,0.052071,0.058306,-0.055437,0.0025176,0.13476,-0.15011,0.29474,-0.092587,-0.011648,-0.067286,0.26898,0.067069,0.081459,0.26906,0.13457,-0.19827,-0.012066,-0.25016,0.079301,0.16319,0.094604,0.31989,-0.13563,-0.077599,0.15053,-0.16216,0.11137,-0.23188,0.072236,0.12609,0.18392,0.091516,-0.034031,-0.27248,0.02704,0.17594,-0.15289,-0.073039,0.0020736,0.19792,-0.012713,0.20083,-0.17525,0.25362,-0.23214,-0.11615,-0.1014,-0.059253,0.051698,0.18181,-0.13252,-0.049752,0.013596,-0.16903,-0.15452,0.12773,-0.055009,0.11794,0.020319,0.17384,-0.1653,-0.16979,0.27208,-0.17858,0.16863,-0.015517,0.15701,0.17037,-0.19248,0.17152,-0.1588,-0.016717,-0.041981,-0.14364,-0.091433,-0.1367,0.14296,-0.090805,0.088329,0.18049,-0.10698,0.10866,0.14643,-0.030267,-0.060503,-0.27247,-0.17705,-0.097865,-0.028835,-0.092252,0.1027,0.070617,-0.17875,0.14988,-0.053896,0.16128,-0.091362,-0.070177,0.030172,0.14325,0.099515,-0.204,0.1606,-0.25583,-0.0067076,-0.13563,-0.015455,0.1583,-0.16711,0.092471,-0.1603,0.28389,0.20276,-0.15773,-0.071994,-0.1595,0.062651,-0.23593,0.085067,-0.10804,0.23744,-0.058408,0.12934,-0.17909,-0.08652,0.16546,-0.16626,-0.12315,0.1429
0.30338,0.24837,0.38256,-0.042848,0.098954,0.55601,0.1289,0.26821,-0.063658,-0.13245,-0.039994,0.27334,0.54259,0.30352,0.15823,0.50528,0.16951,0.018843,-0.23773,0.017556,0.077347,0.04505,0.21836,0.25227,-0.063834,0.35391,0.24905,0.1208,-0.1143,-0.040925,0.0053187,0.56882,-0.23744,-0.062021,0.29661,0.32097,0.22002,0.12054,0.11187,0.33707,0.47725,0.060761,0.39845,0.37437,0.21005,0.044999,-0.33362,0.0010011,0.37671,0.050823,0.045623,0.13933,-0.16092,0.39911,-0.064283,0.41542,0.24044,-0.070617,0.15506,0.20564,0.48884,0.32679,0.33171,0.044589,0.4973,0.37205,0.58155,0.15397,-0.047175,0.42223,-0.12899,0.11844,0.24197,0.26133,0.21355,-0.010003,0.12471,-0.082495,0.3637,0.17334,0.089749,-0.098781,0.24169,-0.00047076,-0.16573,-0.011854,0.1778,0.35309,0.42767,0.078491,0.038742,-0.13093,-0.19931,0.49835,0.25708,-0.22739,0.46392,0.088548,0.30243,0.027681,0.17514,8.7235e-05,0.19007,0.17175,0.48556,0.20593,0.057412,0.21666,0.37692,0.46446,-0.1123,0.26659,0.019798,0.44593,-0.083195,0.32367,0.53762,0.43074,0.16402,-0.12708,0.07133,0.31723,0.25078,0.37578,0.45833,0.087565,-0.055215,0.052721,-0.22956,0.30926,-0.09259,0.53815,0.39472,-0.23246,0.40909,0.0079478,0.33935,0.072746,-0.17462,0.49926,0.11985,0.21174,0.24256,0.47692,0.5549,0.30622,0.4126,0.16895,0.10413,0.17704,-0.39761,0.29543,-0.31655,-0.085197,0.48372,0.18316,0.28271,0.37115,0.3044,-0.036041,0.38325,-0.060625,0.24646,0.57193,-0.26393,0.019591,-0.19677,0.13181,0.085476,-0.04416,-0.016767,0.10378,0.42636,-0.085666,0.23068,0.06399,0.49594,0.034535,0.13602,0.58892,-0.045924,0.41502,-0.18962,0.022114,0.099497,0.38702,0.37738,-0.084107,0.39355,0.13863,0.48284,0.01069,0.27193,-0.057838,0.30476,0.29236,-0.18222,0.27015,0.39226,0.11561
0.23184,0.20139,0.24422,0.11244,0.1164,0.3297,0.12104,0.14121,0.039871,0.0074661,0.014206,0.17078,0.3363,0.18916,0.14783,0.2951,0.13735,0.12171,-0.099129,0.089348,0.0055116,0.089009,0.17211,0.18029,-0.0066995,0.25292,0.19934,0.10038,-0.012145,0.11185,0.0082448,0.34663,-0.05868,0.089315,0.19774,0.20987,0.18925,0.15255,0.17758,0.087293,0.2864,0.071734,0.22482,0.26447,0.1561,0.083545,-0.15266,0.090987,0.23108,0.12001,0.12402,0.092905,-0.028316,0.18876,0.054583,0.24415,0.17475,-0.0087718,0.15488,0.17811,0.30229,0.20088,0.15574,0.15385,0.2891,0.21914,0.34336,0.11589,0.01163,0.30251,0.018257,0.12465,0.20583,0.18014,0.16936,0.065527,0.030962,0.089858,0.23128,0.13862,0.056134,0.043771,0.20953,0.054913,-0.0088026,0.064216,0.036878,0.24807,0.22132,0.10731,0.10801,-0.029378,-0.023584,0.29879,0.16952,-0.075676,0.27421,0.1244,0.12588,0.070859,0.19494,0.087807,0.18515,0.12923,0.2831,0.17252,0.12708,0.10653,0.24428,0.32531,0.013122,0.1972,0.10953,0.2597,0.050284,0.14405,0.32226,0.26756,0.11372,-0.044042,0.14257,0.18866,0.17538,0.27308,0.26924,-0.010673,0.032732,0.034629,-0.087133,0.23341,0.020475,0.31926,0.22712,-0.057995,0.23397,0.088263,0.23904,0.13001,-0.035905,0.29262,0.19141,0.099159,0.18123,0.31008,0.32904,0.19631,0.24849,0.20966,0.054305,0.17498,-0.17534,0.18381,-0.14853,0.017937,0.32009,0.12647,0.056225,0.20833,0.19293,-0.018904,0.24284,0.021142,0.21467,0.34026,-0.099443,0.0096715,-0.052841,0.075222,0.051372,0.0050845,0.063502,0.1306,0.23784,0.021603,-0.0008445,0.065827,0.29745,0.040928,0.18993,0.34863,0.027723,0.2435,-0.023945,0.11249,-0.0014401,0.25025,0.21899,-0.0093736,0.19944,0.14865,0.2946,0.15209,0.18584,0.031444,0.15961,0.18917,-0.042169,0.14022,0.23978,0.15559
0.48998,0.39806,0.25685,0.5779,0.16594,0.32714,0.097591,-0.15235,0.14371,0.18411,-0.15513,0.016951,0.55723,0.057187,0.2249,0.017079,0.092523,0.5118,-0.33392,0.25039,-0.40814,0.13057,0.21943,0.16526,-0.22227,0.50398,0.37292,-0.030424,-0.10927,0.57378,-0.28973,0.075429,0.18574,0.52572,0.15518,0.17182,0.38921,0.42545,0.60092,-0.43808,0.23009,-0.055573,-0.012734,0.53645,0.1081,0.083892,0.22114,0.34169,0.13848,0.40013,0.45196,-0.12487,-0.052424,-0.22849,0.2989,0.082113,0.15957,-0.2178,0.30731,0.33277,0.43631,0.069043,-0.22038,0.6034,0.02532,0.048284,0.38154,-0.018059,-0.15202,0.65086,0.28566,0.16561,0.46926,0.13071,0.21212,0.14337,-0.38031,0.55873,0.20191,0.090032,-0.21695,0.36705,0.50338,0.013754,0.22371,0.13914,-0.42271,0.45667,-0.15555,0.16337,0.3387,-0.18251,0.31018,0.27007,0.058917,-0.19283,0.13774,0.28407,-0.28902,0.04211,0.57486,0.31532,0.46626,0.023923,-0.13531,0.27373,0.43584,-0.21808,0.28806,0.67208,0.12289,0.27291,0.42809,0.075202,0.35139,-0.25458,0.39693,0.28512,-0.059595,-0.28603,0.50541,0.0077178,0.1277,0.59446,0.10962,-0.46743,0.036795,-0.2517,-0.27857,0.48307,0.093135,0.21921,0.021767,0.11583,0.016912,0.28367,0.41525,0.40417,-0.058664,0.087618,0.63728,-0.24298,0.21139,0.57258,0.31753,0.10617,0.14422,0.64234,-0.25371,0.41952,-0.35116,0.042989,-0.4209,0.032266,0.6166,-0.027898,-0.46576,-0.032319,0.084375,-0.34074,0.23628,-0.040058,0.53002,0.21212,-0.24865,-0.30865,-0.11783,-0.20462,-0.23248,-0.20088,0.15413,0.28053,-0.031541,0.069732,-0.54284,-0.10292,0.26676,-0.17993,0.61464,0.27346,-0.040656,0.077529,0.22181,0.44291,-0.45335,0.30973,0.025721,-0.18589,-0.16131,0.3135,0.34458,0.63083,0.14163,0.036307,-0.13967,0.096154,-0.083753,-0.16193,0.15446,0.46873
0.16603,0.15353,0.18386,0.078193,0.10364,0.22544,0.1072,0.12634,0.051436,0.026008,0.041379,0.1417,0.21233,0.15355,0.12371,0.23817,0.11797,0.096477,-0.016525,0.084192,0.044673,0.085666,0.13933,0.14533,0.030598,0.17593,0.15312,0.094683,0.023359,0.078552,0.041716,0.25507,-0.026816,0.065363,0.15696,0.16457,0.14669,0.12309,0.12804,0.13008,0.21087,0.07623,0.18419,0.17898,0.13018,0.082481,-0.12589,0.082892,0.17991,0.1019,0.10247,0.091079,0.010784,0.18606,0.056837,0.19205,0.1418,0.029194,0.12726,0.14133,0.20642,0.16144,0.14545,0.11104,0.23207,0.17558,0.22653,0.10481,0.039685,0.18247,0.028112,0.10909,0.15319,0.14578,0.13766,0.069469,0.059043,0.058066,0.17767,0.11883,0.069043,0.043111,0.15341,0.064276,0.01059,0.068634,0.066523,0.17667,0.20453,0.09762,0.09534,0.015305,-0.012825,0.21528,0.13989,-0.012349,0.20931,0.10771,0.12671,0.074486,0.14067,0.081441,0.14159,0.11323,0.29484,0.13886,0.10547,0.10343,0.18267,0.18933,0.032886,0.15424,0.092982,0.20397,0.050092,0.13925,0.21835,0.19678,0.10391,0.01135,0.11261,0.15488,0.14267,0.177,0.20804,0.038443,0.048999,0.056462,-0.013782,0.16728,0.039114,0.22865,0.18329,-0.01928,0.18905,0.082673,0.17409,0.10876,0.0060542,0.22608,0.13235,0.099261,0.14525,0.19756,0.22579,0.15716,0.19155,0.14197,0.068855,0.13726,-0.054675,0.15019,-0.034846,0.039054,0.1966,0.11203,0.095272,0.17232,0.15541,0.028047,0.1838,0.042982,0.15448,0.23651,-0.022809,0.043179,-0.0021904,0.081116,0.066405,0.037045,0.06787,0.11188,0.19719,0.04057,0.058007,0.073064,0.21478,0.058638,0.13412,0.23354,0.047315,0.19188,-0.0017565,0.094394,0.04307,0.18535,0.17675,0.027713,0.18046,0.12318,0.20859,0.10442,0.14936,0.048137,0.14027,0.15253,0.0030642,0.12613,0.18515,0.12337
0.45067,0.38637,0.35434,0.37502,0.1999,0.42534,0.17246,0.07742,0.11853,0.11186,-0.044512,0.18156,0.52501,0.21627,0.25767,0.25113,0.18586,0.3614,-0.2157,0.21446,-0.15088,0.15704,0.27791,0.2599,-0.092672,0.4713,0.37332,0.093745,-0.047431,0.37336,-0.10607,0.29386,0.065914,0.33809,0.27028,0.28816,0.37175,0.35411,0.44265,-0.08863,0.36437,0.054464,0.20694,0.49147,0.21091,0.12987,0.039748,0.25942,0.28769,0.31269,0.33917,0.044661,-0.034006,0.071195,0.20732,0.26747,0.25223,-0.092659,0.30276,0.33609,0.46709,0.23141,0.057048,0.42025,0.25478,0.23456,0.45236,0.11444,-0.045528,0.55216,0.17162,0.20768,0.42102,0.24348,0.27194,0.14123,-0.11678,0.34969,0.31889,0.18593,-0.03029,0.23167,0.43814,0.070002,0.11981,0.138,-0.12481,0.4483,0.1262,0.18996,0.27343,-0.095342,0.15466,0.38908,0.2002,-0.13662,0.31176,0.26312,0.0033512,0.098267,0.45144,0.24408,0.40158,0.14644,0.13866,0.30364,0.33502,0.01769,0.36926,0.56802,0.085665,0.32542,0.31565,0.27201,0.2293,0.032496,0.45536,0.38211,0.093658,-0.15237,0.37811,0.19205,0.23781,0.51817,0.29472,-0.18398,0.060519,-0.065452,-0.18341,0.44899,0.0771,0.37004,0.22623,0.029178,0.22774,0.22939,0.42398,0.32373,-0.043016,0.29164,0.46373,0.00043105,0.28245,0.52585,0.4207,0.24565,0.30169,0.48241,-0.046945,0.37227,-0.26836,0.20503,-0.28355,0.045333,0.54567,0.12019,-0.121,0.18658,0.23242,-0.15131,0.34352,0.013898,0.45287,0.37104,-0.17889,-0.11197,-0.08445,-0.0064948,-0.041297,-0.072745,0.14457,0.26732,0.20383,0.06663,-0.18941,0.027707,0.38695,-0.02976,0.45786,0.40341,0.019579,0.26473,0.10804,0.3248,-0.17109,0.38344,0.22308,-0.079436,0.11377,0.29976,0.423,0.42329,0.25365,0.059137,0.098439,0.23491,-0.059974,0.072221,0.3014,0.37543
-0.14167,-0.12194,-0.080422,-0.2494,-0.085216,-0.1114,-0.066336,0.0091871,-0.10057,-0.12119,-0.029112,-0.032175,-0.17337,-0.03834,-0.091077,-0.0016733,-0.060491,-0.20341,0.0099707,-0.11794,0.043931,-0.083896,-0.082713,-0.067362,-0.016226,-0.14267,-0.11544,-0.039964,-0.04266,-0.24702,0.0037144,-0.01632,-0.1375,-0.23324,-0.061278,-0.063264,-0.12311,-0.14961,-0.21488,0.13389,-0.07603,-0.041345,-0.0094118,-0.15205,-0.059279,-0.073207,-0.19159,-0.14774,-0.052357,-0.15594,-0.17441,-0.017292,-0.057314,0.072727,-0.1469,-0.035576,-0.06727,-0.017516,-0.11125,-0.11063,-0.13034,-0.038962,0.044038,-0.23379,-0.0073072,-0.029706,-0.13129,-0.038669,-0.030227,-0.1967,-0.15515,-0.082643,-0.14237,-0.058936,-0.081607,-0.093862,0.044419,-0.25456,-0.068016,-0.059516,-0.0031444,-0.17878,-0.15282,-0.062361,-0.13965,-0.093031,0.069605,-0.12938,0.052262,-0.087277,-0.13941,-0.026897,-0.18168,-0.088378,-0.043496,-0.022779,-0.049701,-0.1155,0.059237,-0.065794,-0.18974,-0.13973,-0.14935,-0.045547,0.10537,-0.096464,-0.16619,0.017266,-0.087756,-0.21013,-0.1004,-0.089976,-0.17222,-0.031547,-0.16916,0.053628,-0.12743,-0.087801,-0.028462,-0.0044279,-0.18732,-0.024951,-0.059296,-0.17223,-0.041427,0.064548,-0.072685,0.00016178,-0.0030866,-0.13917,-0.090241,-0.076982,-0.020151,-0.11044,-0.017117,-0.1289,-0.11907,-0.15263,-0.056061,-0.031935,-0.22901,0.023037,-0.078436,-0.16834,-0.10849,-0.049433,-0.052466,-0.22023,0.0074231,-0.13772,0.038178,-0.035831,0.039737,-0.074097,-0.18531,-0.032988,0.11874,-0.0073869,-0.044583,0.011972,-0.075589,-0.055378,-0.16082,-0.076868,-0.0071565,0.0096189,-0.041581,-0.00017685,-0.00014535,-0.01967,-0.097443,-0.1122,0.0011524,-0.083506,0.1289,-0.031005,-0.087267,-0.017664,-0.21499,-0.099545,-0.05419,-0.03431,-0.14311,-0.17687,0.062185,-0.09279,-0.023095,-0.024914,0.041158,-0.11526,-0.10623,-0.2552,-0.060359,-0.072798,0.012435,-0.048371,-0.049933,0.01215,-0.055681,-0.16437
0.38514,0.32122,0.23348,0.36762,0.17813,0.2612,0.1416,0.0014189,0.15091,0.16363,-0.016634,0.097172,0.45395,0.11901,0.21477,0.05468,0.1403,0.3518,-0.15975,0.2165,-0.16391,0.15451,0.21406,0.18304,-0.060879,0.39933,0.30586,0.068506,0.0036661,0.36629,-0.096239,0.071137,0.15258,0.33812,0.17635,0.1852,0.31376,0.32396,0.42571,-0.15111,0.20565,0.050612,0.068534,0.42578,0.15001,0.12867,0.18112,0.2618,0.16126,0.29977,0.3262,0.014877,0.032403,-0.057651,0.23044,0.12227,0.17976,-0.058786,0.2611,0.27933,0.35041,0.12447,-0.039522,0.40807,0.064267,0.10817,0.29943,0.076891,-0.015442,0.53924,0.21424,0.1792,0.36529,0.16293,0.20972,0.15645,-0.13902,0.34669,0.20078,0.13899,-0.042544,0.25765,0.38743,0.085701,0.17915,0.15398,-0.15757,0.36536,-0.025267,0.17522,0.26566,-0.043094,0.21609,0.22931,0.12164,-0.06038,0.14798,0.24224,-0.074819,0.10396,0.42366,0.24813,0.35724,0.10135,-0.083886,0.24502,0.31977,-0.035868,0.25354,0.57526,0.13436,0.24628,0.30906,0.11232,0.25296,-0.057421,0.31639,0.24776,0.053431,-0.11046,0.35995,0.089715,0.16132,0.47446,0.13126,-0.2021,0.093669,-0.067053,-0.11849,0.38088,0.1207,0.18657,0.089485,0.1174,0.084186,0.2328,0.33662,0.30529,0.027362,0.10635,0.45251,-0.050216,0.20983,0.46552,0.25422,0.14729,0.16056,0.4707,-0.063514,0.3277,-0.19338,0.11123,-0.24215,0.088167,0.51083,0.072036,-0.16683,0.061379,0.1347,-0.13548,0.22055,0.049612,0.40597,0.1739,-0.10175,-0.10675,-0.010099,-0.03215,-0.052269,-0.045266,0.16155,0.24178,0.051449,0.10875,-0.21689,0.023278,0.22741,-0.024813,0.4413,0.21582,0.050641,0.11955,0.17527,0.31709,-0.1902,0.2669,0.094284,-0.040125,-0.016898,0.26322,0.2832,0.41251,0.16908,0.093142,0.0070934,0.14207,0.011848,-0.0039967,0.1693,0.34767
0.25662,0.22562,0.10452,0.35991,0.14381,0.061088,0.099718,-0.073788,0.17057,0.20588,0.0055027,0.014246,0.19979,0.025797,0.15975,-0.084482,0.086019,0.32771,-0.04221,0.20642,-0.16086,0.13839,0.14022,0.1009,-0.025769,0.24773,0.21239,0.03277,0.049805,0.35832,-0.080405,-0.090316,0.22937,0.34303,0.081027,0.081565,0.2289,0.27073,0.35019,-0.22477,0.0476,0.034637,-0.04734,0.25754,0.082866,0.11372,0.26221,0.25451,0.042446,0.27266,0.29753,-0.023323,0.092694,-0.15492,0.24673,-0.004243,0.1015,-0.021545,0.2036,0.20363,0.15708,0.02398,-0.12779,0.36018,-0.075386,-0.0042411,0.07857,0.030579,0.0090392,0.29922,0.25276,0.13871,0.26353,0.079408,0.1377,0.15809,-0.156,0.35641,0.082018,0.083614,-0.060707,0.28367,0.28042,0.087495,0.23159,0.15633,-0.18808,0.22332,-0.1325,0.14751,0.24561,0.013886,0.27559,0.059281,0.04202,0.035142,0.0032905,0.20761,-0.1522,0.095715,0.32846,0.24204,0.27501,0.048381,-0.15572,0.1726,0.28808,-0.093427,0.12377,0.2956,0.17119,0.15425,0.29122,-0.021924,0.2742,-0.14184,0.11074,0.099754,0.005366,-0.045438,0.31688,-0.0054509,0.081115,0.28645,-0.0092965,-0.19378,0.11319,-0.070714,-0.012577,0.25131,0.15149,0.0094426,-0.027577,0.196,-0.036262,0.22501,0.20618,0.27031,0.093029,-0.04246,0.36293,-0.10507,0.12871,0.23768,0.05618,0.05125,0.030567,0.3573,-0.084129,0.25511,0.00099141,0.020924,-0.069737,0.11814,0.25876,0.017187,-0.22661,-0.046535,0.040124,-0.099124,0.093019,0.073556,0.29208,-0.013756,0.01491,-0.094238,0.067409,-0.064456,-0.068113,-0.018806,0.16519,0.20227,-0.069354,0.13779,-0.25134,0.0080076,0.058649,-0.02682,0.35185,0.011966,0.069544,-0.0065338,0.23557,0.29749,-0.18873,0.13159,-0.018385,-0.00028214,-0.12091,0.21083,0.10865,0.37324,0.081896,0.11357,-0.078585,0.050585,0.081717,-0.079342,0.044765,0.29225
0.19294,0.17301,0.059401,0.32908,0.11032,0.027949,0.066476,-0.1008,0.14738,0.18537,-0.0095608,-0.020767,0.12307,-0.010932,0.12067,-0.10047,0.050865,0.29265,-0.040789,0.17698,-0.15985,0.10924,0.098096,0.059849,-0.035858,0.1801,0.16133,0.0045669,0.034317,0.32761,-0.087906,-0.092926,0.21028,0.31838,0.039812,0.039659,0.17867,0.2274,0.29321,-0.23129,0.012235,0.010463,-0.076558,0.18446,0.045425,0.085729,0.24936,0.22541,0.003997,0.2376,0.26153,-0.048095,0.075271,-0.17439,0.22323,-0.036846,0.061004,-0.031749,0.16189,0.15731,0.10105,-0.012909,-0.15053,0.31291,-0.093401,-0.038325,0.04181,0.0003266,-0.0059479,0.1965,0.23333,0.10399,0.20602,0.039633,0.096091,0.13204,-0.16118,0.33295,0.039502,0.048373,-0.07786,0.26351,0.21974,0.063885,0.21256,0.13045,-0.19131,0.16139,-0.15266,0.11543,0.21305,0.0024789,0.26059,0.023294,0.0053523,0.023298,-0.027147,0.17187,-0.1713,0.069841,0.2666,0.21328,0.22227,0.015689,-0.17886,0.12888,0.25125,-0.11587,0.076359,0.18167,0.15007,0.1079,0.25888,-0.050857,0.25254,-0.16285,0.06518,0.055367,-0.023544,-0.048881,0.2752,-0.039718,0.041678,0.20226,-0.038688,-0.18475,0.09137,-0.083592,-0.017255,0.18809,0.13001,-0.014897,-0.058806,0.17555,-0.066026,0.19592,0.1486,0.23281,0.075721,-0.063917,0.29774,-0.1258,0.08598,0.15589,0.024091,0.012321,-0.0057834,0.28373,-0.099474,0.20658,-0.0039647,-0.015229,-0.056529,0.097453,0.16471,-0.013848,-0.22851,-0.076765,0.0021744,-0.099796,0.049246,0.054109,0.22805,-0.029418,0.0060869,-0.10075,0.0521,-0.084428,-0.084013,-0.030987,0.13937,0.16539,-0.094963,0.11641,-0.2358,-0.014244,0.022636,-0.043588,0.289,-0.007026,0.04961,-0.038924,0.21711,0.26453,-0.18279,0.082969,-0.051036,-0.012241,-0.14357,0.17017,0.063404,0.3262,0.041484,0.091865,-0.10609,0.01205,0.065214,-0.10587,0.0063446,0.24727
0.36016,0.31303,0.39961,0.0219,0.17613,0.48428,0.19665,0.29779,0.035975,-0.022209,0.036238,0.30683,0.52075,0.33143,0.2294,0.43457,0.22968,0.10074,-0.14237,0.10991,0.12906,0.12828,0.27789,0.30042,0.010827,0.39919,0.31231,0.18122,-0.022019,0.025097,0.066385,0.41933,-0.11018,0.012627,0.33284,0.35151,0.28946,0.20386,0.18053,0.38994,0.44686,0.12898,0.39262,0.41488,0.26338,0.12532,-0.19084,0.095449,0.38618,0.14031,0.13306,0.19122,-0.055063,0.40719,0.036371,0.40543,0.29088,0.0054116,0.23137,0.2749,0.4792,0.3487,0.35149,0.11115,0.43455,0.37803,0.50005,0.20959,0.030404,0.44177,-0.022502,0.19248,0.30991,0.30483,0.27354,0.081938,0.1729,-0.018809,0.38279,0.23262,0.14414,-0.000678,0.30961,0.08216,-0.05193,0.080145,0.22496,0.39653,0.41666,0.15865,0.13002,-0.041931,-0.091428,0.45983,0.29682,-0.11915,0.43231,0.17323,0.33179,0.10789,0.24563,0.094955,0.26546,0.22688,0.43144,0.27162,0.14519,0.25443,0.39892,0.46705,-0.0059997,0.3194,0.10973,0.42044,0.015843,0.34739,0.4934,0.43075,0.21542,-0.047745,0.15375,0.33892,0.29657,0.41431,0.4279,0.14032,0.037626,0.11006,-0.13007,0.36463,0.0094082,0.46142,0.3911,-0.10348,0.39938,0.10199,0.38398,0.16052,-0.066341,0.43919,0.18031,0.2502,0.29632,0.48494,0.48212,0.33637,0.40783,0.22722,0.15534,0.25391,-0.257,0.32473,-0.21243,0.012299,0.48872,0.23299,0.33498,0.37516,0.33367,0.027237,0.39817,0.027782,0.31298,0.45833,-0.1526,0.07815,-0.088478,0.18128,0.13972,0.029213,0.076631,0.1863,0.40843,0.014056,0.28967,0.12849,0.45853,0.098244,0.20163,0.47135,0.040028,0.40498,-0.072581,0.11098,0.15118,0.4074,0.38053,-0.0033993,0.39441,0.21766,0.4639,0.06773,0.31361,0.035396,0.32696,0.32565,-0.074273,0.29936,0.39685,0.19828
-0.11676,-0.10517,-0.099321,-0.069647,-0.10464,-0.093076,-0.10947,-0.12344,-0.098469,-0.09073,-0.11572,-0.11125,-0.16631,-0.10689,-0.10303,-0.058605,-0.10997,-0.082999,-0.081117,-0.09538,-0.12278,-0.10506,-0.10386,-0.10511,-0.11371,-0.12385,-0.10423,-0.11757,-0.109,-0.070191,-0.1195,-0.025036,-0.086225,-0.067541,-0.10366,-0.10194,-0.1033,-0.096363,-0.10317,-0.14552,-0.087811,-0.11756,-0.097329,-0.13245,-0.10865,-0.10824,-0.098785,-0.087962,-0.097451,-0.089902,-0.087857,-0.12358,-0.10423,-0.11035,-0.085241,-0.091894,-0.10562,-0.11309,-0.10015,-0.10188,-0.12125,-0.10434,-0.12374,-0.08991,-0.064112,-0.099757,-0.1062,-0.11701,-0.1151,-0.17541,-0.080814,-0.10517,-0.10903,-0.1061,-0.10409,-0.10156,-0.1297,-0.060922,-0.098995,-0.1101,-0.126,-0.07526,-0.11206,-0.11091,-0.08479,-0.10177,-0.13443,-0.11656,-0.094566,-0.10414,-0.091489,-0.10755,-0.072425,-0.089666,-0.10974,-0.097095,-0.083122,-0.097691,-0.13259,-0.11035,-0.11108,-0.08963,-0.10403,-0.11421,-0.031856,-0.10245,-0.089622,-0.12967,-0.10119,-0.19663,-0.09719,-0.10296,-0.085366,-0.085197,-0.078566,-0.12778,-0.1124,-0.098156,-0.1197,-0.10359,-0.091137,-0.10828,-0.10662,-0.1467,-0.083114,-0.119,-0.1066,-0.12417,-0.089735,-0.11644,-0.10062,-0.073483,-0.096862,-0.092387,-0.0941,-0.092421,-0.11088,-0.091992,-0.10345,-0.068972,-0.10932,-0.1312,-0.10393,-0.15878,-0.090827,-0.1046,-0.092816,-0.12021,-0.1278,-0.10118,-0.048968,-0.10824,-0.046098,-0.10514,-0.17686,-0.11747,-0.14537,-0.10345,-0.10559,-0.11215,-0.098424,-0.11054,-0.11557,-0.060898,-0.088298,-0.12051,-0.10227,-0.12748,-0.12616,-0.11576,-0.10039,-0.098665,-0.091005,-0.10268,-0.13666,-0.12019,-0.089525,-0.12164,-0.10935,-0.071848,-0.11147,-0.091984,-0.083704,-0.085105,-0.12236,-0.10225,-0.09974,-0.11209,-0.10693,-0.099218,-0.10274,-0.083692,-0.10525,-0.10648,-0.11975,-0.10593,-0.10334,-0.12407,-0.095672,-0.096271
0.21296,0.19267,0.035244,0.37981,0.15089,-0.078015,0.10301,-0.089866,0.21489,0.26335,0.05684,-0.013821,0.088418,-0.01262,0.15093,-0.20319,0.080013,0.33956,0.052969,0.2273,-0.13156,0.15919,0.11726,0.07131,0.031812,0.192,0.17918,0.043898,0.11709,0.37794,-0.0369,-0.26326,0.31437,0.36463,0.040001,0.033065,0.20251,0.26538,0.35366,-0.22924,-0.056364,0.060369,-0.11096,0.19879,0.066334,0.13676,0.39094,0.2742,-0.021814,0.28085,0.30557,-0.011976,0.16984,-0.19978,0.28146,-0.079537,0.075162,0.037483,0.19294,0.18097,0.054931,-0.021679,-0.15372,0.37315,-0.18826,-0.062653,-0.070078,0.033515,0.061899,0.24332,0.3016,0.14139,0.23342,0.048863,0.11617,0.19047,-0.13403,0.37913,0.019801,0.07681,-0.035309,0.31999,0.25178,0.12404,0.29391,0.18934,-0.174,0.16526,-0.19669,0.15931,0.25818,0.086325,0.33766,-0.053614,0.01595,0.13178,-0.093825,0.21211,-0.16534,0.12461,0.31835,0.26321,0.25605,0.0451,-0.28125,0.15108,0.29432,-0.093926,0.055983,0.23215,0.22792,0.11773,0.30411,-0.10913,0.3089,-0.16267,-0.014293,0.014087,0.0080375,0.025639,0.32074,-0.044896,0.053445,0.23364,-0.10317,-0.16845,0.16117,-0.037,0.08294,0.20585,0.2053,-0.12545,-0.092083,0.28475,-0.10567,0.2462,0.15044,0.27434,0.1739,-0.1567,0.3708,-0.10317,0.099975,0.15213,-0.082978,0.0096409,-0.04622,0.35816,-0.06055,0.23828,0.14269,-0.014498,0.038857,0.17331,0.17728,0.013812,-0.22377,-0.099525,6.6314e-05,-0.048018,0.023834,0.12606,0.26396,-0.17141,0.12058,-0.053516,0.15549,-0.048095,-0.041402,0.034282,0.1985,0.20364,-0.14244,0.19122,-0.24586,0.034925,-0.053219,0.0090101,0.35334,-0.15201,0.11869,-0.081463,0.30399,0.30961,-0.16435,0.060586,-0.077224,0.061428,-0.17067,0.20362,0.0043577,0.39328,0.048096,0.16218,-0.1045,0.013288,0.16527,-0.095211,-0.025256,0.28794
0.21743,0.17591,0.1591,0.18898,0.06446,0.20214,0.053314,0.020827,0.0069164,-0.0064313,-0.06324,0.069429,0.25247,0.088049,0.098751,0.13107,0.063125,0.1672,-0.15208,0.064995,-0.11254,0.038135,0.11272,0.10536,-0.086894,0.22842,0.16764,0.015138,-0.072314,0.18662,-0.088861,0.16318,-0.046792,0.14895,0.11315,0.12333,0.16696,0.15664,0.24074,-0.058123,0.16902,-0.0086709,0.093968,0.24142,0.078384,0.024991,-0.084921,0.089671,0.12677,0.12717,0.14679,-0.0063475,-0.072829,0.040101,0.052356,0.12131,0.10081,-0.087433,0.12379,0.14478,0.22058,0.096966,0.019387,0.22974,0.12996,0.10255,0.21591,0.027775,-0.06437,0.28558,0.02367,0.069979,0.20013,0.097825,0.10935,0.024504,-0.091464,0.16269,0.14068,0.063459,-0.046289,0.062659,0.21336,-0.0077935,-0.0085239,0.022721,-0.096262,0.21265,0.069016,0.057681,0.10086,-0.094125,0.0017056,0.18167,0.07679,-0.12108,0.14519,0.097661,-0.011111,0.0082911,0.23562,0.080272,0.18899,0.044406,0.10312,0.12609,0.14344,-0.012999,0.16656,0.29208,-0.015205,0.14009,0.12875,0.12683,0.063058,0.0065263,0.21514,0.17485,0.018878,-0.1182,0.17854,0.078221,0.094357,0.2628,0.13756,-0.1354,-0.018547,-0.066039,-0.13895,0.21576,-0.016148,0.17747,0.1015,-0.060207,0.10397,0.072421,0.19756,0.13524,-0.078346,0.14255,0.26734,-0.022093,0.1163,0.25708,0.20003,0.10198,0.13593,0.27608,-0.053686,0.16819,-0.18274,0.082178,-0.18172,-0.02916,0.27054,0.032996,-0.089837,0.081788,0.095624,-0.11339,0.15373,-0.039763,0.22505,0.18321,-0.14064,-0.091238,-0.097507,-0.031612,-0.052008,-0.076294,0.025341,0.10095,0.097108,-0.019845,-0.15116,-0.020766,0.18054,-0.050081,0.25341,0.19719,-0.035554,0.1201,-0.01854,0.13573,-0.12675,0.17426,0.098138,-0.082772,0.055535,0.12144,0.19715,0.2446,0.10348,-0.019495,0.034675,0.095884,-0.086062,0.018587,0.13422,0.17308
0.25131,0.2165,0.42047,-0.21041,0.11027,0.56264,0.17243,0.43845,-0.090708,-0.19921,0.05539,0.38076,0.46663,0.40257,0.16398,0.65735,0.22485,-0.1092,-0.11024,-0.024694,0.28409,0.054676,0.24015,0.30058,0.051418,0.3029,0.22547,0.20881,-0.053649,-0.207,0.15928,0.6687,-0.34712,-0.22775,0.35773,0.38066,0.18526,0.05017,-0.007459,0.63412,0.53212,0.14317,0.5468,0.31401,0.26941,0.071833,-0.52626,-0.079456,0.45871,-0.032551,-0.05576,0.26619,-0.13466,0.64999,-0.15278,0.52643,0.28821,0.041543,0.13192,0.18611,0.46438,0.4263,0.54841,-0.094137,0.64485,0.48907,0.55996,0.24563,0.045406,0.32204,-0.23846,0.13495,0.18648,0.32402,0.23681,-0.020744,0.33419,-0.26576,0.41945,0.2305,0.23742,-0.22849,0.17579,0.040637,-0.26315,-0.021526,0.41213,0.31773,0.65488,0.085277,-0.028047,-0.04492,-0.35571,0.5365,0.34513,-0.15604,0.55689,0.055508,0.53501,0.065478,0.076295,-0.071303,0.1248,0.25246,0.74187,0.20624,-0.035122,0.39681,0.40274,0.35282,-0.14617,0.28002,-0.083134,0.56442,-0.19979,0.55108,0.52201,0.46259,0.27328,-0.00050179,-0.037037,0.43835,0.31226,0.29591,0.56306,0.31144,-0.037551,0.20392,-0.12311,0.26017,-0.1081,0.59193,0.5274,-0.30372,0.54686,-0.049427,0.31633,-0.0049673,-0.14907,0.61599,-0.0037767,0.39937,0.27245,0.40317,0.5655,0.38739,0.49764,0.054043,0.26798,0.12304,-0.2747,0.39807,-0.16219,-0.073945,0.39261,0.28554,0.55933,0.52128,0.39337,0.127,0.42888,-0.014276,0.17347,0.61745,-0.17492,0.18302,-0.15112,0.28531,0.23757,0.06737,-0.033596,0.076203,0.58994,-0.089646,0.49522,0.16455,0.53556,0.15612,0.019744,0.60306,0.0043578,0.5279,-0.29643,-0.084664,0.32264,0.40612,0.50473,0.013139,0.60823,0.10923,0.49288,-0.14156,0.33292,-0.040697,0.48049,0.37437,-0.14779,0.44456,0.47041,0.030838
-0.062368,-0.043987,-0.18302,0.20017,0.0057936,-0.29736,-0.037085,-0.2219,0.12119,0.18696,0.0048839,-0.17153,-0.20605,-0.18238,-0.021699,-0.37413,-0.069019,0.14854,0.079161,0.09133,-0.1584,0.035482,-0.068452,-0.10979,-0.0010198,-0.09473,-0.050638,-0.071091,0.073924,0.19866,-0.071917,-0.41551,0.27248,0.21163,-0.14675,-0.16059,-0.025155,0.056875,0.091562,-0.35982,-0.26679,-0.034997,-0.2834,-0.10074,-0.094831,0.021118,0.37765,0.12819,-0.21479,0.10381,0.11842,-0.11504,0.12795,-0.36246,0.16768,-0.26514,-0.10248,0.0052764,0.00294,-0.028386,-0.20973,-0.197,-0.29611,0.13842,-0.36196,-0.24029,-0.29751,-0.091812,0.011064,-0.099503,0.21529,-0.0088836,-0.022935,-0.12701,-0.066901,0.080611,-0.18344,0.22932,-0.1848,-0.072651,-0.10834,0.21268,-0.015453,0.032378,0.22609,0.080693,-0.23261,-0.10603,-0.3648,0.020343,0.098582,0.06014,0.28095,-0.27059,-0.14577,0.12519,-0.28732,0.046823,-0.2926,0.020756,0.044488,0.12219,0.014145,-0.0919,-0.44149,-0.044084,0.10635,-0.20262,-0.16952,-0.11634,0.15152,-0.089942,0.13335,-0.29387,0.19635,-0.30009,-0.25862,-0.21202,-0.11252,0.020927,0.10851,-0.20907,-0.11985,-0.086722,-0.29244,-0.18153,0.080313,-0.092976,0.094529,-0.06817,0.12679,-0.32218,-0.26821,0.24326,-0.28227,0.1078,-0.10662,0.088109,0.13584,-0.33791,0.08909,-0.20661,-0.089019,-0.15862,-0.29995,-0.16916,-0.24204,0.057352,-0.13041,0.013651,0.18273,-0.18053,0.097204,0.10106,-0.14802,-0.1168,-0.31944,-0.26666,-0.17453,-0.060073,-0.18971,0.058663,-0.013384,-0.35511,0.1301,-0.087984,0.13072,-0.13499,-0.11023,-0.0076235,0.089004,0.034414,-0.31523,0.11387,-0.29083,-0.052733,-0.26975,-0.05664,0.076404,-0.34513,0.047731,-0.26637,0.24495,0.13452,-0.18591,-0.17099,-0.25223,0.025762,-0.33219,0.01685,-0.23401,0.16193,-0.13184,0.082096,-0.24716,-0.16148,0.13243,-0.22651,-0.22221,0.069308
0.11257,0.094237,0.13521,-0.042512,0.06415,0.14226,0.083145,0.16528,0.0101,-0.025902,0.066258,0.13817,0.15425,0.14067,0.07674,0.199,0.096496,-0.0070752,0.031557,0.022281,0.12267,0.050959,0.096425,0.11216,0.066664,0.12711,0.095151,0.098432,0.03935,-0.041583,0.092433,0.18326,-0.073677,-0.055037,0.12552,0.12986,0.085081,0.045615,0.04575,0.25453,0.15123,0.083372,0.18015,0.13487,0.10677,0.058052,-0.15101,0.0011888,0.14722,0.016762,0.0098907,0.11736,0.016946,0.2421,-0.021584,0.16481,0.10942,0.064357,0.067433,0.082996,0.14297,0.14522,0.20468,0.011283,0.19496,0.16061,0.13721,0.10697,0.063827,0.16693,-0.050099,0.070704,0.092025,0.11883,0.095705,0.02969,0.13997,-0.069111,0.13653,0.098002,0.11285,-0.053443,0.093074,0.054286,-0.051288,0.029762,0.16465,0.12427,0.23234,0.057558,0.018371,0.044555,-0.096774,0.14824,0.12719,0.02281,0.16342,0.045295,0.20597,0.058832,0.071879,0.0047965,0.072886,0.10654,0.26473,0.087506,0.016731,0.15732,0.13184,0.18204,-0.0035924,0.10593,-0.00079645,0.17252,-0.041707,0.20883,0.14175,0.14105,0.11602,0.054558,0.020278,0.15257,0.11621,0.14343,0.1678,0.12631,0.033041,0.10438,0.030722,0.11394,0.0098322,0.15437,0.17166,-0.047967,0.17649,0.013133,0.12005,0.026293,0.014253,0.17838,0.056416,0.15923,0.10444,0.15589,0.14295,0.13433,0.15381,0.0805,0.12166,0.068584,0.012601,0.14056,0.017079,0.02418,0.16576,0.11742,0.22078,0.1763,0.13689,0.082345,0.13713,0.044233,0.096365,0.15289,0.021802,0.098209,0.01888,0.12539,0.11314,0.070138,0.025378,0.051442,0.19303,0.016885,0.1866,0.090768,0.14846,0.091228,0.059537,0.14234,0.04875,0.16558,-0.06226,-0.0010495,0.13154,0.13251,0.16623,0.057392,0.2174,0.060941,0.14278,-0.0024397,0.12045,0.03228,0.17619,0.13195,0.016781,0.16772,0.14832,0.041814
0.060983,0.076366,0.020579,0.10038,0.10964,-0.038135,0.092378,0.01361,0.1605,0.18714,0.11232,0.031138,0.015146,0.024671,0.095561,-0.086924,0.078032,0.11802,0.13452,0.14186,0.060417,0.12367,0.0752,0.057649,0.10916,0.049202,0.075653,0.07905,0.14205,0.10254,0.082132,-0.11718,0.22582,0.13041,0.040205,0.033095,0.084275,0.10964,0.067689,-0.0010695,-0.023528,0.095295,-0.026915,0.04433,0.065841,0.11848,0.27919,0.1478,0.0059973,0.13022,0.12541,0.061141,0.16628,-0.053425,0.16877,-0.020316,0.061195,0.11172,0.10165,0.087242,0.0081489,0.016925,-0.01711,0.073518,-0.078734,-0.0053523,-0.034678,0.069512,0.11492,0.028673,0.19016,0.10323,0.076367,0.050224,0.076117,0.14289,0.049126,0.11836,0.020455,0.07642,0.066306,0.1768,0.073538,0.12441,0.20138,0.14307,0.040265,0.048874,-0.065237,0.11606,0.13668,0.13463,0.21535,-0.025362,0.042693,0.16097,-0.03463,0.12114,-0.0064144,0.11899,0.070536,0.1486,0.088862,0.068762,-0.13407,0.083864,0.12475,0.026738,0.026778,0.025392,0.1746,0.063898,0.13555,-0.036922,0.17305,-0.014865,-0.015288,0.0057598,0.060856,0.11621,0.10869,0.012553,0.053694,0.040189,-0.037075,0.063679,0.14524,0.073336,0.14392,0.059853,0.16465,-0.055659,-0.019861,0.21628,-0.02772,0.14596,0.050968,0.12395,0.16968,-0.064873,0.045914,0.026827,0.066148,0.027086,-0.039967,0.030153,-0.0088585,0.040463,0.058738,0.095344,0.16713,0.025972,0.13131,0.15442,0.028291,0.058254,0.024764,-0.016418,0.027955,0.087212,0.017484,0.13609,0.069194,-0.075397,0.15961,0.07675,0.16621,0.054919,0.065995,0.10677,0.14612,0.11631,-0.04476,0.1595,0.068345,0.087916,-0.024941,0.086835,0.058313,-0.066704,0.13133,-0.020879,0.21,0.13279,0.059775,0.025778,-0.011085,0.1205,-0.043852,0.10684,-0.0049991,0.056857,0.047687,0.14603,0.00041206,0.03419,0.16777,0.012017,0.0017365,0.10598
0.038702,-0.0020601,-0.07228,0.20762,-0.095416,-0.00066905,-0.13425,-0.27347,-0.067895,-0.022147,-0.22156,-0.18912,0.074834,-0.17086,-0.076515,-0.17596,-0.14266,0.12834,-0.26327,-0.031507,-0.35432,-0.10212,-0.087261,-0.11631,-0.24643,0.042442,-0.014802,-0.19365,-0.18655,0.20355,-0.28824,-0.10776,0.021187,0.1828,-0.12318,-0.11543,-0.0027935,0.03788,0.14532,-0.46867,-0.069329,-0.19509,-0.20687,0.057365,-0.14004,-0.12549,0.12817,0.027134,-0.12953,0.044815,0.078409,-0.24047,-0.14951,-0.34568,0.025273,-0.15448,-0.11817,-0.24326,-0.034097,-0.029515,0.022191,-0.16543,-0.32181,0.17552,-0.17273,-0.17517,0.029605,-0.19291,-0.21882,0.11004,0.04425,-0.099218,0.03553,-0.13345,-0.090301,-0.082482,-0.35462,0.22142,-0.099676,-0.14436,-0.27353,0.087358,0.0537,-0.15054,0.017188,-0.084267,-0.38965,0.019819,-0.29927,-0.092614,0.012506,-0.21702,0.10185,-0.045183,-0.16767,-0.20609,-0.11776,-0.031956,-0.35564,-0.14249,0.10892,0.011535,0.043512,-0.17557,-0.31841,-0.059158,0.064078,-0.29827,-0.058124,0.11719,-0.065716,-0.065435,0.073635,-0.15408,0.068488,-0.34062,0.019002,-0.053395,-0.21385,-0.2616,0.10178,-0.19589,-0.13421,0.085471,-0.13352,-0.38172,-0.12715,-0.28157,-0.24268,0.034732,-0.088055,-0.053823,-0.18813,-0.032019,-0.18995,-0.0096724,0.00029502,0.039907,-0.14994,-0.1354,0.16409,-0.30971,-0.09341,0.074698,-0.0048633,-0.14702,-0.12321,0.15041,-0.29286,0.020848,-0.25628,-0.17754,-0.28394,-0.12252,0.092623,-0.20157,-0.45372,-0.21795,-0.15758,-0.30071,-0.08191,-0.16418,0.067238,-0.039675,-0.22596,-0.29912,-0.1755,-0.27596,-0.27963,-0.24089,-0.074973,-0.037423,-0.21673,-0.1026,-0.46564,-0.21742,-0.047377,-0.2466,0.14487,-0.0045905,-0.16749,-0.15692,0.026412,0.082101,-0.37943,-0.047276,-0.18674,-0.22694,-0.29649,-0.027617,-0.016846,0.20958,-0.12879,-0.1268,-0.27167,-0.15152,-0.16122,-0.27872,-0.1204,0.0643
0.19822,0.15973,0.034643,0.31659,0.07599,-0.024257,0.036563,-0.11643,0.098818,0.12945,-0.042355,-0.041106,0.12718,-0.032322,0.09118,-0.14149,0.024082,0.26865,-0.073356,0.13226,-0.20071,0.070879,0.072962,0.036132,-0.069231,0.18921,0.14534,-0.021717,-0.0013936,0.31358,-0.12088,-0.14997,0.15215,0.28353,0.01683,0.016362,0.16237,0.20433,0.31768,-0.25939,-0.026589,-0.019247,-0.10033,0.20274,0.020702,0.04924,0.18918,0.17881,-0.021911,0.20161,0.23065,-0.070662,0.037013,-0.1885,0.16777,-0.065674,0.036909,-0.06522,0.13373,0.13509,0.081033,-0.035025,-0.16412,0.32806,-0.13348,-0.062101,-0.011311,-0.024111,-0.039058,0.2708,0.17127,0.071473,0.2035,0.016483,0.070624,0.088028,-0.1943,0.3056,0.014654,0.021908,-0.10335,0.20337,0.22489,0.027076,0.15183,0.086479,-0.22678,0.15956,-0.17154,0.079194,0.17169,-0.031268,0.19161,-0.018304,-0.016452,-0.0053622,-0.064333,0.13566,-0.18591,0.033775,0.28789,0.16609,0.21432,-0.0089492,-0.19044,0.10398,0.22008,-0.13315,0.053508,0.27146,0.099781,0.086141,0.22072,-0.083744,0.19433,-0.17638,0.027083,0.026839,-0.0461,-0.084529,0.25872,-0.059859,0.018289,0.24393,-0.074469,-0.2375,0.049863,-0.11224,-0.046917,0.1919,0.082856,-0.068655,-0.083565,0.12499,-0.092046,0.14968,0.13988,0.2005,0.038201,-0.10729,0.34532,-0.14364,0.061977,0.17903,-0.02872,-0.010161,-0.035253,0.34112,-0.12476,0.18979,-0.0071079,-0.036194,-0.090484,0.054725,0.20977,-0.036209,-0.26594,-0.097633,-0.019869,-0.13837,0.023725,0.016563,0.24095,-0.093001,-0.018578,-0.13412,0.018819,-0.10694,-0.11004,-0.063625,0.094233,0.1309,-0.12083,0.071201,-0.30636,-0.042345,-0.018602,-0.072425,0.32442,-0.073483,0.012752,-0.067589,0.15557,0.22851,-0.23106,0.06072,-0.074484,-0.04589,-0.16021,0.14052,0.031024,0.35332,0.018418,0.05024,-0.1214,-0.010175,0.029464,-0.12126,-0.020995,0.23012
-0.33589,-0.29579,-0.33285,-0.15842,-0.1905,-0.41157,-0.19276,-0.20529,-0.10506,-0.072529,-0.059398,-0.24251,-0.46275,-0.26341,-0.22804,-0.33542,-0.21057,-0.18933,0.090986,-0.16291,-0.052698,-0.15849,-0.25487,-0.26087,-0.031244,-0.36278,-0.29251,-0.16418,-0.031653,-0.15926,-0.04881,-0.36064,-0.0070243,-0.14405,-0.27852,-0.29198,-0.28105,-0.23622,-0.24919,-0.16473,-0.36603,-0.13065,-0.28993,-0.37903,-0.2318,-0.15032,0.065298,-0.16518,-0.30954,-0.19748,-0.19944,-0.1527,-0.01835,-0.24258,-0.125,-0.31507,-0.25462,-0.028905,-0.23876,-0.26638,-0.40919,-0.27565,-0.21799,-0.21093,-0.33486,-0.29084,-0.43071,-0.18203,-0.056508,-0.43509,-0.086241,-0.19971,-0.30259,-0.25871,-0.25149,-0.13303,-0.084161,-0.13403,-0.31541,-0.21186,-0.1083,-0.11169,-0.30716,-0.11488,-0.057379,-0.13141,-0.098747,-0.35398,-0.27046,-0.18024,-0.18472,-0.0063441,-0.043883,-0.38103,-0.2435,0.047926,-0.34445,-0.2032,-0.18957,-0.13416,-0.28144,-0.16181,-0.2762,-0.19854,-0.27614,-0.2578,-0.20433,-0.16748,-0.33584,-0.46807,-0.07539,-0.28528,-0.18347,-0.32594,-0.11943,-0.20673,-0.41946,-0.35754,-0.17808,0.018035,-0.21779,-0.25974,-0.25351,-0.39286,-0.33716,-0.040179,-0.091507,-0.081952,0.070669,-0.33763,-0.081521,-0.38564,-0.29515,-0.0027494,-0.30009,-0.16221,-0.34071,-0.20936,-0.0095859,-0.34812,-0.2586,-0.15952,-0.26445,-0.43754,-0.40935,-0.27377,-0.32532,-0.28807,-0.10636,-0.26402,0.18406,-0.25719,0.16378,-0.075013,-0.45531,-0.19335,-0.13548,-0.27471,-0.26893,-0.013908,-0.32957,-0.073926,-0.31339,-0.39398,0.08161,-0.050972,0.014538,-0.13117,-0.10253,-0.046462,-0.13126,-0.21021,-0.29739,-0.08134,-0.087631,-0.12204,-0.37955,-0.090402,-0.26468,-0.41033,-0.081293,-0.31405,-0.04219,-0.18596,-0.050701,-0.3438,-0.28873,-0.029798,-0.2566,-0.23169,-0.38879,-0.19399,-0.26533,-0.09006,-0.2241,-0.26592,-0.00045701,-0.20407,-0.31885,-0.23812
-0.41337,-0.33529,-0.34284,-0.23753,-0.14846,-0.43897,-0.14046,-0.12554,-0.042426,-0.018872,0.057444,-0.19195,-0.56852,-0.22287,-0.20731,-0.26621,-0.1626,-0.24268,0.24977,-0.13104,0.092592,-0.10233,-0.24068,-0.23817,0.099126,-0.44947,-0.32411,-0.08739,0.082607,-0.23641,0.085298,-0.29337,0.029904,-0.19755,-0.25797,-0.27715,-0.31419,-0.26832,-0.35525,-0.041492,-0.36744,-0.04182,-0.2363,-0.47909,-0.19205,-0.084779,0.023361,-0.15654,-0.28954,-0.21225,-0.23179,-0.062741,0.085929,-0.14608,-0.10021,-0.2812,-0.22933,0.10132,-0.23885,-0.28044,-0.47637,-0.23889,-0.13005,-0.31129,-0.27136,-0.2509,-0.47582,-0.11171,0.06049,-0.5808,-0.058714,-0.16014,-0.36597,-0.22947,-0.23494,-0.07395,0.049473,-0.20195,-0.31032,-0.16389,0.002975,-0.10672,-0.38349,-0.031199,-0.01648,-0.071262,0.035431,-0.4236,-0.18108,-0.13504,-0.17897,0.12187,-0.034517,-0.39335,-0.19932,0.179,-0.32053,-0.18817,-0.090318,-0.058701,-0.38121,-0.14551,-0.33213,-0.13792,-0.14358,-0.25562,-0.23217,-0.072411,-0.35421,-0.61921,-0.0071176,-0.29028,-0.20444,-0.28765,-0.10948,-0.11335,-0.47198,-0.37655,-0.10199,0.16434,-0.27421,-0.21052,-0.22252,-0.51584,-0.30627,0.11539,-0.0075175,0.03986,0.21883,-0.41309,-0.0070837,-0.37725,-0.249,0.055552,-0.25193,-0.13799,-0.39519,-0.22808,0.095692,-0.30378,-0.38572,-0.059984,-0.25127,-0.55192,-0.43345,-0.24337,-0.3065,-0.42236,0.0088427,-0.30158,0.33758,-0.21331,0.33739,0.011479,-0.58473,-0.12505,-0.0050414,-0.21863,-0.2339,0.13367,-0.33407,0.024717,-0.40095,-0.37857,0.22288,0.084523,0.13124,-0.027543,0.011803,0.078442,-0.073922,-0.19622,-0.23649,-0.0022894,0.066123,-0.025736,-0.39098,0.022149,-0.38057,-0.41608,0.016334,-0.27914,-0.0043383,-0.21247,0.10033,-0.36886,-0.24404,0.096101,-0.1742,-0.23128,-0.42563,-0.30694,-0.23951,-0.0058077,-0.14867,-0.23237,0.10972,-0.12294,-0.30279,-0.28537
