0.016395,0.2706,0.039686,0.14132,-0.071439,0.016395,0.070398,0.046051,0.22921,0.15206,-0.044477,-0.071439,0.016395,-0.044477,0.22921,0.072851,-0.044477,0.15375,-0.071439,0.072851,0.039686,0.16692,0.15206,0.085996,0.2706,-0.044477,0.070398,0.039686,0.16692,0.19841,0.072851,0.016395,0.19841,0.046051,0.016395,-0.044477,0.16692,0.19841,0.2706,0.22921,0.2706,-0.044477,0.2706,0.16692,0.085996,0.070398,-0.044477,0.16692,0.15375,0.039686,0.085996,0.16692,0.16692,-0.044477,0.15375,0.016395,0.15206,0.085996,0.14132,0.2706,0.16692,0.2706,0.016395,0.19841,0.085996,0.039686,0.072851,0.085996,0.14132,0.016395,-0.071439,0.22921,0.15206,0.16692,0.085996,-0.044477,0.14132,0.16692,0.2706,0.039686,0.15206,0.039686,-0.044477,0.016395,0.2706,0.14132,0.19841,0.085996,0.19841,0.14132,0.12831,0.14132,0.16692,0.16692,0.22921,0.19841,0.070398,0.16692,0.039686,0.085996,-0.071439,0.072851,0.072851,0.14132,0.085996,0.2706,0.12831,0.14132,0.16692,0.14132,0.22921,0.016395,0.085996,0.15206,-0.071439,0.085996,0.2706,0.2706,0.072851,0.2706,0.22921,0.2706,0.072851,0.2706,0.2706,0.19841,-0.044477,0.046051,0.15375,0.046051,0.046051,0.016395,-0.044477,0.12831,0.15206,0.070398,0.2706,0.072851,0.016395,-0.044477,0.072851,0.039686,0.14132,0.2706,0.15375,0.085996,0.085996,0.2706,0.14132,0.2706,0.072851,0.039686,0.14132,0.085996,0.14132,0.085996,0.046051,0.046051,0.085996,0.039686,0.070398,0.15375,-0.044477,0.2706,0.039686,0.22921,0.2706,0.14132,0.12831,0.070398,0.085996,0.12831,0.16692,-0.044477,0.046051,0.12831,0.085996,0.19841,0.14132,0.19841,0.15375,0.072851,0.039686,-0.071439,0.15375,0.16692,0.14132,0.16692,0.14132,0.16692,0.039686,0.039686,0.016395,0.19841,0.070398,-0.044477,0.15206,0.070398,0.16692,0.15206
0.037158,0.13026,0.08037,0.14733,0.054955,0.037158,0.15632,0.10419,0.08383,0.00169,0.11047,0.054955,0.037158,0.11047,0.08383,0.031133,0.11047,0.10454,0.054955,0.031133,0.08037,0.030665,0.00169,0.064984,0.13026,0.11047,0.15632,0.08037,0.030665,0.16,0.031133,0.037158,0.16,0.10419,0.037158,0.11047,0.030665,0.16,0.13026,0.08383,0.13026,0.11047,0.13026,0.030665,0.064984,0.15632,0.11047,0.030665,0.10454,0.08037,0.064984,0.030665,0.030665,0.11047,0.10454,0.037158,0.00169,0.064984,0.14733,0.13026,0.030665,0.13026,0.037158,0.16,0.064984,0.08037,0.031133,0.064984,0.14733,0.037158,0.054955,0.08383,0.00169,0.030665,0.064984,0.11047,0.14733,0.030665,0.13026,0.08037,0.00169,0.08037,0.11047,0.037158,0.13026,0.14733,0.16,0.064984,0.16,0.14733,0.10406,0.14733,0.030665,0.030665,0.08383,0.16,0.15632,0.030665,0.08037,0.064984,0.054955,0.031133,0.031133,0.14733,0.064984,0.13026,0.10406,0.14733,0.030665,0.14733,0.08383,0.037158,0.064984,0.00169,0.054955,0.064984,0.13026,0.13026,0.031133,0.13026,0.08383,0.13026,0.031133,0.13026,0.13026,0.16,0.11047,0.10419,0.10454,0.10419,0.10419,0.037158,0.11047,0.10406,0.00169,0.15632,0.13026,0.031133,0.037158,0.11047,0.031133,0.08037,0.14733,0.13026,0.10454,0.064984,0.064984,0.13026,0.14733,0.13026,0.031133,0.08037,0.14733,0.064984,0.14733,0.064984,0.10419,0.10419,0.064984,0.08037,0.15632,0.10454,0.11047,0.13026,0.08037,0.08383,0.13026,0.14733,0.10406,0.15632,0.064984,0.10406,0.030665,0.11047,0.10419,0.10406,0.064984,0.16,0.14733,0.16,0.10454,0.031133,0.08037,0.054955,0.10454,0.030665,0.14733,0.030665,0.14733,0.030665,0.08037,0.08037,0.037158,0.16,0.15632,0.11047,0.00169,0.15632,0.030665,0.00169
-0.02884,-0.19782,-0.41225,-0.4636,-0.18191,-0.02884,-0.6033,-0.23974,0.10996,0.23066,-0.55316,-0.18191,-0.02884,-0.55316,0.10996,0.081141,-0.55316,-0.02539,-0.18191,0.081141,-0.41225,-0.11567,0.23066,-0.27635,-0.19782,-0.55316,-0.6033,-0.41225,-0.11567,-0.36075,0.081141,-0.02884,-0.36075,-0.23974,-0.02884,-0.55316,-0.11567,-0.36075,-0.19782,0.10996,-0.19782,-0.55316,-0.19782,-0.11567,-0.27635,-0.6033,-0.55316,-0.11567,-0.02539,-0.41225,-0.27635,-0.11567,-0.11567,-0.55316,-0.02539,-0.02884,0.23066,-0.27635,-0.4636,-0.19782,-0.11567,-0.19782,-0.02884,-0.36075,-0.27635,-0.41225,0.081141,-0.27635,-0.4636,-0.02884,-0.18191,0.10996,0.23066,-0.11567,-0.27635,-0.55316,-0.4636,-0.11567,-0.19782,-0.41225,0.23066,-0.41225,-0.55316,-0.02884,-0.19782,-0.4636,-0.36075,-0.27635,-0.36075,-0.4636,-0.11082,-0.4636,-0.11567,-0.11567,0.10996,-0.36075,-0.6033,-0.11567,-0.41225,-0.27635,-0.18191,0.081141,0.081141,-0.4636,-0.27635,-0.19782,-0.11082,-0.4636,-0.11567,-0.4636,0.10996,-0.02884,-0.27635,0.23066,-0.18191,-0.27635,-0.19782,-0.19782,0.081141,-0.19782,0.10996,-0.19782,0.081141,-0.19782,-0.19782,-0.36075,-0.55316,-0.23974,-0.02539,-0.23974,-0.23974,-0.02884,-0.55316,-0.11082,0.23066,-0.6033,-0.19782,0.081141,-0.02884,-0.55316,0.081141,-0.41225,-0.4636,-0.19782,-0.02539,-0.27635,-0.27635,-0.19782,-0.4636,-0.19782,0.081141,-0.41225,-0.4636,-0.27635,-0.4636,-0.27635,-0.23974,-0.23974,-0.27635,-0.41225,-0.6033,-0.02539,-0.55316,-0.19782,-0.41225,0.10996,-0.19782,-0.4636,-0.11082,-0.6033,-0.27635,-0.11082,-0.11567,-0.55316,-0.23974,-0.11082,-0.27635,-0.36075,-0.4636,-0.36075,-0.02539,0.081141,-0.41225,-0.18191,-0.02539,-0.11567,-0.4636,-0.11567,-0.4636,-0.11567,-0.41225,-0.41225,-0.02884,-0.36075,-0.6033,-0.55316,0.23066,-0.6033,-0.11567,0.23066
-0.011962,-0.0026866,0.053068,0.005496,-0.0076386,-0.011962,-0.0050731,-0.03764,-0.025357,0.0053369,0.033348,-0.0076386,-0.011962,0.033348,-0.025357,-0.015065,0.033348,-0.032889,-0.0076386,-0.015065,0.053068,0.060072,0.0053369,0.06376,-0.0026866,0.033348,-0.0050731,0.053068,0.060072,-0.0037454,-0.015065,-0.011962,-0.0037454,-0.03764,-0.011962,0.033348,0.060072,-0.0037454,-0.0026866,-0.025357,-0.0026866,0.033348,-0.0026866,0.060072,0.06376,-0.0050731,0.033348,0.060072,-0.032889,0.053068,0.06376,0.060072,0.060072,0.033348,-0.032889,-0.011962,0.0053369,0.06376,0.005496,-0.0026866,0.060072,-0.0026866,-0.011962,-0.0037454,0.06376,0.053068,-0.015065,0.06376,0.005496,-0.011962,-0.0076386,-0.025357,0.0053369,0.060072,0.06376,0.033348,0.005496,0.060072,-0.0026866,0.053068,0.0053369,0.053068,0.033348,-0.011962,-0.0026866,0.005496,-0.0037454,0.06376,-0.0037454,0.005496,-0.055629,0.005496,0.060072,0.060072,-0.025357,-0.0037454,-0.0050731,0.060072,0.053068,0.06376,-0.0076386,-0.015065,-0.015065,0.005496,0.06376,-0.0026866,-0.055629,0.005496,0.060072,0.005496,-0.025357,-0.011962,0.06376,0.0053369,-0.0076386,0.06376,-0.0026866,-0.0026866,-0.015065,-0.0026866,-0.025357,-0.0026866,-0.015065,-0.0026866,-0.0026866,-0.0037454,0.033348,-0.03764,-0.032889,-0.03764,-0.03764,-0.011962,0.033348,-0.055629,0.0053369,-0.0050731,-0.0026866,-0.015065,-0.011962,0.033348,-0.015065,0.053068,0.005496,-0.0026866,-0.032889,0.06376,0.06376,-0.0026866,0.005496,-0.0026866,-0.015065,0.053068,0.005496,0.06376,0.005496,0.06376,-0.03764,-0.03764,0.06376,0.053068,-0.0050731,-0.032889,0.033348,-0.0026866,0.053068,-0.025357,-0.0026866,0.005496,-0.055629,-0.0050731,0.06376,-0.055629,0.060072,0.033348,-0.03764,-0.055629,0.06376,-0.0037454,0.005496,-0.0037454,-0.032889,-0.015065,0.053068,-0.0076386,-0.032889,0.060072,0.005496,0.060072,0.005496,0.060072,0.053068,0.053068,-0.011962,-0.0037454,-0.0050731,0.033348,0.0053369,-0.0050731,0.060072,0.0053369
0.017028,0.34176,-0.036131,0.11323,-0.25735,0.017028,-0.1302,-0.10518,0.42135,0.27693,-0.27099,-0.25735,0.017028,-0.27099,0.42135,0.027709,-0.27099,0.1884,-0.25735,0.027709,-0.036131,0.20102,0.27693,-0.028942,0.34176,-0.27099,-0.1302,-0.036131,0.20102,0.13343,0.027709,0.017028,0.13343,-0.10518,0.017028,-0.27099,0.20102,0.13343,0.34176,0.42135,0.34176,-0.27099,0.34176,0.20102,-0.028942,-0.1302,-0.27099,0.20102,0.1884,-0.036131,-0.028942,0.20102,0.20102,-0.27099,0.1884,0.017028,0.27693,-0.028942,0.11323,0.34176,0.20102,0.34176,0.017028,0.13343,-0.028942,-0.036131,0.027709,-0.028942,0.11323,0.017028,-0.25735,0.42135,0.27693,0.20102,-0.028942,-0.27099,0.11323,0.20102,0.34176,-0.036131,0.27693,-0.036131,-0.27099,0.017028,0.34176,0.11323,0.13343,-0.028942,0.13343,0.11323,0.17651,0.11323,0.20102,0.20102,0.42135,0.13343,-0.1302,0.20102,-0.036131,-0.028942,-0.25735,0.027709,0.027709,0.11323,-0.028942,0.34176,0.17651,0.11323,0.20102,0.11323,0.42135,0.017028,-0.028942,0.27693,-0.25735,-0.028942,0.34176,0.34176,0.027709,0.34176,0.42135,0.34176,0.027709,0.34176,0.34176,0.13343,-0.27099,-0.10518,0.1884,-0.10518,-0.10518,0.017028,-0.27099,0.17651,0.27693,-0.1302,0.34176,0.027709,0.017028,-0.27099,0.027709,-0.036131,0.11323,0.34176,0.1884,-0.028942,-0.028942,0.34176,0.11323,0.34176,0.027709,-0.036131,0.11323,-0.028942,0.11323,-0.028942,-0.10518,-0.10518,-0.028942,-0.036131,-0.1302,0.1884,-0.27099,0.34176,-0.036131,0.42135,0.34176,0.11323,0.17651,-0.1302,-0.028942,0.17651,0.20102,-0.27099,-0.10518,0.17651,-0.028942,0.13343,0.11323,0.13343,0.1884,0.027709,-0.036131,-0.25735,0.1884,0.20102,0.11323,0.20102,0.11323,0.20102,-0.036131,-0.036131,0.017028,0.13343,-0.1302,-0.27099,0.27693,-0.1302,0.20102,0.27693
-0.067927,-0.31484,-0.057515,-0.0023857,0.044644,-0.067927,0.095575,0.12218,-0.31712,-0.38765,0.033863,0.044644,-0.067927,0.033863,-0.31712,-0.28269,0.033863,-0.21233,0.044644,-0.28269,-0.057515,-0.34536,-0.38765,-0.2333,-0.31484,0.033863,0.095575,-0.057515,-0.34536,-0.21494,-0.28269,-0.067927,-0.21494,0.12218,-0.067927,0.033863,-0.34536,-0.21494,-0.31484,-0.31712,-0.31484,0.033863,-0.31484,-0.34536,-0.2333,0.095575,0.033863,-0.34536,-0.21233,-0.057515,-0.2333,-0.34536,-0.34536,0.033863,-0.21233,-0.067927,-0.38765,-0.2333,-0.0023857,-0.31484,-0.34536,-0.31484,-0.067927,-0.21494,-0.2333,-0.057515,-0.28269,-0.2333,-0.0023857,-0.067927,0.044644,-0.31712,-0.38765,-0.34536,-0.2333,0.033863,-0.0023857,-0.34536,-0.31484,-0.057515,-0.38765,-0.057515,0.033863,-0.067927,-0.31484,-0.0023857,-0.21494,-0.2333,-0.21494,-0.0023857,0.00027104,-0.0023857,-0.34536,-0.34536,-0.31712,-0.21494,0.095575,-0.34536,-0.057515,-0.2333,0.044644,-0.28269,-0.28269,-0.0023857,-0.2333,-0.31484,0.00027104,-0.0023857,-0.34536,-0.0023857,-0.31712,-0.067927,-0.2333,-0.38765,0.044644,-0.2333,-0.31484,-0.31484,-0.28269,-0.31484,-0.31712,-0.31484,-0.28269,-0.31484,-0.31484,-0.21494,0.033863,0.12218,-0.21233,0.12218,0.12218,-0.067927,0.033863,0.00027104,-0.38765,0.095575,-0.31484,-0.28269,-0.067927,0.033863,-0.28269,-0.057515,-0.0023857,-0.31484,-0.21233,-0.2333,-0.2333,-0.31484,-0.0023857,-0.31484,-0.28269,-0.057515,-0.0023857,-0.2333,-0.0023857,-0.2333,0.12218,0.12218,-0.2333,-0.057515,0.095575,-0.21233,0.033863,-0.31484,-0.057515,-0.31712,-0.31484,-0.0023857,0.00027104,0.095575,-0.2333,0.00027104,-0.34536,0.033863,0.12218,0.00027104,-0.2333,-0.21494,-0.0023857,-0.21494,-0.21233,-0.28269,-0.057515,0.044644,-0.21233,-0.34536,-0.0023857,-0.34536,-0.0023857,-0.34536,-0.057515,-0.057515,-0.067927,-0.21494,0.095575,0.033863,-0.38765,0.095575,-0.34536,-0.38765
0.0069733,-0.046955,-0.081643,-0.15187,-0.043322,0.0069733,-0.20555,-0.14652,0.023135,0.13259,-0.12274,-0.043322,0.0069733,-0.12274,0.023135,0.065871,-0.12274,-0.049706,-0.043322,0.065871,-0.081643,0.046672,0.13259,-0.00097416,-0.046955,-0.12274,-0.20555,-0.081643,0.046672,-0.12484,0.065871,0.0069733,-0.12484,-0.14652,0.0069733,-0.12274,0.046672,-0.12484,-0.046955,0.023135,-0.046955,-0.12274,-0.046955,0.046672,-0.00097416,-0.20555,-0.12274,0.046672,-0.049706,-0.081643,-0.00097416,0.046672,0.046672,-0.12274,-0.049706,0.0069733,0.13259,-0.00097416,-0.15187,-0.046955,0.046672,-0.046955,0.0069733,-0.12484,-0.00097416,-0.081643,0.065871,-0.00097416,-0.15187,0.0069733,-0.043322,0.023135,0.13259,0.046672,-0.00097413,-0.12274,-0.15187,0.046672,-0.046955,-0.081643,0.13259,-0.081643,-0.12274,0.0069733,-0.046955,-0.15187,-0.12484,-0.00097416,-0.12484,-0.15187,-0.10766,-0.15187,0.046672,0.046672,0.023135,-0.12484,-0.20555,0.046672,-0.081643,-0.00097413,-0.043322,0.065871,0.065871,-0.15187,-0.00097416,-0.046955,-0.10766,-0.15187,0.046672,-0.15187,0.023135,0.0069733,-0.00097416,0.13259,-0.043322,-0.00097416,-0.046955,-0.046955,0.065871,-0.046955,0.023135,-0.046955,0.065871,-0.046955,-0.046955,-0.12484,-0.12274,-0.14652,-0.049706,-0.14652,-0.14652,0.0069733,-0.12274,-0.10766,0.13259,-0.20555,-0.046955,0.065871,0.0069733,-0.12274,0.065871,-0.081643,-0.15187,-0.046955,-0.049706,-0.00097416,-0.00097416,-0.046955,-0.15187,-0.046955,0.065871,-0.081643,-0.15187,-0.00097416,-0.15187,-0.00097416,-0.14652,-0.14652,-0.00097416,-0.081643,-0.20555,-0.049706,-0.12274,-0.046955,-0.081643,0.023135,-0.046955,-0.15187,-0.10766,-0.20555,-0.00097416,-0.10766,0.046672,-0.12274,-0.14652,-0.10766,-0.00097416,-0.12484,-0.15187,-0.12484,-0.049706,0.065871,-0.081643,-0.043322,-0.049706,0.046672,-0.15187,0.046672,-0.15187,0.046672,-0.081643,-0.081643,0.0069733,-0.12484,-0.20555,-0.12274,0.13259,-0.20555,0.046672,0.13259
-0.025121,-0.19796,-0.20436,-0.35337,-0.006713,-0.025121,-0.32539,-0.15826,-0.029053,0.15844,-0.19139,-0.006713,-0.025121,-0.19139,-0.029053,0.17017,-0.19139,-0.0093413,-0.006713,0.17017,-0.20436,-0.025056,0.15844,-0.032501,-0.19796,-0.19139,-0.32539,-0.20436,-0.025056,-0.19367,0.17017,-0.025121,-0.19367,-0.15826,-0.025121,-0.19139,-0.025056,-0.19367,-0.19796,-0.029053,-0.19796,-0.19139,-0.19796,-0.025056,-0.032501,-0.32539,-0.19139,-0.025056,-0.0093413,-0.20436,-0.032501,-0.025056,-0.025056,-0.19139,-0.0093413,-0.025121,0.15844,-0.032501,-0.35337,-0.19796,-0.025056,-0.19796,-0.025121,-0.19367,-0.032501,-0.20436,0.17017,-0.032501,-0.35337,-0.025121,-0.006713,-0.029053,0.15844,-0.025056,-0.032501,-0.19139,-0.35337,-0.025056,-0.19796,-0.20436,0.15844,-0.20436,-0.19139,-0.025121,-0.19796,-0.35337,-0.19367,-0.032501,-0.19367,-0.35337,-0.19196,-0.35337,-0.025056,-0.025056,-0.029053,-0.19367,-0.32539,-0.025056,-0.20436,-0.032501,-0.006713,0.17017,0.17017,-0.35337,-0.032501,-0.19796,-0.19196,-0.35337,-0.025056,-0.35337,-0.029053,-0.025121,-0.032501,0.15844,-0.006713,-0.032501,-0.19796,-0.19796,0.17017,-0.19796,-0.029053,-0.19796,0.17017,-0.19796,-0.19796,-0.19367,-0.19139,-0.15826,-0.0093413,-0.15826,-0.15826,-0.025121,-0.19139,-0.19196,0.15844,-0.32539,-0.19796,0.17017,-0.025121,-0.19139,0.17017,-0.20436,-0.35337,-0.19796,-0.0093413,-0.032501,-0.032501,-0.19796,-0.35337,-0.19796,0.17017,-0.20436,-0.35337,-0.032501,-0.35337,-0.032501,-0.15826,-0.15826,-0.032501,-0.20436,-0.32539,-0.0093413,-0.19139,-0.19796,-0.20436,-0.029053,-0.19796,-0.35337,-0.19196,-0.32539,-0.032501,-0.19196,-0.025056,-0.19139,-0.15826,-0.19196,-0.032501,-0.19367,-0.35337,-0.19367,-0.0093413,0.17017,-0.20436,-0.006713,-0.0093413,-0.025056,-0.35337,-0.025056,-0.35337,-0.025056,-0.20436,-0.20436,-0.025121,-0.19367,-0.32539,-0.19139,0.15844,-0.32539,-0.025056,0.15844
-0.048355,0.087779,-0.14829,0.019806,-0.25328,-0.048355,-0.16893,-0.094606,0.19126,0.093265,-0.34056,-0.25328,-0.048355,-0.34056,0.19126,-0.10071,-0.34056,0.0021655,-0.25328,-0.10071,-0.14829,-0.0072356,0.093265,-0.16535,0.087779,-0.34056,-0.16893,-0.14829,-0.0072356,-0.069592,-0.10071,-0.048355,-0.069592,-0.094606,-0.048355,-0.34056,-0.0072356,-0.069592,0.087779,0.19126,0.087779,-0.34056,0.087779,-0.0072356,-0.16535,-0.16893,-0.34056,-0.0072356,0.0021655,-0.14829,-0.16535,-0.0072356,-0.0072356,-0.34056,0.0021655,-0.048355,0.093265,-0.16535,0.019806,0.087779,-0.0072356,0.087779,-0.048355,-0.069592,-0.16535,-0.14829,-0.10071,-0.16535,0.019806,-0.048355,-0.25328,0.19126,0.093265,-0.0072356,-0.16535,-0.34056,0.019806,-0.0072356,0.087779,-0.14829,0.093265,-0.14829,-0.34056,-0.048355,0.087779,0.019806,-0.069592,-0.16535,-0.069592,0.019806,0.10562,0.019806,-0.0072356,-0.0072356,0.19126,-0.069592,-0.16893,-0.0072356,-0.14829,-0.16535,-0.25328,-0.10071,-0.10071,0.019806,-0.16535,0.087779,0.10562,0.019806,-0.0072356,0.019806,0.19126,-0.048355,-0.16535,0.093265,-0.25328,-0.16535,0.087779,0.087779,-0.10071,0.087779,0.19126,0.087779,-0.10071,0.087779,0.087779,-0.069592,-0.34056,-0.094606,0.0021655,-0.094606,-0.094606,-0.048355,-0.34056,0.10562,0.093265,-0.16893,0.087779,-0.10071,-0.048355,-0.34056,-0.10071,-0.14829,0.019806,0.087779,0.0021655,-0.16535,-0.16535,0.087779,0.019806,0.087779,-0.10071,-0.14829,0.019806,-0.16535,0.019806,-0.16535,-0.094606,-0.094606,-0.16535,-0.14829,-0.16893,0.0021655,-0.34056,0.087779,-0.14829,0.19126,0.087779,0.019806,0.10562,-0.16893,-0.16535,0.10562,-0.0072356,-0.34056,-0.094606,0.10562,-0.16535,-0.069592,0.019806,-0.069592,0.0021655,-0.10071,-0.14829,-0.25328,0.0021655,-0.0072356,0.019806,-0.0072356,0.019806,-0.0072356,-0.14829,-0.14829,-0.048355,-0.069592,-0.16893,-0.34056,0.093265,-0.16893,-0.0072356,0.093265
0.0056072,0.35808,0.097621,0.49851,0.028955,0.0056072,0.499,0.4384,0.27667,-0.13724,0.11769,0.028955,0.0056072,0.11769,0.27667,-0.092027,0.11769,0.3222,0.028955,-0.092027,0.097621,-0.044561,-0.13724,-0.0032877,0.35808,0.11769,0.499,0.097621,-0.044561,0.40854,-0.092027,0.0056072,0.40854,0.4384,0.0056072,0.11769,-0.044561,0.40854,0.35808,0.27667,0.35808,0.11769,0.35808,-0.044561,-0.0032877,0.499,0.11769,-0.044561,0.3222,0.097621,-0.0032877,-0.044561,-0.044561,0.11769,0.3222,0.0056072,-0.13724,-0.0032877,0.49851,0.35808,-0.044561,0.35808,0.0056072,0.40854,-0.0032877,0.097621,-0.092027,-0.0032877,0.49851,0.0056072,0.028955,0.27667,-0.13724,-0.044561,-0.0032877,0.11769,0.49851,-0.044561,0.35808,0.097621,-0.13724,0.097621,0.11769,0.0056072,0.35808,0.49851,0.40854,-0.0032877,0.40854,0.49851,0.45104,0.49851,-0.044561,-0.044561,0.27667,0.40854,0.499,-0.044561,0.097621,-0.0032877,0.028955,-0.092027,-0.092027,0.49851,-0.0032877,0.35808,0.45104,0.49851,-0.044561,0.49851,0.27667,0.0056072,-0.0032877,-0.13724,0.028955,-0.0032877,0.35808,0.35808,-0.092027,0.35808,0.27667,0.35808,-0.092027,0.35808,0.35808,0.40854,0.11769,0.4384,0.3222,0.4384,0.4384,0.0056072,0.11769,0.45104,-0.13724,0.499,0.35808,-0.092027,0.0056072,0.11769,-0.092027,0.097621,0.49851,0.35808,0.3222,-0.0032877,-0.0032877,0.35808,0.49851,0.35808,-0.092027,0.097621,0.49851,-0.0032877,0.49851,-0.0032877,0.4384,0.4384,-0.0032877,0.097621,0.499,0.3222,0.11769,0.35808,0.097621,0.27667,0.35808,0.49851,0.45104,0.499,-0.0032877,0.45104,-0.044561,0.11769,0.4384,0.45104,-0.0032877,0.40854,0.49851,0.40854,0.3222,-0.092027,0.097621,0.028955,0.3222,-0.044561,0.49851,-0.044561,0.49851,-0.044561,0.097621,0.097621,0.0056072,0.40854,0.499,0.11769,-0.13724,0.499,-0.044561,-0.13724
0.026323,0.15914,0.23639,0.32499,0.058968,0.026323,0.34618,0.1375,0.0073812,-0.10946,0.25327,0.058968,0.026323,0.25327,0.0073812,-0.079717,0.25327,0.018506,0.058968,-0.079717,0.23639,0.081757,-0.10946,0.11079,0.15914,0.25327,0.34618,0.23639,0.081757,0.18679,-0.079717,0.026323,0.18679,0.1375,0.026323,0.25327,0.081757,0.18679,0.15914,0.0073812,0.15914,0.25327,0.15914,0.081757,0.11079,0.34618,0.25327,0.081757,0.018506,0.23639,0.11079,0.081757,0.081757,0.25327,0.018506,0.026323,-0.10946,0.11079,0.32499,0.15914,0.081757,0.15914,0.026323,0.18679,0.11079,0.23639,-0.079717,0.11079,0.32499,0.026323,0.058968,0.0073812,-0.10946,0.081757,0.11079,0.25327,0.32499,0.081757,0.15914,0.23639,-0.10946,0.23639,0.25327,0.026323,0.15914,0.32499,0.18679,0.11079,0.18679,0.32499,0.12236,0.32499,0.081757,0.081757,0.0073812,0.18679,0.34618,0.081757,0.23639,0.11079,0.058968,-0.079717,-0.079717,0.32499,0.11079,0.15914,0.12236,0.32499,0.081757,0.32499,0.0073812,0.026323,0.11079,-0.10946,0.058968,0.11079,0.15914,0.15914,-0.079717,0.15914,0.0073812,0.15914,-0.079717,0.15914,0.15914,0.18679,0.25327,0.1375,0.018506,0.1375,0.1375,0.026323,0.25327,0.12236,-0.10946,0.34618,0.15914,-0.079717,0.026323,0.25327,-0.079717,0.23639,0.32499,0.15914,0.018506,0.11079,0.11079,0.15914,0.32499,0.15914,-0.079717,0.23639,0.32499,0.11079,0.32499,0.11079,0.1375,0.1375,0.11079,0.23639,0.34618,0.018506,0.25327,0.15914,0.23639,0.0073812,0.15914,0.32499,0.12236,0.34618,0.11079,0.12236,0.081757,0.25327,0.1375,0.12236,0.11079,0.18679,0.32499,0.18679,0.018506,-0.079717,0.23639,0.058968,0.018506,0.081757,0.32499,0.081757,0.32499,0.081757,0.23639,0.23639,0.026323,0.18679,0.34618,0.25327,-0.10946,0.34618,0.081757,-0.10946
-0.026452,0.12496,0.14477,0.15492,-0.18663,-0.026452,0.016549,-0.16119,0.029374,-0.02116,-0.02575,-0.18663,-0.026452,-0.02575,0.029374,-0.19813,-0.02575,-0.15839,-0.18663,-0.19813,0.14477,0.1221,-0.02116,-0.014109,0.12496,-0.02575,0.016549,0.14477,0.1221,-0.0094896,-0.19813,-0.026452,-0.0094896,-0.16119,-0.026452,-0.02575,0.1221,-0.0094896,0.12496,0.029374,0.12496,-0.02575,0.12496,0.1221,-0.014109,0.016549,-0.02575,0.1221,-0.15839,0.14477,-0.014109,0.1221,0.1221,-0.02575,-0.15839,-0.026452,-0.02116,-0.014109,0.15492,0.12496,0.1221,0.12496,-0.026452,-0.0094896,-0.014109,0.14477,-0.19813,-0.014109,0.15492,-0.026452,-0.18663,0.029374,-0.02116,0.1221,-0.014109,-0.02575,0.15492,0.1221,0.12496,0.14477,-0.02116,0.14477,-0.02575,-0.026452,0.12496,0.15492,-0.0094896,-0.014109,-0.0094896,0.15492,-0.0056149,0.15492,0.1221,0.1221,0.029374,-0.0094896,0.016549,0.1221,0.14477,-0.014109,-0.18663,-0.19813,-0.19813,0.15492,-0.014109,0.12496,-0.0056149,0.15492,0.1221,0.15492,0.029374,-0.026452,-0.014109,-0.02116,-0.18663,-0.014109,0.12496,0.12496,-0.19813,0.12496,0.029374,0.12496,-0.19813,0.12496,0.12496,-0.0094896,-0.02575,-0.16119,-0.15839,-0.16119,-0.16119,-0.026452,-0.02575,-0.0056149,-0.02116,0.016549,0.12496,-0.19813,-0.026452,-0.02575,-0.19813,0.14477,0.15492,0.12496,-0.15839,-0.014109,-0.014109,0.12496,0.15492,0.12496,-0.19813,0.14477,0.15492,-0.014109,0.15492,-0.014109,-0.16119,-0.16119,-0.014109,0.14477,0.016549,-0.15839,-0.02575,0.12496,0.14477,0.029374,0.12496,0.15492,-0.0056149,0.016549,-0.014109,-0.0056149,0.1221,-0.02575,-0.16119,-0.0056149,-0.014109,-0.0094896,0.15492,-0.0094896,-0.15839,-0.19813,0.14477,-0.18663,-0.15839,0.1221,0.15492,0.1221,0.15492,0.1221,0.14477,0.14477,-0.026452,-0.0094896,0.016549,-0.02575,-0.02116,0.016549,0.1221,-0.02116
0.03548,0.49405,0.27551,0.3511,-0.10628,0.03548,0.21411,-0.0024085,0.22873,0.19531,0.14817,-0.10628,0.03548,0.14817,0.22873,0.053525,0.14817,0.11067,-0.10628,0.053525,0.27551,0.4235,0.19531,0.33289,0.49405,0.14817,0.21411,0.27551,0.4235,0.39236,0.053525,0.03548,0.39236,-0.0024085,0.03548,0.14817,0.4235,0.39236,0.49405,0.22873,0.49405,0.14817,0.49405,0.4235,0.33289,0.21411,0.14817,0.4235,0.11067,0.27551,0.33289,0.4235,0.4235,0.14817,0.11067,0.03548,0.19531,0.33289,0.3511,0.49405,0.4235,0.49405,0.03548,0.39236,0.33289,0.27551,0.053525,0.33289,0.3511,0.03548,-0.10628,0.22873,0.19531,0.4235,0.33289,0.14817,0.3511,0.4235,0.49405,0.27551,0.19531,0.27551,0.14817,0.03548,0.49405,0.3511,0.39236,0.33289,0.39236,0.3511,0.11875,0.3511,0.4235,0.4235,0.22873,0.39236,0.21411,0.4235,0.27551,0.33289,-0.10628,0.053525,0.053525,0.3511,0.33289,0.49405,0.11875,0.3511,0.4235,0.3511,0.22873,0.03548,0.33289,0.19531,-0.10628,0.33289,0.49405,0.49405,0.053525,0.49405,0.22873,0.49405,0.053525,0.49405,0.49405,0.39236,0.14817,-0.0024085,0.11067,-0.0024085,-0.0024085,0.03548,0.14817,0.11875,0.19531,0.21411,0.49405,0.053525,0.03548,0.14817,0.053525,0.27551,0.3511,0.49405,0.11067,0.33289,0.33289,0.49405,0.3511,0.49405,0.053525,0.27551,0.3511,0.33289,0.3511,0.33289,-0.0024085,-0.0024085,0.33289,0.27551,0.21411,0.11067,0.14817,0.49405,0.27551,0.22873,0.49405,0.3511,0.11875,0.21411,0.33289,0.11875,0.4235,0.14817,-0.0024085,0.11875,0.33289,0.39236,0.3511,0.39236,0.11067,0.053525,0.27551,-0.10628,0.11067,0.4235,0.3511,0.4235,0.3511,0.4235,0.27551,0.27551,0.03548,0.39236,0.21411,0.14817,0.19531,0.21411,0.4235,0.19531
-0.0045044,0.016007,-0.19173,-0.037844,0.035501,-0.0045044,-0.029593,0.19732,0.1661,0.067651,-0.16746,0.035501,-0.0045044,-0.16746,0.1661,0.10893,-0.16746,0.2235,0.035501,0.10893,-0.19173,-0.093557,0.067651,-0.045522,0.016007,-0.16746,-0.029593,-0.19173,-0.093557,0.057925,0.10893,-0.0045044,0.057925,0.19732,-0.0045044,-0.16746,-0.093557,0.057925,0.016007,0.1661,0.016007,-0.16746,0.016007,-0.093557,-0.045522,-0.029593,-0.16746,-0.093557,0.2235,-0.19173,-0.045522,-0.093557,-0.093557,-0.16746,0.2235,-0.0045044,0.067651,-0.045522,-0.037844,0.016007,-0.093557,0.016007,-0.0045044,0.057925,-0.045522,-0.19173,0.10893,-0.045522,-0.037844,-0.0045044,0.035501,0.1661,0.067651,-0.093557,-0.045522,-0.16746,-0.037844,-0.093557,0.016007,-0.19173,0.067651,-0.19173,-0.16746,-0.0045044,0.016007,-0.037844,0.057925,-0.045522,0.057925,-0.037844,0.15134,-0.037844,-0.093557,-0.093557,0.1661,0.057925,-0.029593,-0.093557,-0.19173,-0.045522,0.035501,0.10893,0.10893,-0.037844,-0.045522,0.016007,0.15134,-0.037844,-0.093557,-0.037844,0.1661,-0.0045044,-0.045522,0.067651,0.035501,-0.045522,0.016007,0.016007,0.10893,0.016007,0.1661,0.016007,0.10893,0.016007,0.016007,0.057925,-0.16746,0.19732,0.2235,0.19732,0.19732,-0.0045044,-0.16746,0.15134,0.067651,-0.029593,0.016007,0.10893,-0.0045044,-0.16746,0.10893,-0.19173,-0.037844,0.016007,0.2235,-0.045522,-0.045522,0.016007,-0.037844,0.016007,0.10893,-0.19173,-0.037844,-0.045522,-0.037844,-0.045522,0.19732,0.19732,-0.045522,-0.19173,-0.029593,0.2235,-0.16746,0.016007,-0.19173,0.1661,0.016007,-0.037844,0.15134,-0.029593,-0.045522,0.15134,-0.093557,-0.16746,0.19732,0.15134,-0.045522,0.057925,-0.037844,0.057925,0.2235,0.10893,-0.19173,0.035501,0.2235,-0.093557,-0.037844,-0.093557,-0.037844,-0.093557,-0.19173,-0.19173,-0.0045044,0.057925,-0.029593,-0.16746,0.067651,-0.029593,-0.093557,0.067651
0.01245,0.13436,0.3139,0.38248,0.12087,0.01245,0.47597,0.18528,-0.12041,-0.23504,0.41341,0.12087,0.01245,0.41341,-0.12041,-0.1329,0.41341,-0.041002,0.12087,-0.1329,0.3139,0.054158,-0.23504,0.15586,0.13436,0.41341,0.47597,0.3139,0.054158,0.22313,-0.1329,0.01245,0.22313,0.18528,0.01245,0.41341,0.054158,0.22313,0.13436,-0.12041,0.13436,0.41341,0.13436,0.054158,0.15586,0.47597,0.41341,0.054158,-0.041002,0.3139,0.15586,0.054158,0.054158,0.41341,-0.041002,0.01245,-0.23504,0.15586,0.38248,0.13436,0.054158,0.13436,0.01245,0.22313,0.15586,0.3139,-0.1329,0.15586,0.38248,0.01245,0.12087,-0.12041,-0.23504,0.054158,0.15586,0.41341,0.38248,0.054158,0.13436,0.3139,-0.23504,0.3139,0.41341,0.01245,0.13436,0.38248,0.22313,0.15586,0.22313,0.38248,0.099461,0.38248,0.054158,0.054158,-0.12041,0.22313,0.47597,0.054158,0.3139,0.15586,0.12087,-0.1329,-0.1329,0.38248,0.15586,0.13436,0.099461,0.38248,0.054158,0.38248,-0.12041,0.01245,0.15586,-0.23504,0.12087,0.15586,0.13436,0.13436,-0.1329,0.13436,-0.12041,0.13436,-0.1329,0.13436,0.13436,0.22313,0.41341,0.18528,-0.041002,0.18528,0.18528,0.01245,0.41341,0.099461,-0.23504,0.47597,0.13436,-0.1329,0.01245,0.41341,-0.1329,0.3139,0.38248,0.13436,-0.041002,0.15586,0.15586,0.13436,0.38248,0.13436,-0.1329,0.3139,0.38248,0.15586,0.38248,0.15586,0.18528,0.18528,0.15586,0.3139,0.47597,-0.041002,0.41341,0.13436,0.3139,-0.12041,0.13436,0.38248,0.099461,0.47597,0.15586,0.099461,0.054158,0.41341,0.18528,0.099461,0.15586,0.22313,0.38248,0.22313,-0.041002,-0.1329,0.3139,0.12087,-0.041002,0.054158,0.38248,0.054158,0.38248,0.054158,0.3139,0.3139,0.01245,0.22313,0.47597,0.41341,-0.23504,0.47597,0.054158,-0.23504
0.050541,0.3872,-0.11305,0.057614,0.0064455,0.050541,0.014092,0.17559,0.49975,0.36179,-0.14979,0.0064455,0.050541,-0.14979,0.49975,0.32281,-0.14979,0.4687,0.0064455,0.32281,-0.11305,0.19565,0.36179,0.14379,0.3872,-0.14979,0.014092,-0.11305,0.19565,0.35565,0.32281,0.050541,0.35565,0.17559,0.050541,-0.14979,0.19565,0.35565,0.3872,0.49975,0.3872,-0.14979,0.3872,0.19565,0.14379,0.014092,-0.14979,0.19565,0.4687,-0.11305,0.14379,0.19565,0.19565,-0.14979,0.4687,0.050541,0.36179,0.14379,0.057614,0.3872,0.19565,0.3872,0.050541,0.35565,0.14379,-0.11305,0.32281,0.14379,0.057614,0.050541,0.0064455,0.49975,0.36179,0.19565,0.14379,-0.14979,0.057614,0.19565,0.3872,-0.11305,0.36179,-0.11305,-0.14979,0.050541,0.3872,0.057614,0.35565,0.14379,0.35565,0.057614,0.23692,0.057614,0.19565,0.19565,0.49975,0.35565,0.014092,0.19565,-0.11305,0.14379,0.0064455,0.32281,0.32281,0.057614,0.14379,0.3872,0.23692,0.057614,0.19565,0.057614,0.49975,0.050541,0.14379,0.36179,0.0064455,0.14379,0.3872,0.3872,0.32281,0.3872,0.49975,0.3872,0.32281,0.3872,0.3872,0.35565,-0.14979,0.17559,0.4687,0.17559,0.17559,0.050541,-0.14979,0.23692,0.36179,0.014092,0.3872,0.32281,0.050541,-0.14979,0.32281,-0.11305,0.057614,0.3872,0.4687,0.14379,0.14379,0.3872,0.057614,0.3872,0.32281,-0.11305,0.057614,0.14379,0.057614,0.14379,0.17559,0.17559,0.14379,-0.11305,0.014092,0.4687,-0.14979,0.3872,-0.11305,0.49975,0.3872,0.057614,0.23692,0.014092,0.14379,0.23692,0.19565,-0.14979,0.17559,0.23692,0.14379,0.35565,0.057614,0.35565,0.4687,0.32281,-0.11305,0.0064455,0.4687,0.19565,0.057614,0.19565,0.057614,0.19565,-0.11305,-0.11305,0.050541,0.35565,0.014092,-0.14979,0.36179,0.014092,0.19565,0.36179
-0.044709,0.098707,-0.048149,0.016088,-0.19593,-0.044709,-0.11794,-0.1106,0.15602,0.07608,-0.21655,-0.19593,-0.044709,-0.21655,0.15602,-0.066308,-0.21655,0.019145,-0.19593,-0.066308,-0.048149,0.041383,0.07608,-0.10342,0.098707,-0.21655,-0.11794,-0.048149,0.041383,-0.011519,-0.066308,-0.044709,-0.011519,-0.1106,-0.044709,-0.21655,0.041383,-0.011519,0.098707,0.15602,0.098707,-0.21655,0.098707,0.041383,-0.10342,-0.11794,-0.21655,0.041383,0.019145,-0.048149,-0.10342,0.041383,0.041383,-0.21655,0.019145,-0.044709,0.07608,-0.10342,0.016088,0.098707,0.041383,0.098707,-0.044709,-0.011519,-0.10342,-0.048149,-0.066308,-0.10342,0.016088,-0.044709,-0.19593,0.15602,0.07608,0.041383,-0.10342,-0.21655,0.016088,0.041383,0.098707,-0.048149,0.07608,-0.048149,-0.21655,-0.044709,0.098707,0.016088,-0.011519,-0.10342,-0.011519,0.016088,0.041087,0.016088,0.041383,0.041383,0.15602,-0.011519,-0.11794,0.041383,-0.048149,-0.10342,-0.19593,-0.066308,-0.066308,0.016088,-0.10342,0.098707,0.041087,0.016088,0.041383,0.016088,0.15602,-0.044709,-0.10342,0.07608,-0.19593,-0.10342,0.098707,0.098707,-0.066308,0.098707,0.15602,0.098707,-0.066308,0.098707,0.098707,-0.011519,-0.21655,-0.1106,0.019145,-0.1106,-0.1106,-0.044709,-0.21655,0.041087,0.07608,-0.11794,0.098707,-0.066308,-0.044709,-0.21655,-0.066308,-0.048149,0.016088,0.098707,0.019145,-0.10342,-0.10342,0.098707,0.016088,0.098707,-0.066308,-0.048149,0.016088,-0.10342,0.016088,-0.10342,-0.1106,-0.1106,-0.10342,-0.048149,-0.11794,0.019145,-0.21655,0.098707,-0.048149,0.15602,0.098707,0.016088,0.041087,-0.11794,-0.10342,0.041087,0.041383,-0.21655,-0.1106,0.041087,-0.10342,-0.011519,0.016088,-0.011519,0.019145,-0.066308,-0.048149,-0.19593,0.019145,0.041383,0.016088,0.041383,0.016088,0.041383,-0.048149,-0.048149,-0.044709,-0.011519,-0.11794,-0.21655,0.07608,-0.11794,0.041383,0.07608
-0.053149,-0.072844,-0.16007,-0.25859,-0.24481,-0.053149,-0.41412,-0.35122,0.038438,0.16372,-0.32756,-0.24481,-0.053149,-0.32756,0.038438,-0.025293,-0.32756,-0.14531,-0.24481,-0.025293,-0.16007,0.027402,0.16372,-0.12668,-0.072844,-0.32756,-0.41412,-0.16007,0.027402,-0.23227,-0.025293,-0.053149,-0.23227,-0.35122,-0.053149,-0.32756,0.027402,-0.23227,-0.072844,0.038438,-0.072844,-0.32756,-0.072844,0.027402,-0.12668,-0.41412,-0.32756,0.027402,-0.14531,-0.16007,-0.12668,0.027402,0.027402,-0.32756,-0.14531,-0.053149,0.16372,-0.12668,-0.25859,-0.072844,0.027402,-0.072844,-0.053149,-0.23227,-0.12668,-0.16007,-0.025293,-0.12668,-0.25859,-0.053149,-0.24481,0.038438,0.16372,0.027402,-0.12668,-0.32756,-0.25859,0.027402,-0.072844,-0.16007,0.16372,-0.16007,-0.32756,-0.053149,-0.072844,-0.25859,-0.23227,-0.12668,-0.23227,-0.25859,-0.18169,-0.25859,0.027402,0.027402,0.038438,-0.23227,-0.41412,0.027402,-0.16007,-0.12668,-0.24481,-0.025293,-0.025293,-0.25859,-0.12668,-0.072844,-0.18169,-0.25859,0.027402,-0.25859,0.038438,-0.053149,-0.12668,0.16372,-0.24481,-0.12668,-0.072844,-0.072844,-0.025293,-0.072844,0.038438,-0.072844,-0.025293,-0.072844,-0.072844,-0.23227,-0.32756,-0.35122,-0.14531,-0.35122,-0.35122,-0.053149,-0.32756,-0.18169,0.16372,-0.41412,-0.072844,-0.025293,-0.053149,-0.32756,-0.025293,-0.16007,-0.25859,-0.072844,-0.14531,-0.12668,-0.12668,-0.072844,-0.25859,-0.072844,-0.025293,-0.16007,-0.25859,-0.12668,-0.25859,-0.12668,-0.35122,-0.35122,-0.12668,-0.16007,-0.41412,-0.14531,-0.32756,-0.072844,-0.16007,0.038438,-0.072844,-0.25859,-0.18169,-0.41412,-0.12668,-0.18169,0.027402,-0.32756,-0.35122,-0.18169,-0.12668,-0.23227,-0.25859,-0.23227,-0.14531,-0.025293,-0.16007,-0.24481,-0.14531,0.027402,-0.25859,0.027402,-0.25859,0.027402,-0.16007,-0.16007,-0.053149,-0.23227,-0.41412,-0.32756,0.16372,-0.41412,0.027402,0.16372
-0.087733,-0.55918,-0.07366,-0.29198,0.012866,-0.087733,-0.19174,-0.22505,-0.5402,-0.38754,0.015535,0.012866,-0.087733,0.015535,-0.5402,-0.29089,0.015535,-0.45661,0.012866,-0.29089,-0.07366,-0.35626,-0.38754,-0.28873,-0.55918,0.015535,-0.19174,-0.07366,-0.35626,-0.47621,-0.29089,-0.087733,-0.47621,-0.22505,-0.087733,0.015535,-0.35626,-0.47621,-0.55918,-0.5402,-0.55918,0.015535,-0.55918,-0.35626,-0.28873,-0.19174,0.015535,-0.35626,-0.45661,-0.07366,-0.28873,-0.35626,-0.35626,0.015535,-0.45661,-0.087733,-0.38754,-0.28873,-0.29198,-0.55918,-0.35626,-0.55918,-0.087733,-0.47621,-0.28873,-0.07366,-0.29089,-0.28873,-0.29198,-0.087733,0.012866,-0.5402,-0.38754,-0.35626,-0.28873,0.015535,-0.29198,-0.35626,-0.55918,-0.07366,-0.38754,-0.07366,0.015535,-0.087733,-0.55918,-0.29198,-0.47621,-0.28873,-0.47621,-0.29198,-0.31065,-0.29198,-0.35626,-0.35626,-0.5402,-0.47621,-0.19174,-0.35626,-0.07366,-0.28873,0.012866,-0.29089,-0.29089,-0.29198,-0.28873,-0.55918,-0.31065,-0.29198,-0.35626,-0.29198,-0.5402,-0.087733,-0.28873,-0.38754,0.012866,-0.28873,-0.55918,-0.55918,-0.29089,-0.55918,-0.5402,-0.55918,-0.29089,-0.55918,-0.55918,-0.47621,0.015535,-0.22505,-0.45661,-0.22505,-0.22505,-0.087733,0.015535,-0.31065,-0.38754,-0.19174,-0.55918,-0.29089,-0.087733,0.015535,-0.29089,-0.07366,-0.29198,-0.55918,-0.45661,-0.28873,-0.28873,-0.55918,-0.29198,-0.55918,-0.29089,-0.07366,-0.29198,-0.28873,-0.29198,-0.28873,-0.22505,-0.22505,-0.28873,-0.07366,-0.19174,-0.45661,0.015535,-0.55918,-0.07366,-0.5402,-0.55918,-0.29198,-0.31065,-0.19174,-0.28873,-0.31065,-0.35626,0.015535,-0.22505,-0.31065,-0.28873,-0.47621,-0.29198,-0.47621,-0.45661,-0.29089,-0.07366,0.012866,-0.45661,-0.35626,-0.29198,-0.35626,-0.29198,-0.35626,-0.07366,-0.07366,-0.087733,-0.47621,-0.19174,0.015535,-0.38754,-0.19174,-0.35626,-0.38754
-0.084627,-0.5228,-0.019989,-0.50137,-0.14318,-0.084627,-0.53063,-0.63079,-0.56421,-0.10742,-0.059918,-0.14318,-0.084627,-0.059918,-0.56421,-0.18013,-0.059918,-0.63842,-0.14318,-0.18013,-0.019989,-0.055205,-0.10742,-0.11259,-0.5228,-0.059918,-0.53063,-0.019989,-0.055205,-0.59732,-0.18013,-0.084627,-0.59732,-0.63079,-0.084627,-0.059918,-0.055205,-0.59732,-0.5228,-0.56421,-0.5228,-0.059918,-0.5228,-0.055205,-0.11259,-0.53063,-0.059918,-0.055205,-0.63842,-0.019989,-0.11259,-0.055205,-0.055205,-0.059918,-0.63842,-0.084627,-0.10742,-0.11259,-0.50137,-0.5228,-0.055205,-0.5228,-0.084627,-0.59732,-0.11259,-0.019989,-0.18013,-0.11259,-0.50137,-0.084627,-0.14318,-0.56421,-0.10742,-0.055205,-0.11259,-0.059918,-0.50137,-0.055205,-0.5228,-0.019989,-0.10742,-0.019989,-0.059918,-0.084627,-0.5228,-0.50137,-0.59732,-0.11259,-0.59732,-0.50137,-0.60639,-0.50137,-0.055205,-0.055205,-0.56421,-0.59732,-0.53063,-0.055205,-0.019989,-0.11259,-0.14318,-0.18013,-0.18013,-0.50137,-0.11259,-0.5228,-0.60639,-0.50137,-0.055205,-0.50137,-0.56421,-0.084627,-0.11259,-0.10742,-0.14318,-0.11259,-0.5228,-0.5228,-0.18013,-0.5228,-0.56421,-0.5228,-0.18013,-0.5228,-0.5228,-0.59732,-0.059918,-0.63079,-0.63842,-0.63079,-0.63079,-0.084627,-0.059918,-0.60639,-0.10742,-0.53063,-0.5228,-0.18013,-0.084627,-0.059918,-0.18013,-0.019989,-0.50137,-0.5228,-0.63842,-0.11259,-0.11259,-0.5228,-0.50137,-0.5228,-0.18013,-0.019989,-0.50137,-0.11259,-0.50137,-0.11259,-0.63079,-0.63079,-0.11259,-0.019989,-0.53063,-0.63842,-0.059918,-0.5228,-0.019989,-0.56421,-0.5228,-0.50137,-0.60639,-0.53063,-0.11259,-0.60639,-0.055205,-0.059918,-0.63079,-0.60639,-0.11259,-0.59732,-0.50137,-0.59732,-0.63842,-0.18013,-0.019989,-0.14318,-0.63842,-0.055205,-0.50137,-0.055205,-0.50137,-0.055205,-0.019989,-0.019989,-0.084627,-0.59732,-0.53063,-0.059918,-0.10742,-0.53063,-0.055205,-0.10742
-0.072587,-0.12549,0.10069,0.14959,-0.068952,-0.072587,0.13515,-0.053158,-0.23317,-0.31016,0.074469,-0.068952,-0.072587,0.074469,-0.23317,-0.31173,0.074469,-0.26824,-0.068952,-0.31173,0.10069,-0.1388,-0.31016,-0.15747,-0.12549,0.074469,0.13515,0.10069,-0.1388,-0.14572,-0.31173,-0.072587,-0.14572,-0.053158,-0.072587,0.074469,-0.1388,-0.14572,-0.12549,-0.23317,-0.12549,0.074469,-0.12549,-0.1388,-0.15747,0.13515,0.074469,-0.1388,-0.26824,0.10069,-0.15747,-0.1388,-0.1388,0.074469,-0.26824,-0.072587,-0.31016,-0.15747,0.14959,-0.12549,-0.1388,-0.12549,-0.072587,-0.14572,-0.15747,0.10069,-0.31173,-0.15747,0.14959,-0.072587,-0.068952,-0.23317,-0.31016,-0.1388,-0.15747,0.074469,0.14959,-0.1388,-0.12549,0.10069,-0.31016,0.10069,0.074469,-0.072587,-0.12549,0.14959,-0.14572,-0.15747,-0.14572,0.14959,-0.026929,0.14959,-0.1388,-0.1388,-0.23317,-0.14572,0.13515,-0.1388,0.10069,-0.15747,-0.068952,-0.31173,-0.31173,0.14959,-0.15747,-0.12549,-0.026929,0.14959,-0.1388,0.14959,-0.23317,-0.072587,-0.15747,-0.31016,-0.068952,-0.15747,-0.12549,-0.12549,-0.31173,-0.12549,-0.23317,-0.12549,-0.31173,-0.12549,-0.12549,-0.14572,0.074469,-0.053158,-0.26824,-0.053158,-0.053158,-0.072587,0.074469,-0.026929,-0.31016,0.13515,-0.12549,-0.31173,-0.072587,0.074469,-0.31173,0.10069,0.14959,-0.12549,-0.26824,-0.15747,-0.15747,-0.12549,0.14959,-0.12549,-0.31173,0.10069,0.14959,-0.15747,0.14959,-0.15747,-0.053158,-0.053158,-0.15747,0.10069,0.13515,-0.26824,0.074469,-0.12549,0.10069,-0.23317,-0.12549,0.14959,-0.026929,0.13515,-0.15747,-0.026929,-0.1388,0.074469,-0.053158,-0.026929,-0.15747,-0.14572,0.14959,-0.14572,-0.26824,-0.31173,0.10069,-0.068952,-0.26824,-0.1388,0.14959,-0.1388,0.14959,-0.1388,0.10069,0.10069,-0.072587,-0.14572,0.13515,0.074469,-0.31016,0.13515,-0.1388,-0.31016
-0.015782,-0.22553,0.0046026,-0.25513,-0.0084873,-0.015782,-0.2264,-0.2822,-0.21745,0.0032272,0.0090498,-0.0084873,-0.015782,0.0090498,-0.21745,0.0088842,0.0090498,-0.21354,-0.0084873,0.0088842,0.0046026,0.013702,0.0032272,-0.017725,-0.22553,0.0090498,-0.2264,0.0046026,0.013702,-0.22909,0.0088842,-0.015782,-0.22909,-0.2822,-0.015782,0.0090498,0.013702,-0.22909,-0.22553,-0.21745,-0.22553,0.0090498,-0.22553,0.013702,-0.017725,-0.2264,0.0090498,0.013702,-0.21354,0.0046025,-0.017725,0.013702,0.013702,0.0090498,-0.21354,-0.015782,0.0032272,-0.017725,-0.25513,-0.22553,0.013702,-0.22553,-0.015782,-0.22909,-0.017725,0.0046026,0.0088842,-0.017725,-0.25513,-0.015782,-0.0084873,-0.21745,0.0032272,0.013702,-0.017725,0.0090498,-0.25513,0.013702,-0.22553,0.0046026,0.0032272,0.0046026,0.0090498,-0.015782,-0.22553,-0.25513,-0.22909,-0.017725,-0.22909,-0.25513,-0.28987,-0.25513,0.013702,0.013702,-0.21745,-0.22909,-0.2264,0.013702,0.0046026,-0.017725,-0.0084873,0.0088842,0.0088842,-0.25513,-0.017725,-0.22553,-0.28987,-0.25513,0.013702,-0.25513,-0.21745,-0.015782,-0.017725,0.0032272,-0.0084873,-0.017725,-0.22553,-0.22553,0.0088842,-0.22553,-0.21745,-0.22553,0.0088842,-0.22553,-0.22553,-0.22909,0.0090498,-0.2822,-0.21354,-0.2822,-0.2822,-0.015782,0.0090498,-0.28987,0.0032272,-0.2264,-0.22553,0.0088842,-0.015782,0.0090498,0.0088842,0.0046026,-0.25513,-0.22553,-0.21354,-0.017725,-0.017725,-0.22553,-0.25513,-0.22553,0.0088842,0.0046026,-0.25513,-0.017725,-0.25513,-0.017725,-0.2822,-0.2822,-0.017725,0.0046026,-0.2264,-0.21354,0.0090498,-0.22553,0.0046026,-0.21745,-0.22553,-0.25513,-0.28987,-0.2264,-0.017725,-0.28987,0.013702,0.0090498,-0.2822,-0.28987,-0.017725,-0.22909,-0.25513,-0.22909,-0.21354,0.0088842,0.0046026,-0.0084873,-0.21354,0.013702,-0.25513,0.013702,-0.25513,0.013702,0.0046026,0.0046026,-0.015782,-0.22909,-0.2264,0.0090498,0.0032272,-0.2264,0.013702,0.0032273
0.050921,0.052824,0.23696,0.22691,0.19019,0.050921,0.35418,0.20227,-0.061886,-0.11824,0.35283,0.19019,0.050921,0.35283,-0.061886,0.0022147,0.35283,0.068209,0.19019,0.0022147,0.23696,0.045161,-0.11824,0.17911,0.052824,0.35283,0.35418,0.23696,0.045161,0.19539,0.0022147,0.050921,0.19539,0.20227,0.050921,0.35283,0.045161,0.19539,0.052824,-0.061886,0.052824,0.35283,0.052824,0.045161,0.17911,0.35418,0.35283,0.045161,0.068209,0.23696,0.17911,0.045161,0.045161,0.35283,0.068209,0.050921,-0.11824,0.17911,0.22691,0.052824,0.045161,0.052824,0.050921,0.19539,0.17911,0.23696,0.0022147,0.17911,0.22691,0.050921,0.19019,-0.061886,-0.11824,0.045161,0.17911,0.35283,0.22691,0.045161,0.052824,0.23696,-0.11824,0.23696,0.35283,0.050921,0.052824,0.22691,0.19539,0.17911,0.19539,0.22691,0.06271,0.22691,0.045161,0.045161,-0.061886,0.19539,0.35418,0.045161,0.23696,0.17911,0.19019,0.0022147,0.0022147,0.22691,0.17911,0.052824,0.06271,0.22691,0.045161,0.22691,-0.061886,0.050921,0.17911,-0.11824,0.19019,0.17911,0.052824,0.052824,0.0022147,0.052824,-0.061886,0.052824,0.0022147,0.052824,0.052824,0.19539,0.35283,0.20227,0.068209,0.20227,0.20227,0.050921,0.35283,0.06271,-0.11824,0.35418,0.052824,0.0022147,0.050921,0.35283,0.0022147,0.23696,0.22691,0.052824,0.068209,0.17911,0.17911,0.052824,0.22691,0.052824,0.0022147,0.23696,0.22691,0.17911,0.22691,0.17911,0.20227,0.20227,0.17911,0.23696,0.35418,0.068209,0.35283,0.052824,0.23696,-0.061886,0.052824,0.22691,0.06271,0.35418,0.17911,0.06271,0.045161,0.35283,0.20227,0.06271,0.17911,0.19539,0.22691,0.19539,0.068209,0.0022147,0.23696,0.19019,0.068209,0.045161,0.22691,0.045161,0.22691,0.045161,0.23696,0.23696,0.050921,0.19539,0.35418,0.35283,-0.11824,0.35418,0.045162,-0.11824
0.093944,0.11107,0.23548,0.1819,0.3722,0.093944,0.43957,0.29305,-0.053207,-0.042802,0.51746,0.3722,0.093944,0.51746,-0.053207,0.21734,0.51746,0.19593,0.3722,0.21734,0.23548,0.098614,-0.042802,0.33662,0.11107,0.51746,0.43957,0.23548,0.098614,0.33692,0.21734,0.093944,0.33692,0.29305,0.093944,0.51746,0.098614,0.33692,0.11107,-0.053207,0.11107,0.51746,0.11107,0.098614,0.33662,0.43957,0.51746,0.098614,0.19593,0.23548,0.33662,0.098614,0.098614,0.51746,0.19593,0.093944,-0.042802,0.33662,0.1819,0.11107,0.098614,0.11107,0.093944,0.33692,0.33662,0.23548,0.21734,0.33662,0.1819,0.093944,0.3722,-0.053207,-0.042802,0.098614,0.33662,0.51746,0.1819,0.098614,0.11107,0.23548,-0.042802,0.23548,0.51746,0.093944,0.11107,0.1819,0.33692,0.33662,0.33692,0.1819,0.042498,0.1819,0.098614,0.098614,-0.053207,0.33692,0.43957,0.098614,0.23548,0.33662,0.3722,0.21734,0.21734,0.1819,0.33662,0.11107,0.042498,0.1819,0.098614,0.1819,-0.053207,0.093944,0.33662,-0.042802,0.3722,0.33662,0.11107,0.11107,0.21734,0.11107,-0.053207,0.11107,0.21734,0.11107,0.11107,0.33692,0.51746,0.29305,0.19593,0.29305,0.29305,0.093944,0.51746,0.042498,-0.042802,0.43957,0.11107,0.21734,0.093944,0.51746,0.21734,0.23548,0.1819,0.11107,0.19593,0.33662,0.33662,0.11107,0.1819,0.11107,0.21734,0.23548,0.1819,0.33662,0.1819,0.33662,0.29305,0.29305,0.33662,0.23548,0.43957,0.19593,0.51746,0.11107,0.23548,-0.053207,0.11107,0.1819,0.042498,0.43957,0.33662,0.042498,0.098614,0.51746,0.29305,0.042498,0.33662,0.33692,0.1819,0.33692,0.19593,0.21734,0.23548,0.3722,0.19593,0.098614,0.1819,0.098614,0.1819,0.098614,0.23548,0.23548,0.093944,0.33692,0.43957,0.51746,-0.042802,0.43957,0.098614,-0.042802
0.055157,0.035035,0.075901,-0.084393,-0.083762,0.055157,-0.19819,-0.2629,0.026953,0.17781,-0.033282,-0.083762,0.055157,-0.033282,0.026953,0.052968,-0.033282,-0.090974,-0.083762,0.052968,0.075901,0.19012,0.17781,0.062892,0.035035,-0.033282,-0.19819,0.075901,0.19012,-0.076353,0.052968,0.055157,-0.076353,-0.2629,0.055157,-0.033282,0.19012,-0.076353,0.035035,0.026953,0.035035,-0.033282,0.035035,0.19012,0.062892,-0.19819,-0.033282,0.19012,-0.090974,0.075901,0.062892,0.19012,0.19012,-0.033282,-0.090974,0.055157,0.17781,0.062892,-0.084393,0.035035,0.19012,0.035035,0.055157,-0.076353,0.062892,0.075901,0.052968,0.062892,-0.084393,0.055157,-0.083762,0.026953,0.17781,0.19012,0.062892,-0.033282,-0.084393,0.19012,0.035035,0.075901,0.17781,0.075901,-0.033282,0.055157,0.035035,-0.084393,-0.076353,0.062892,-0.076353,-0.084393,-0.12398,-0.084393,0.19012,0.19012,0.026953,-0.076353,-0.19819,0.19012,0.075901,0.062892,-0.083762,0.052968,0.052968,-0.084393,0.062892,0.035035,-0.12398,-0.084393,0.19012,-0.084393,0.026953,0.055157,0.062892,0.17781,-0.083762,0.062892,0.035035,0.035035,0.052968,0.035035,0.026953,0.035035,0.052968,0.035035,0.035035,-0.076353,-0.033282,-0.2629,-0.090974,-0.2629,-0.2629,0.055157,-0.033282,-0.12398,0.17781,-0.19819,0.035035,0.052968,0.055157,-0.033282,0.052968,0.075901,-0.084393,0.035035,-0.090974,0.062892,0.062892,0.035035,-0.084393,0.035035,0.052968,0.075901,-0.084393,0.062892,-0.084393,0.062892,-0.2629,-0.2629,0.062892,0.075901,-0.19819,-0.090974,-0.033282,0.035035,0.075901,0.026953,0.035035,-0.084393,-0.12398,-0.19819,0.062892,-0.12398,0.19012,-0.033282,-0.2629,-0.12398,0.062892,-0.076353,-0.084393,-0.076353,-0.090974,0.052968,0.075901,-0.083762,-0.090974,0.19012,-0.084393,0.19012,-0.084393,0.19012,0.075901,0.075901,0.055157,-0.076353,-0.19819,-0.033282,0.17781,-0.19819,0.19012,0.17781
0.033619,-0.17016,0.03877,0.087981,0.19303,0.033619,0.24345,0.22731,-0.16315,-0.27358,0.19953,0.19303,0.033619,0.19953,-0.16315,-0.094017,0.19953,0.0095663,0.19303,-0.094017,0.03877,-0.24115,-0.27358,-0.11852,-0.17016,0.19953,0.24345,0.03877,-0.24115,-0.019902,-0.094017,0.033619,-0.019902,0.22731,0.033619,0.19953,-0.24115,-0.019902,-0.17016,-0.16315,-0.17016,0.19953,-0.17016,-0.24115,-0.11852,0.24345,0.19953,-0.24115,0.0095663,0.03877,-0.11852,-0.24115,-0.24115,0.19953,0.0095663,0.033619,-0.27358,-0.11852,0.087981,-0.17016,-0.24115,-0.17016,0.033619,-0.019902,-0.11852,0.03877,-0.094017,-0.11852,0.087981,0.033619,0.19303,-0.16315,-0.27358,-0.24115,-0.11852,0.19953,0.087981,-0.24115,-0.17016,0.03877,-0.27358,0.03877,0.19953,0.033619,-0.17016,0.087981,-0.019902,-0.11852,-0.019902,0.087981,0.099882,0.087981,-0.24115,-0.24115,-0.16315,-0.019902,0.24345,-0.24115,0.03877,-0.11852,0.19303,-0.094017,-0.094017,0.087981,-0.11852,-0.17016,0.099882,0.087981,-0.24115,0.087981,-0.16315,0.033619,-0.11852,-0.27358,0.19303,-0.11852,-0.17016,-0.17016,-0.094017,-0.17016,-0.16315,-0.17016,-0.094017,-0.17016,-0.17016,-0.019902,0.19953,0.22731,0.0095663,0.22731,0.22731,0.033619,0.19953,0.099882,-0.27358,0.24345,-0.17016,-0.094017,0.033619,0.19953,-0.094017,0.03877,0.087981,-0.17016,0.0095663,-0.11852,-0.11852,-0.17016,0.087981,-0.17016,-0.094017,0.03877,0.087981,-0.11852,0.087981,-0.11852,0.22731,0.22731,-0.11852,0.03877,0.24345,0.0095663,0.19953,-0.17016,0.03877,-0.16315,-0.17016,0.087981,0.099882,0.24345,-0.11852,0.099882,-0.24115,0.19953,0.22731,0.099882,-0.11852,-0.019902,0.087981,-0.019902,0.0095663,-0.094017,0.03877,0.19303,0.0095663,-0.24115,0.087981,-0.24115,0.087981,-0.24115,0.03877,0.03877,0.033619,-0.019902,0.24345,0.19953,-0.27358,0.24345,-0.24115,-0.27358
0.10781,0.41881,0.1381,0.17773,0.055205,0.10781,0.15098,0.11001,0.38773,0.37039,0.10536,0.055205,0.10781,0.10536,0.38773,0.31557,0.10536,0.35403,0.055205,0.31557,0.1381,0.36875,0.37039,0.33595,0.41881,0.10536,0.15098,0.1381,0.36875,0.40032,0.31557,0.10781,0.40032,0.11001,0.10781,0.10536,0.36875,0.40032,0.41881,0.38773,0.41881,0.10536,0.41881,0.36875,0.33595,0.15098,0.10536,0.36875,0.35403,0.1381,0.33595,0.36875,0.36875,0.10536,0.35403,0.10781,0.37039,0.33595,0.17773,0.41881,0.36875,0.41881,0.10781,0.40032,0.33595,0.1381,0.31557,0.33595,0.17773,0.10781,0.055205,0.38773,0.37039,0.36875,0.33595,0.10536,0.17773,0.36875,0.41881,0.1381,0.37039,0.1381,0.10536,0.10781,0.41881,0.17773,0.40032,0.33595,0.40032,0.17773,0.15075,0.17773,0.36875,0.36875,0.38773,0.40032,0.15098,0.36875,0.1381,0.33595,0.055205,0.31557,0.31557,0.17773,0.33595,0.41881,0.15075,0.17773,0.36875,0.17773,0.38773,0.10781,0.33595,0.37039,0.055205,0.33595,0.41881,0.41881,0.31557,0.41881,0.38773,0.41881,0.31557,0.41881,0.41881,0.40032,0.10536,0.11001,0.35403,0.11001,0.11001,0.10781,0.10536,0.15075,0.37039,0.15098,0.41881,0.31557,0.10781,0.10536,0.31557,0.1381,0.17773,0.41881,0.35403,0.33595,0.33595,0.41881,0.17773,0.41881,0.31557,0.1381,0.17773,0.33595,0.17773,0.33595,0.11001,0.11001,0.33595,0.1381,0.15098,0.35403,0.10536,0.41881,0.1381,0.38773,0.41881,0.17773,0.15075,0.15098,0.33595,0.15075,0.36875,0.10536,0.11001,0.15075,0.33595,0.40032,0.17773,0.40032,0.35403,0.31557,0.1381,0.055205,0.35403,0.36875,0.17773,0.36875,0.17773,0.36875,0.1381,0.1381,0.10781,0.40032,0.15098,0.10536,0.37039,0.15098,0.36875,0.37039
0.05083,0.44208,0.44184,0.44631,-0.097923,0.05083,0.30945,-0.073682,0.098605,0.071095,0.29181,-0.097923,0.05083,0.29181,0.098605,-0.085897,0.29181,-0.066091,-0.097923,-0.085897,0.44184,0.42606,0.071095,0.30415,0.44208,0.29181,0.30945,0.44184,0.42606,0.30608,-0.085897,0.05083,0.30608,-0.073682,0.05083,0.29181,0.42606,0.30608,0.44208,0.098605,0.44208,0.29181,0.44208,0.42606,0.30415,0.30945,0.29181,0.42606,-0.066091,0.44184,0.30415,0.42606,0.42606,0.29181,-0.066091,0.05083,0.071095,0.30415,0.44631,0.44208,0.42606,0.44208,0.05083,0.30608,0.30415,0.44184,-0.085897,0.30415,0.44631,0.05083,-0.097923,0.098605,0.071095,0.42606,0.30415,0.29181,0.44631,0.42606,0.44208,0.44184,0.071095,0.44184,0.29181,0.05083,0.44208,0.44631,0.30608,0.30415,0.30608,0.44631,0.065456,0.44631,0.42606,0.42606,0.098605,0.30608,0.30945,0.42606,0.44184,0.30415,-0.097923,-0.085897,-0.085897,0.44631,0.30415,0.44208,0.065456,0.44631,0.42606,0.44631,0.098605,0.05083,0.30415,0.071095,-0.097923,0.30415,0.44208,0.44208,-0.085897,0.44208,0.098605,0.44208,-0.085897,0.44208,0.44208,0.30608,0.29181,-0.073682,-0.066091,-0.073682,-0.073682,0.05083,0.29181,0.065456,0.071095,0.30945,0.44208,-0.085897,0.05083,0.29181,-0.085897,0.44184,0.44631,0.44208,-0.066091,0.30415,0.30415,0.44208,0.44631,0.44208,-0.085897,0.44184,0.44631,0.30415,0.44631,0.30415,-0.073682,-0.073682,0.30415,0.44184,0.30945,-0.066091,0.29181,0.44208,0.44184,0.098605,0.44208,0.44631,0.065456,0.30945,0.30415,0.065456,0.42606,0.29181,-0.073682,0.065456,0.30415,0.30608,0.44631,0.30608,-0.066091,-0.085897,0.44184,-0.097923,-0.066091,0.42606,0.44631,0.42606,0.44631,0.42606,0.44184,0.44184,0.05083,0.30608,0.30945,0.29181,0.071095,0.30945,0.42606,0.071095
-0.13186,-0.56031,-0.10652,-0.2285,-0.20044,-0.13186,-0.29741,-0.31543,-0.56151,-0.49632,-0.17486,-0.20044,-0.13186,-0.17486,-0.56151,-0.54729,-0.17486,-0.63226,-0.20044,-0.54729,-0.10652,-0.45752,-0.49632,-0.50603,-0.56031,-0.17486,-0.29741,-0.10652,-0.45752,-0.62891,-0.54729,-0.13186,-0.62891,-0.31543,-0.13186,-0.17486,-0.45752,-0.62891,-0.56031,-0.56151,-0.56031,-0.17486,-0.56031,-0.45752,-0.50603,-0.29741,-0.17486,-0.45752,-0.63226,-0.10652,-0.50603,-0.45752,-0.45752,-0.17486,-0.63226,-0.13186,-0.49632,-0.50603,-0.2285,-0.56031,-0.45752,-0.56031,-0.13186,-0.62891,-0.50603,-0.10652,-0.54729,-0.50603,-0.2285,-0.13186,-0.20044,-0.56151,-0.49632,-0.45752,-0.50603,-0.17486,-0.2285,-0.45752,-0.56031,-0.10652,-0.49632,-0.10652,-0.17486,-0.13186,-0.56031,-0.2285,-0.62891,-0.50603,-0.62891,-0.2285,-0.25097,-0.2285,-0.45752,-0.45752,-0.56151,-0.62891,-0.29741,-0.45752,-0.10652,-0.50603,-0.20044,-0.54729,-0.54729,-0.2285,-0.50603,-0.56031,-0.25097,-0.2285,-0.45752,-0.2285,-0.56151,-0.13186,-0.50603,-0.49632,-0.20044,-0.50603,-0.56031,-0.56031,-0.54729,-0.56031,-0.56151,-0.56031,-0.54729,-0.56031,-0.56031,-0.62891,-0.17486,-0.31543,-0.63226,-0.31543,-0.31543,-0.13186,-0.17486,-0.25097,-0.49632,-0.29741,-0.56031,-0.54729,-0.13186,-0.17486,-0.54729,-0.10652,-0.2285,-0.56031,-0.63226,-0.50603,-0.50603,-0.56031,-0.2285,-0.56031,-0.54729,-0.10652,-0.2285,-0.50603,-0.2285,-0.50603,-0.31543,-0.31543,-0.50603,-0.10652,-0.29741,-0.63226,-0.17486,-0.56031,-0.10652,-0.56151,-0.56031,-0.2285,-0.25097,-0.29741,-0.50603,-0.25097,-0.45752,-0.17486,-0.31543,-0.25097,-0.50603,-0.62891,-0.2285,-0.62891,-0.63226,-0.54729,-0.10652,-0.20044,-0.63226,-0.45752,-0.2285,-0.45752,-0.2285,-0.45752,-0.10652,-0.10652,-0.13186,-0.62891,-0.29741,-0.17486,-0.49632,-0.29741,-0.45752,-0.49632
0.024517,0.20313,-0.025804,0.06836,-0.048804,0.024517,-0.017613,0.033146,0.22884,0.16708,-0.10709,-0.048804,0.024517,-0.10709,0.22884,0.098011,-0.10709,0.15172,-0.048804,0.098011,-0.025804,0.10256,0.16708,0.024232,0.20313,-0.10709,-0.017613,-0.025804,0.10256,0.11804,0.098011,0.024517,0.11804,0.033146,0.024517,-0.10709,0.10256,0.11804,0.20313,0.22884,0.20313,-0.10709,0.20313,0.10256,0.024232,-0.017613,-0.10709,0.10256,0.15172,-0.025804,0.024232,0.10256,0.10256,-0.10709,0.15172,0.024517,0.16708,0.024232,0.06836,0.20313,0.10256,0.20313,0.024517,0.11804,0.024232,-0.025804,0.098011,0.024232,0.06836,0.024517,-0.048804,0.22884,0.16708,0.10256,0.024232,-0.10709,0.06836,0.10256,0.20313,-0.025804,0.16708,-0.025804,-0.10709,0.024517,0.20313,0.06836,0.11804,0.024232,0.11804,0.06836,0.11566,0.06836,0.10256,0.10256,0.22884,0.11804,-0.017613,0.10256,-0.025804,0.024232,-0.048804,0.098011,0.098011,0.06836,0.024232,0.20313,0.11566,0.06836,0.10256,0.06836,0.22884,0.024517,0.024232,0.16708,-0.048804,0.024232,0.20313,0.20313,0.098011,0.20313,0.22884,0.20313,0.098011,0.20313,0.20313,0.11804,-0.10709,0.033146,0.15172,0.033146,0.033146,0.024517,-0.10709,0.11566,0.16708,-0.017613,0.20313,0.098011,0.024517,-0.10709,0.098011,-0.025804,0.06836,0.20313,0.15172,0.024232,0.024232,0.20313,0.06836,0.20313,0.098011,-0.025804,0.06836,0.024232,0.06836,0.024232,0.033146,0.033146,0.024232,-0.025804,-0.017613,0.15172,-0.10709,0.20313,-0.025804,0.22884,0.20313,0.06836,0.11566,-0.017613,0.024232,0.11566,0.10256,-0.10709,0.033146,0.11566,0.024232,0.11804,0.06836,0.11804,0.15172,0.098011,-0.025804,-0.048804,0.15172,0.10256,0.06836,0.10256,0.06836,0.10256,-0.025804,-0.025804,0.024517,0.11804,-0.017613,-0.10709,0.16708,-0.017613,0.10256,0.16708
0.034065,0.21165,0.049967,0.42671,0.24532,0.034065,0.59086,0.59375,0.19526,-0.18786,0.23441,0.24532,0.034065,0.23441,0.19526,0.024802,0.23441,0.3835,0.24532,0.024802,0.049967,-0.14947,-0.18786,0.026972,0.21165,0.23441,0.59086,0.049967,-0.14947,0.39081,0.024802,0.034065,0.39081,0.59375,0.034065,0.23441,-0.14947,0.39081,0.21165,0.19526,0.21165,0.23441,0.21165,-0.14947,0.026972,0.59086,0.23441,-0.14947,0.3835,0.049967,0.026972,-0.14947,-0.14947,0.23441,0.3835,0.034065,-0.18786,0.026972,0.42671,0.21165,-0.14947,0.21165,0.034065,0.39081,0.026972,0.049967,0.024802,0.026972,0.42671,0.034065,0.24532,0.19526,-0.18786,-0.14947,0.026972,0.23441,0.42671,-0.14947,0.21165,0.049967,-0.18786,0.049967,0.23441,0.034065,0.21165,0.42671,0.39081,0.026972,0.39081,0.42671,0.43906,0.42671,-0.14947,-0.14947,0.19526,0.39081,0.59086,-0.14947,0.049967,0.026972,0.24532,0.024802,0.024802,0.42671,0.026972,0.21165,0.43906,0.42671,-0.14947,0.42671,0.19526,0.034065,0.026972,-0.18786,0.24532,0.026972,0.21165,0.21165,0.024802,0.21165,0.19526,0.21165,0.024802,0.21165,0.21165,0.39081,0.23441,0.59375,0.3835,0.59375,0.59375,0.034065,0.23441,0.43906,-0.18786,0.59086,0.21165,0.024802,0.034065,0.23441,0.024802,0.049967,0.42671,0.21165,0.3835,0.026972,0.026972,0.21165,0.42671,0.21165,0.024802,0.049967,0.42671,0.026972,0.42671,0.026972,0.59375,0.59375,0.026972,0.049967,0.59086,0.3835,0.23441,0.21165,0.049967,0.19526,0.21165,0.42671,0.43906,0.59086,0.026972,0.43906,-0.14947,0.23441,0.59375,0.43906,0.026972,0.39081,0.42671,0.39081,0.3835,0.024802,0.049967,0.24532,0.3835,-0.14947,0.42671,-0.14947,0.42671,-0.14947,0.049967,0.049967,0.034065,0.39081,0.59086,0.23441,-0.18786,0.59086,-0.14947,-0.18786
0.079564,0.69501,0.16096,0.45554,-0.013476,0.079564,0.36104,0.28526,0.61027,0.36884,0.067687,-0.013476,0.079564,0.067687,0.61027,0.28471,0.067687,0.53624,-0.013476,0.28471,0.16096,0.42269,0.36884,0.35121,0.69501,0.067687,0.36104,0.16096,0.42269,0.63796,0.28471,0.079564,0.63796,0.28526,0.079564,0.067687,0.42269,0.63796,0.69501,0.61027,0.69501,0.067687,0.69501,0.42269,0.35121,0.36104,0.067687,0.42269,0.53624,0.16096,0.35121,0.42269,0.42269,0.067687,0.53624,0.079564,0.36884,0.35121,0.45554,0.69501,0.42269,0.69501,0.079564,0.63796,0.35121,0.16096,0.28471,0.35121,0.45554,0.079564,-0.013476,0.61027,0.36884,0.42269,0.35121,0.067687,0.45554,0.42269,0.69501,0.16096,0.36884,0.16096,0.067687,0.079564,0.69501,0.45554,0.63796,0.35121,0.63796,0.45554,0.39074,0.45554,0.42269,0.42269,0.61027,0.63796,0.36104,0.42269,0.16096,0.35121,-0.013476,0.28471,0.28471,0.45554,0.35121,0.69501,0.39074,0.45554,0.42269,0.45554,0.61027,0.079564,0.35121,0.36884,-0.013476,0.35121,0.69501,0.69501,0.28471,0.69501,0.61027,0.69501,0.28471,0.69501,0.69501,0.63796,0.067687,0.28526,0.53624,0.28526,0.28526,0.079564,0.067687,0.39074,0.36884,0.36104,0.69501,0.28471,0.079564,0.067687,0.28471,0.16096,0.45554,0.69501,0.53624,0.35121,0.35121,0.69501,0.45554,0.69501,0.28471,0.16096,0.45554,0.35121,0.45554,0.35121,0.28526,0.28526,0.35121,0.16096,0.36104,0.53624,0.067687,0.69501,0.16096,0.61027,0.69501,0.45554,0.39074,0.36104,0.35121,0.39074,0.42269,0.067687,0.28526,0.39074,0.35121,0.63796,0.45554,0.63796,0.53624,0.28471,0.16096,-0.013476,0.53624,0.42269,0.45554,0.42269,0.45554,0.42269,0.16096,0.16096,0.079564,0.63796,0.36104,0.067687,0.36884,0.36104,0.42269,0.36884
0.056213,0.020471,0.050318,0.11318,0.13555,0.056213,0.18585,0.16288,0.048748,-0.016281,0.12226,0.13555,0.056213,0.12226,0.048748,0.05759,0.12226,0.11724,0.13555,0.05759,0.050318,-0.02531,-0.016281,0.034288,0.020471,0.12226,0.18585,0.050318,-0.02531,0.094612,0.05759,0.056213,0.094612,0.16288,0.056213,0.12226,-0.02531,0.094612,0.020471,0.048748,0.020471,0.12226,0.020471,-0.02531,0.034288,0.18585,0.12226,-0.02531,0.11724,0.050318,0.034288,-0.02531,-0.02531,0.12226,0.11724,0.056213,-0.016281,0.034288,0.11318,0.020471,-0.02531,0.020471,0.056213,0.094612,0.034288,0.050318,0.05759,0.034288,0.11318,0.056213,0.13555,0.048748,-0.016281,-0.02531,0.034288,0.12226,0.11318,-0.02531,0.020471,0.050318,-0.016281,0.050318,0.12226,0.056213,0.020471,0.11318,0.094612,0.034288,0.094612,0.11318,0.10682,0.11318,-0.02531,-0.02531,0.048748,0.094612,0.18585,-0.02531,0.050318,0.034288,0.13555,0.05759,0.05759,0.11318,0.034288,0.020471,0.10682,0.11318,-0.02531,0.11318,0.048748,0.056213,0.034288,-0.016281,0.13555,0.034288,0.020471,0.020471,0.05759,0.020471,0.048748,0.020471,0.05759,0.020471,0.020471,0.094612,0.12226,0.16288,0.11724,0.16288,0.16288,0.056213,0.12226,0.10682,-0.016281,0.18585,0.020471,0.05759,0.056213,0.12226,0.05759,0.050318,0.11318,0.020471,0.11724,0.034288,0.034288,0.020471,0.11318,0.020471,0.05759,0.050318,0.11318,0.034288,0.11318,0.034288,0.16288,0.16288,0.034288,0.050318,0.18585,0.11724,0.12226,0.020471,0.050318,0.048748,0.020471,0.11318,0.10682,0.18585,0.034288,0.10682,-0.02531,0.12226,0.16288,0.10682,0.034288,0.094612,0.11318,0.094612,0.11724,0.05759,0.050318,0.13555,0.11724,-0.02531,0.11318,-0.02531,0.11318,-0.02531,0.050318,0.050318,0.056213,0.094612,0.18585,0.12226,-0.016281,0.18585,-0.02531,-0.016281
-0.040124,-0.22966,0.0080305,-0.26405,-0.2,-0.040124,-0.38141,-0.47234,-0.22162,0.017005,-0.13276,-0.2,-0.040124,-0.13276,-0.22162,-0.14018,-0.13276,-0.378,-0.2,-0.14018,0.0080305,0.043687,0.017005,-0.099818,-0.22966,-0.13276,-0.38141,0.0080305,0.043687,-0.3626,-0.14018,-0.040124,-0.3626,-0.47234,-0.040124,-0.13276,0.043687,-0.3626,-0.22966,-0.22162,-0.22966,-0.13276,-0.22966,0.043687,-0.099818,-0.38141,-0.13276,0.043687,-0.378,0.0080305,-0.099818,0.043687,0.043687,-0.13276,-0.378,-0.040124,0.017005,-0.099818,-0.26405,-0.22966,0.043687,-0.22966,-0.040124,-0.3626,-0.099818,0.0080305,-0.14018,-0.099818,-0.26405,-0.040124,-0.2,-0.22162,0.017005,0.043687,-0.099818,-0.13276,-0.26405,0.043687,-0.22966,0.0080305,0.017005,0.0080305,-0.13276,-0.040124,-0.22966,-0.26405,-0.3626,-0.099818,-0.3626,-0.26405,-0.33329,-0.26405,0.043687,0.043687,-0.22162,-0.3626,-0.38141,0.043687,0.0080305,-0.099818,-0.2,-0.14018,-0.14018,-0.26405,-0.099818,-0.22966,-0.33329,-0.26405,0.043687,-0.26405,-0.22162,-0.040124,-0.099818,0.017005,-0.2,-0.099818,-0.22966,-0.22966,-0.14018,-0.22966,-0.22162,-0.22966,-0.14018,-0.22966,-0.22966,-0.3626,-0.13276,-0.47234,-0.378,-0.47234,-0.47234,-0.040124,-0.13276,-0.33329,0.017005,-0.38141,-0.22966,-0.14018,-0.040124,-0.13276,-0.14018,0.0080305,-0.26405,-0.22966,-0.378,-0.099818,-0.099818,-0.22966,-0.26405,-0.22966,-0.14018,0.0080305,-0.26405,-0.099818,-0.26405,-0.099818,-0.47234,-0.47234,-0.099818,0.0080305,-0.38141,-0.378,-0.13276,-0.22966,0.0080305,-0.22162,-0.22966,-0.26405,-0.33329,-0.38141,-0.099818,-0.33329,0.043687,-0.13276,-0.47234,-0.33329,-0.099818,-0.3626,-0.26405,-0.3626,-0.378,-0.14018,0.0080305,-0.2,-0.378,0.043687,-0.26405,0.043687,-0.26405,0.043687,0.0080305,0.0080305,-0.040124,-0.3626,-0.38141,-0.13276,0.017005,-0.38141,0.043687,0.017005
0.089454,0.26248,0.085923,0.16567,0.18906,0.089454,0.25249,0.25918,0.23482,0.16831,0.19033,0.18906,0.089454,0.19033,0.23482,0.27081,0.19033,0.34679,0.18906,0.27081,0.085923,0.15781,0.16831,0.23785,0.26248,0.19033,0.25249,0.085923,0.15781,0.34495,0.27081,0.089454,0.34495,0.25918,0.089454,0.19033,0.15781,0.34495,0.26248,0.23482,0.26248,0.19033,0.26248,0.15781,0.23785,0.25249,0.19033,0.15781,0.34679,0.085923,0.23785,0.15781,0.15781,0.19033,0.34679,0.089454,0.16831,0.23785,0.16567,0.26248,0.15781,0.26248,0.089454,0.34495,0.23785,0.085923,0.27081,0.23785,0.16567,0.089454,0.18906,0.23482,0.16831,0.15781,0.23785,0.19033,0.16567,0.15781,0.26248,0.085923,0.16831,0.085923,0.19033,0.089454,0.26248,0.16567,0.34495,0.23785,0.34495,0.16567,0.16668,0.16567,0.15781,0.15781,0.23482,0.34495,0.25249,0.15781,0.085923,0.23785,0.18906,0.27081,0.27081,0.16567,0.23785,0.26248,0.16668,0.16567,0.15781,0.16567,0.23482,0.089454,0.23785,0.16831,0.18906,0.23785,0.26248,0.26248,0.27081,0.26248,0.23482,0.26248,0.27081,0.26248,0.26248,0.34495,0.19033,0.25918,0.34679,0.25918,0.25918,0.089454,0.19033,0.16668,0.16831,0.25249,0.26248,0.27081,0.089454,0.19033,0.27081,0.085923,0.16567,0.26248,0.34679,0.23785,0.23785,0.26248,0.16567,0.26248,0.27081,0.085923,0.16567,0.23785,0.16567,0.23785,0.25918,0.25918,0.23785,0.085923,0.25249,0.34679,0.19033,0.26248,0.085923,0.23482,0.26248,0.16567,0.16668,0.25249,0.23785,0.16668,0.15781,0.19033,0.25918,0.16668,0.23785,0.34495,0.16567,0.34495,0.34679,0.27081,0.085923,0.18906,0.34679,0.15781,0.16567,0.15781,0.16567,0.15781,0.085923,0.085923,0.089454,0.34495,0.25249,0.19033,0.16831,0.25249,0.15781,0.16831
0.060301,0.033227,0.22891,0.036077,0.066968,0.060301,0.058298,-0.1032,-0.087852,0.046189,0.24184,0.066968,0.060301,0.24184,-0.087852,0.040651,0.24184,-0.072271,0.066968,0.040651,0.22891,0.20495,0.046189,0.21825,0.033227,0.24184,0.058298,0.22891,0.20495,0.06417,0.040651,0.060301,0.06417,-0.1032,0.060301,0.24184,0.20495,0.06417,0.033227,-0.087852,0.033227,0.24184,0.033227,0.20495,0.21825,0.058298,0.24184,0.20495,-0.072271,0.22891,0.21825,0.20495,0.20495,0.24184,-0.072271,0.060301,0.046189,0.21825,0.036077,0.033227,0.20495,0.033227,0.060301,0.06417,0.21825,0.22891,0.040651,0.21825,0.036077,0.060301,0.066968,-0.087852,0.046189,0.20495,0.21825,0.24184,0.036077,0.20495,0.033227,0.22891,0.046189,0.22891,0.24184,0.060301,0.033227,0.036077,0.06417,0.21825,0.06417,0.036077,-0.12302,0.036077,0.20495,0.20495,-0.087852,0.06417,0.058298,0.20495,0.22891,0.21825,0.066968,0.040651,0.040651,0.036077,0.21825,0.033227,-0.12302,0.036077,0.20495,0.036077,-0.087852,0.060301,0.21825,0.046189,0.066968,0.21825,0.033227,0.033227,0.040651,0.033227,-0.087852,0.033227,0.040651,0.033227,0.033227,0.06417,0.24184,-0.1032,-0.072271,-0.1032,-0.1032,0.060301,0.24184,-0.12302,0.046189,0.058298,0.033227,0.040651,0.060301,0.24184,0.040651,0.22891,0.036077,0.033227,-0.072271,0.21825,0.21825,0.033227,0.036077,0.033227,0.040651,0.22891,0.036077,0.21825,0.036077,0.21825,-0.1032,-0.1032,0.21825,0.22891,0.058298,-0.072271,0.24184,0.033227,0.22891,-0.087852,0.033227,0.036077,-0.12302,0.058298,0.21825,-0.12302,0.20495,0.24184,-0.1032,-0.12302,0.21825,0.06417,0.036077,0.06417,-0.072271,0.040651,0.22891,0.066968,-0.072271,0.20495,0.036077,0.20495,0.036077,0.20495,0.22891,0.22891,0.060301,0.06417,0.058298,0.24184,0.046189,0.058298,0.20495,0.046189
0.03549,0.23684,0.080936,0.087401,0.0070388,0.03549,0.072694,0.022521,0.19179,0.1936,0.045935,0.0070388,0.03549,0.045935,0.19179,0.16112,0.045935,0.15185,0.0070388,0.16112,0.080936,0.21823,0.1936,0.17421,0.23684,0.045935,0.072694,0.080936,0.21823,0.20058,0.16112,0.03549,0.20058,0.022521,0.03549,0.045935,0.21823,0.20058,0.23684,0.19179,0.23684,0.045935,0.23684,0.21823,0.17421,0.072694,0.045935,0.21823,0.15185,0.080936,0.17421,0.21823,0.21823,0.045935,0.15185,0.03549,0.1936,0.17421,0.087401,0.23684,0.21823,0.23684,0.03549,0.20058,0.17421,0.080936,0.16112,0.17421,0.087401,0.03549,0.0070388,0.19179,0.1936,0.21823,0.17421,0.045935,0.087401,0.21823,0.23684,0.080936,0.1936,0.080936,0.045935,0.03549,0.23684,0.087401,0.20058,0.17421,0.20058,0.087401,0.052132,0.087401,0.21823,0.21823,0.19179,0.20058,0.072694,0.21823,0.080936,0.17421,0.0070388,0.16112,0.16112,0.087401,0.17421,0.23684,0.052132,0.087401,0.21823,0.087401,0.19179,0.03549,0.17421,0.1936,0.0070388,0.17421,0.23684,0.23684,0.16112,0.23684,0.19179,0.23684,0.16112,0.23684,0.23684,0.20058,0.045935,0.022521,0.15185,0.022521,0.022521,0.03549,0.045935,0.052132,0.1936,0.072694,0.23684,0.16112,0.03549,0.045935,0.16112,0.080936,0.087401,0.23684,0.15185,0.17421,0.17421,0.23684,0.087401,0.23684,0.16112,0.080936,0.087401,0.17421,0.087401,0.17421,0.022521,0.022521,0.17421,0.080936,0.072694,0.15185,0.045935,0.23684,0.080936,0.19179,0.23684,0.087401,0.052132,0.072694,0.17421,0.052132,0.21823,0.045935,0.022521,0.052132,0.17421,0.20058,0.087401,0.20058,0.15185,0.16112,0.080936,0.0070388,0.15185,0.21823,0.087401,0.21823,0.087401,0.21823,0.080936,0.080936,0.03549,0.20058,0.072694,0.045935,0.1936,0.072694,0.21823,0.1936
-0.096379,-0.17328,-0.01417,0.11565,-0.10061,-0.096379,0.11259,0.034638,-0.24027,-0.41756,-0.034267,-0.10061,-0.096379,-0.034267,-0.24027,-0.418,-0.034267,-0.28144,-0.10061,-0.418,-0.01417,-0.31647,-0.41756,-0.31677,-0.17328,-0.034267,0.11259,-0.01417,-0.31647,-0.18355,-0.418,-0.096379,-0.18355,0.034638,-0.096379,-0.034267,-0.31647,-0.18355,-0.17328,-0.24027,-0.17328,-0.034267,-0.17328,-0.31647,-0.31677,0.11259,-0.034267,-0.31647,-0.28144,-0.01417,-0.31677,-0.31647,-0.31647,-0.034267,-0.28144,-0.096379,-0.41756,-0.31677,0.11565,-0.17328,-0.31647,-0.17328,-0.096379,-0.18355,-0.31677,-0.01417,-0.418,-0.31677,0.11565,-0.096379,-0.10061,-0.24027,-0.41756,-0.31647,-0.31677,-0.034267,0.11565,-0.31647,-0.17328,-0.01417,-0.41756,-0.01417,-0.034267,-0.096379,-0.17328,0.11565,-0.18355,-0.31677,-0.18355,0.11565,0.061571,0.11565,-0.31647,-0.31647,-0.24027,-0.18355,0.11259,-0.31647,-0.01417,-0.31677,-0.10061,-0.418,-0.418,0.11565,-0.31677,-0.17328,0.061571,0.11565,-0.31647,0.11565,-0.24027,-0.096379,-0.31677,-0.41756,-0.10061,-0.31677,-0.17328,-0.17328,-0.418,-0.17328,-0.24027,-0.17328,-0.418,-0.17328,-0.17328,-0.18355,-0.034267,0.034638,-0.28144,0.034638,0.034638,-0.096379,-0.034267,0.061571,-0.41756,0.11259,-0.17328,-0.418,-0.096379,-0.034267,-0.418,-0.01417,0.11565,-0.17328,-0.28144,-0.31677,-0.31677,-0.17328,0.11565,-0.17328,-0.418,-0.01417,0.11565,-0.31677,0.11565,-0.31677,0.034638,0.034638,-0.31677,-0.01417,0.11259,-0.28144,-0.034267,-0.17328,-0.01417,-0.24027,-0.17328,0.11565,0.061571,0.11259,-0.31677,0.061571,-0.31647,-0.034267,0.034638,0.061571,-0.31677,-0.18355,0.11565,-0.18355,-0.28144,-0.418,-0.01417,-0.10061,-0.28144,-0.31647,0.11565,-0.31647,0.11565,-0.31647,-0.01417,-0.01417,-0.096379,-0.18355,0.11259,-0.034267,-0.41756,0.11259,-0.31647,-0.41756
0.038902,0.33491,-0.027889,0.16343,-0.026763,0.038902,0.091288,0.16886,0.3634,0.24213,-0.10094,-0.026763,0.038902,-0.10094,0.3634,0.1629,-0.10094,0.29,-0.026763,0.1629,-0.027889,0.18512,0.24213,0.13583,0.33491,-0.10094,0.091288,-0.027889,0.18512,0.27321,0.1629,0.038902,0.27321,0.16886,0.038902,-0.10094,0.18512,0.27321,0.33491,0.3634,0.33491,-0.10094,0.33491,0.18512,0.13583,0.091288,-0.10094,0.18512,0.29,-0.027889,0.13583,0.18512,0.18512,-0.10094,0.29,0.038902,0.24213,0.13583,0.16343,0.33491,0.18512,0.33491,0.038902,0.27321,0.13583,-0.027889,0.1629,0.13583,0.16343,0.038902,-0.026763,0.3634,0.24213,0.18512,0.13583,-0.10094,0.16343,0.18512,0.33491,-0.027889,0.24213,-0.027889,-0.10094,0.038902,0.33491,0.16343,0.27321,0.13583,0.27321,0.16343,0.22431,0.16343,0.18512,0.18512,0.3634,0.27321,0.091288,0.18512,-0.027889,0.13583,-0.026763,0.1629,0.1629,0.16343,0.13583,0.33491,0.22431,0.16343,0.18512,0.16343,0.3634,0.038902,0.13583,0.24213,-0.026763,0.13583,0.33491,0.33491,0.1629,0.33491,0.3634,0.33491,0.1629,0.33491,0.33491,0.27321,-0.10094,0.16886,0.29,0.16886,0.16886,0.038902,-0.10094,0.22431,0.24213,0.091288,0.33491,0.1629,0.038902,-0.10094,0.1629,-0.027889,0.16343,0.33491,0.29,0.13583,0.13583,0.33491,0.16343,0.33491,0.1629,-0.027889,0.16343,0.13583,0.16343,0.13583,0.16886,0.16886,0.13583,-0.027889,0.091288,0.29,-0.10094,0.33491,-0.027889,0.3634,0.33491,0.16343,0.22431,0.091288,0.13583,0.22431,0.18512,-0.10094,0.16886,0.22431,0.13583,0.27321,0.16343,0.27321,0.29,0.1629,-0.027889,-0.026763,0.29,0.18512,0.16343,0.18512,0.16343,0.18512,-0.027889,-0.027889,0.038902,0.27321,0.091288,-0.10094,0.24213,0.091288,0.18512,0.24213
0.027646,0.095457,0.18961,-0.045783,-0.031166,0.027646,-0.10491,-0.23806,-0.061537,0.13544,0.12597,-0.031166,0.027646,0.12597,-0.061537,0.056769,0.12597,-0.13559,-0.031166,0.056769,0.18961,0.27071,0.13544,0.22908,0.095457,0.12597,-0.10491,0.18961,0.27071,0.035368,0.056769,0.027646,0.035368,-0.23806,0.027646,0.12597,0.27071,0.035368,0.095457,-0.061537,0.095457,0.12597,0.095457,0.27071,0.22908,-0.10491,0.12597,0.27071,-0.13559,0.18961,0.22908,0.27071,0.27071,0.12597,-0.13559,0.027646,0.13544,0.22908,-0.045783,0.095457,0.27071,0.095457,0.027646,0.035368,0.22908,0.18961,0.056769,0.22908,-0.045783,0.027646,-0.031166,-0.061537,0.13544,0.27071,0.22908,0.12597,-0.045783,0.27071,0.095457,0.18961,0.13544,0.18961,0.12597,0.027646,0.095457,-0.045783,0.035368,0.22908,0.035368,-0.045783,-0.20547,-0.045783,0.27071,0.27071,-0.061537,0.035368,-0.10491,0.27071,0.18961,0.22908,-0.031166,0.056769,0.056769,-0.045783,0.22908,0.095457,-0.20547,-0.045783,0.27071,-0.045783,-0.061537,0.027646,0.22908,0.13544,-0.031166,0.22908,0.095457,0.095457,0.056769,0.095457,-0.061537,0.095457,0.056769,0.095457,0.095457,0.035368,0.12597,-0.23806,-0.13559,-0.23806,-0.23806,0.027646,0.12597,-0.20547,0.13544,-0.10491,0.095457,0.056769,0.027646,0.12597,0.056769,0.18961,-0.045783,0.095457,-0.13559,0.22908,0.22908,0.095457,-0.045783,0.095457,0.056769,0.18961,-0.045783,0.22908,-0.045783,0.22908,-0.23806,-0.23806,0.22908,0.18961,-0.10491,-0.13559,0.12597,0.095457,0.18961,-0.061537,0.095457,-0.045783,-0.20547,-0.10491,0.22908,-0.20547,0.27071,0.12597,-0.23806,-0.20547,0.22908,0.035368,-0.045783,0.035368,-0.13559,0.056769,0.18961,-0.031166,-0.13559,0.27071,-0.045783,0.27071,-0.045783,0.27071,0.18961,0.18961,0.027646,0.035368,-0.10491,0.12597,0.13544,-0.10491,0.27071,0.13544
-0.048188,-0.12852,-0.29073,-0.30953,-0.066129,-0.048188,-0.29845,-0.073073,0.092022,0.14967,-0.29313,-0.066129,-0.048188,-0.29313,0.092022,0.1217,-0.29313,0.079339,-0.066129,0.1217,-0.29073,-0.088338,0.14967,-0.09625,-0.12852,-0.29313,-0.29845,-0.29073,-0.088338,-0.13203,0.1217,-0.048188,-0.13203,-0.073073,-0.048188,-0.29313,-0.088338,-0.13203,-0.12852,0.092022,-0.12852,-0.29313,-0.12852,-0.088338,-0.09625,-0.29845,-0.29313,-0.088338,0.079339,-0.29073,-0.09625,-0.088338,-0.088338,-0.29313,0.079339,-0.048188,0.14967,-0.09625,-0.30953,-0.12852,-0.088338,-0.12852,-0.048188,-0.13203,-0.09625,-0.29073,0.1217,-0.09625,-0.30953,-0.048188,-0.066129,0.092022,0.14967,-0.088338,-0.09625,-0.29313,-0.30953,-0.088338,-0.12852,-0.29073,0.14967,-0.29073,-0.29313,-0.048188,-0.12852,-0.30953,-0.13203,-0.09625,-0.13203,-0.30953,-0.078473,-0.30953,-0.088338,-0.088338,0.092022,-0.13203,-0.29845,-0.088338,-0.29073,-0.09625,-0.066129,0.1217,0.1217,-0.30953,-0.09625,-0.12852,-0.078473,-0.30953,-0.088338,-0.30953,0.092022,-0.048188,-0.09625,0.14967,-0.066129,-0.09625,-0.12852,-0.12852,0.1217,-0.12852,0.092022,-0.12852,0.1217,-0.12852,-0.12852,-0.13203,-0.29313,-0.073073,0.079339,-0.073073,-0.073073,-0.048188,-0.29313,-0.078473,0.14967,-0.29845,-0.12852,0.1217,-0.048188,-0.29313,0.1217,-0.29073,-0.30953,-0.12852,0.079339,-0.09625,-0.09625,-0.12852,-0.30953,-0.12852,0.1217,-0.29073,-0.30953,-0.09625,-0.30953,-0.09625,-0.073073,-0.073073,-0.09625,-0.29073,-0.29845,0.079339,-0.29313,-0.12852,-0.29073,0.092022,-0.12852,-0.30953,-0.078473,-0.29845,-0.09625,-0.078473,-0.088338,-0.29313,-0.073073,-0.078473,-0.09625,-0.13203,-0.30953,-0.13203,0.079339,0.1217,-0.29073,-0.066129,0.079339,-0.088338,-0.30953,-0.088338,-0.30953,-0.088338,-0.29073,-0.29073,-0.048188,-0.13203,-0.29845,-0.29313,0.14967,-0.29845,-0.088338,0.14967
0.022875,0.42783,0.39723,0.46404,-0.011662,0.022875,0.43255,0.065172,0.065189,-0.028916,0.33927,-0.011662,0.022875,0.33927,0.065189,-0.080127,0.33927,-0.022349,-0.011662,-0.080127,0.39723,0.33469,-0.028916,0.29389,0.42783,0.33927,0.43255,0.39723,0.33469,0.37691,-0.080127,0.022875,0.37691,0.065172,0.022875,0.33927,0.33469,0.37691,0.42783,0.065189,0.42783,0.33927,0.42783,0.33469,0.29389,0.43255,0.33927,0.33469,-0.022349,0.39723,0.29389,0.33469,0.33469,0.33927,-0.022349,0.022875,-0.028916,0.29389,0.46404,0.42783,0.33469,0.42783,0.022875,0.37691,0.29389,0.39723,-0.080127,0.29389,0.46404,0.022875,-0.011662,0.065189,-0.028916,0.33469,0.29389,0.33927,0.46404,0.33469,0.42783,0.39723,-0.028916,0.39723,0.33927,0.022875,0.42783,0.46404,0.37691,0.29389,0.37691,0.46404,0.11907,0.46404,0.33469,0.33469,0.065189,0.37691,0.43255,0.33469,0.39723,0.29389,-0.011662,-0.080127,-0.080127,0.46404,0.29389,0.42783,0.11907,0.46404,0.33469,0.46404,0.065189,0.022875,0.29389,-0.028916,-0.011662,0.29389,0.42783,0.42783,-0.080127,0.42783,0.065189,0.42783,-0.080127,0.42783,0.42783,0.37691,0.33927,0.065172,-0.022349,0.065172,0.065172,0.022875,0.33927,0.11907,-0.028916,0.43255,0.42783,-0.080127,0.022875,0.33927,-0.080127,0.39723,0.46404,0.42783,-0.022349,0.29389,0.29389,0.42783,0.46404,0.42783,-0.080127,0.39723,0.46404,0.29389,0.46404,0.29389,0.065172,0.065172,0.29389,0.39723,0.43255,-0.022349,0.33927,0.42783,0.39723,0.065189,0.42783,0.46404,0.11907,0.43255,0.29389,0.11907,0.33469,0.33927,0.065172,0.11907,0.29389,0.37691,0.46404,0.37691,-0.022349,-0.080127,0.39723,-0.011662,-0.022349,0.33469,0.46404,0.33469,0.46404,0.33469,0.39723,0.39723,0.022875,0.37691,0.43255,0.33927,-0.028916,0.43255,0.33469,-0.028916
-0.059677,-0.29585,-0.074214,-0.27095,-0.089903,-0.059677,-0.28092,-0.26834,-0.28322,-0.10914,-0.091888,-0.089903,-0.059677,-0.091888,-0.28322,-0.14491,-0.091888,-0.31323,-0.089903,-0.14491,-0.074214,-0.11539,-0.10914,-0.13485,-0.29585,-0.091888,-0.28092,-0.074214,-0.11539,-0.31565,-0.14491,-0.059677,-0.31565,-0.26834,-0.059677,-0.091888,-0.11539,-0.31565,-0.29585,-0.28322,-0.29585,-0.091888,-0.29585,-0.11539,-0.13485,-0.28092,-0.091888,-0.11539,-0.31323,-0.074214,-0.13485,-0.11539,-0.11539,-0.091888,-0.31323,-0.059677,-0.10914,-0.13485,-0.27095,-0.29585,-0.11539,-0.29585,-0.059677,-0.31565,-0.13485,-0.074214,-0.14491,-0.13485,-0.27095,-0.059677,-0.089903,-0.28322,-0.10914,-0.11539,-0.13485,-0.091888,-0.27095,-0.11539,-0.29585,-0.074214,-0.10914,-0.074214,-0.091888,-0.059677,-0.29585,-0.27095,-0.31565,-0.13485,-0.31565,-0.27095,-0.25605,-0.27095,-0.11539,-0.11539,-0.28322,-0.31565,-0.28092,-0.11539,-0.074214,-0.13485,-0.089903,-0.14491,-0.14491,-0.27095,-0.13485,-0.29585,-0.25605,-0.27095,-0.11539,-0.27095,-0.28322,-0.059677,-0.13485,-0.10914,-0.089903,-0.13485,-0.29585,-0.29585,-0.14491,-0.29585,-0.28322,-0.29585,-0.14491,-0.29585,-0.29585,-0.31565,-0.091888,-0.26834,-0.31323,-0.26834,-0.26834,-0.059677,-0.091888,-0.25605,-0.10914,-0.28092,-0.29585,-0.14491,-0.059677,-0.091888,-0.14491,-0.074214,-0.27095,-0.29585,-0.31323,-0.13485,-0.13485,-0.29585,-0.27095,-0.29585,-0.14491,-0.074214,-0.27095,-0.13485,-0.27095,-0.13485,-0.26834,-0.26834,-0.13485,-0.074214,-0.28092,-0.31323,-0.091888,-0.29585,-0.074214,-0.28322,-0.29585,-0.27095,-0.25605,-0.28092,-0.13485,-0.25605,-0.11539,-0.091888,-0.26834,-0.25605,-0.13485,-0.31565,-0.27095,-0.31565,-0.31323,-0.14491,-0.074214,-0.089903,-0.31323,-0.11539,-0.27095,-0.11539,-0.27095,-0.11539,-0.074214,-0.074214,-0.059677,-0.31565,-0.28092,-0.091888,-0.10914,-0.28092,-0.11539,-0.10914
-0.039021,-0.25508,-0.035818,-0.14063,0.19052,-0.039021,0.072714,0.088676,-0.28225,-0.21975,0.17194,0.19052,-0.039021,0.17194,-0.28225,-0.0036241,0.17194,-0.079279,0.19052,-0.0036241,-0.035818,-0.18789,-0.21975,-0.0020291,-0.25508,0.17194,0.072714,-0.035818,-0.18789,-0.061405,-0.0036241,-0.039021,-0.061405,0.088676,-0.039021,0.17194,-0.18789,-0.061405,-0.25508,-0.28225,-0.25508,0.17194,-0.25508,-0.18789,-0.0020291,0.072714,0.17194,-0.18789,-0.079279,-0.035818,-0.0020291,-0.18789,-0.18789,0.17194,-0.079279,-0.039021,-0.21975,-0.0020291,-0.14063,-0.25508,-0.18789,-0.25508,-0.039021,-0.061405,-0.0020291,-0.035818,-0.0036241,-0.0020291,-0.14063,-0.039021,0.19052,-0.28225,-0.21975,-0.18789,-0.0020291,0.17194,-0.14063,-0.18789,-0.25508,-0.035818,-0.21975,-0.035818,0.17194,-0.039021,-0.25508,-0.14063,-0.061405,-0.0020291,-0.061405,-0.14063,-0.12418,-0.14063,-0.18789,-0.18789,-0.28225,-0.061405,0.072714,-0.18789,-0.035818,-0.0020291,0.19052,-0.0036241,-0.0036241,-0.14063,-0.0020291,-0.25508,-0.12418,-0.14063,-0.18789,-0.14063,-0.28225,-0.039021,-0.0020291,-0.21975,0.19052,-0.0020291,-0.25508,-0.25508,-0.0036241,-0.25508,-0.28225,-0.25508,-0.0036241,-0.25508,-0.25508,-0.061405,0.17194,0.088676,-0.079279,0.088676,0.088676,-0.039021,0.17194,-0.12418,-0.21975,0.072714,-0.25508,-0.0036241,-0.039021,0.17194,-0.0036241,-0.035818,-0.14063,-0.25508,-0.079279,-0.0020291,-0.0020291,-0.25508,-0.14063,-0.25508,-0.0036241,-0.035818,-0.14063,-0.0020291,-0.14063,-0.0020291,0.088676,0.088676,-0.0020291,-0.035818,0.072714,-0.079279,0.17194,-0.25508,-0.035818,-0.28225,-0.25508,-0.14063,-0.12418,0.072714,-0.0020291,-0.12418,-0.18789,0.17194,0.088676,-0.12418,-0.0020291,-0.061405,-0.14063,-0.061405,-0.079279,-0.0036241,-0.035818,0.19052,-0.079279,-0.18789,-0.14063,-0.18789,-0.14063,-0.18789,-0.035818,-0.035818,-0.039021,-0.061405,0.072714,0.17194,-0.21975,0.072714,-0.18789,-0.21975
