-0.025435,0.12157,0.13044,-0.03951,-0.19522,0.18708,-0.025435,-0.011096,0.12157,-0.041195,0.18708,-0.025435,-0.15786,-0.15786,-0.025435,-0.17116,-0.19522,-0.03951,0.18708,0.12157,-0.03951,-0.017188,0.12157,0.099649,-0.15786,-0.025435,-0.15786,0.12157,-0.15786,-0.15786,-0.027064,-0.15786,-0.19522,-0.03951,-0.15786,-0.15786,-0.19522,-0.041195,-0.19522,-0.017188,-0.041195,0.12157,0.13044,-0.03951,-0.19522,-0.041195,-0.15786,-0.020959,-0.011096,-0.19522,-0.041195,-0.15786,-0.025435,-0.15786,0.18708,-0.03951,-0.19759,-0.027532,-0.020959,-0.027064,-0.041195,0.18708,0.12157,0.099649,0.12157,-0.19759,-0.027064,-0.011096,0.099649,-0.19522,-0.19759,-0.19522,-0.17116,-0.041195,-0.041195,-0.19522,-0.027532,-0.011096,-0.19522,-0.011096,-0.19759,-0.020959,-0.19759,-0.03951,-0.017188,-0.017188,0.13044,-0.19759,0.13044,-0.17116,0.12157,-0.011096,-0.027532,-0.03951,0.18708,0.12157,0.099649,-0.027064,0.13044,-0.19522,-0.027532,-0.17116,-0.011096,-0.03951,-0.025435,-0.19759,-0.027532,-0.19522,-0.041195,-0.15786,0.18708,0.13044,-0.19522,-0.03951,-0.19522,-0.020959,-0.011096,-0.15786,0.12157,0.12157,-0.011096,-0.027064,-0.020959,-0.020959,0.12157,-0.027532,-0.17116,-0.025435,-0.17116,-0.020959,-0.19522,-0.020959,-0.17116,-0.03951,-0.011096,-0.15786,-0.19522,-0.03951,-0.19522,-0.027064,-0.15786,-0.19522,-0.020959,0.099649,-0.19522,-0.19759,-0.025435,-0.017188,-0.15786,-0.15786,-0.027532,-0.03951,-0.03951,-0.19522,0.13044,-0.020959,-0.03951,-0.19522,0.12157,0.12157,-0.17116,-0.19759,-0.19522,-0.025435,-0.15786,-0.19522,-0.03951,-0.020959,-0.017188,-0.03951,-0.041195,-0.027064,-0.15786,-0.03951,-0.15786,-0.03951,-0.011096,-0.19522,-0.027064,-0.027064,-0.17116,-0.027532,0.12157,-0.017188,0.12157,-0.15786,-0.15786,-0.17116,-0.19522,-0.041195,0.099649,-0.15786,-0.19522,-0.19522,-0.017188,-0.19522,-0.017188,-0.19522,-0.025435,-0.039509
-0.020615,0.054372,0.082977,-0.17953,-0.28505,0.084559,-0.020615,-0.017203,0.054372,-0.050094,0.084559,-0.020615,-0.26211,-0.26211,-0.020615,-0.33091,-0.28505,-0.17953,0.084559,0.054372,-0.17953,-0.052937,0.054372,0.066858,-0.26211,-0.020615,-0.26211,0.054372,-0.26211,-0.26211,-0.16051,-0.26211,-0.28505,-0.17953,-0.26211,-0.26211,-0.28505,-0.050094,-0.28505,-0.052937,-0.050094,0.054372,0.082977,-0.17953,-0.28505,-0.050094,-0.26211,-0.20169,-0.017203,-0.28505,-0.050094,-0.26211,-0.020615,-0.26211,0.084559,-0.17953,-0.35389,-0.24281,-0.20169,-0.16051,-0.050094,0.084559,0.054372,0.066858,0.054372,-0.35389,-0.16051,-0.017203,0.066858,-0.28505,-0.35389,-0.28505,-0.33091,-0.050094,-0.050094,-0.28505,-0.24281,-0.017203,-0.28505,-0.017203,-0.35389,-0.20169,-0.35389,-0.17953,-0.052937,-0.052937,0.082977,-0.35389,0.082977,-0.33091,0.054372,-0.017203,-0.24281,-0.17953,0.084559,0.054372,0.066858,-0.16051,0.082977,-0.28505,-0.24281,-0.33091,-0.017203,-0.17953,-0.020615,-0.35389,-0.24281,-0.28505,-0.050094,-0.26211,0.084559,0.082977,-0.28505,-0.17953,-0.28505,-0.20169,-0.017203,-0.26211,0.054372,0.054372,-0.017203,-0.16051,-0.20169,-0.20169,0.054372,-0.24281,-0.33091,-0.020615,-0.33091,-0.20169,-0.28505,-0.20169,-0.33091,-0.17953,-0.017203,-0.26211,-0.28505,-0.17953,-0.28505,-0.16051,-0.26211,-0.28505,-0.20169,0.066858,-0.28505,-0.35389,-0.020615,-0.052937,-0.26211,-0.26211,-0.24281,-0.17953,-0.17953,-0.28505,0.082977,-0.20169,-0.17953,-0.28505,0.054372,0.054372,-0.33091,-0.35389,-0.28505,-0.020615,-0.26211,-0.28505,-0.17953,-0.20169,-0.052937,-0.17953,-0.050094,-0.16051,-0.26211,-0.17953,-0.26211,-0.17953,-0.017203,-0.28505,-0.16051,-0.16051,-0.33091,-0.24281,0.054372,-0.052937,0.054372,-0.26211,-0.26211,-0.33091,-0.28505,-0.050094,0.066858,-0.26211,-0.28505,-0.28505,-0.052937,-0.28505,-0.052937,-0.28505,-0.020615,-0.17953
0.083984,0.077974,0.55975,0.022782,-0.23984,0.31581,0.083984,0.31038,0.077974,-0.24794,0.31581,0.083984,-0.024674,-0.024674,0.083984,0.10646,-0.23984,0.022782,0.31581,0.077974,0.022782,-0.032113,0.077974,0.34664,-0.024674,0.083984,-0.024674,0.077974,-0.024674,-0.024674,0.20373,-0.024674,-0.23984,0.022782,-0.024674,-0.024674,-0.23984,-0.24794,-0.23984,-0.032113,-0.24794,0.077974,0.55975,0.022782,-0.23984,-0.24794,-0.024674,0.34086,0.31038,-0.23984,-0.24794,-0.024674,0.083984,-0.024674,0.31581,0.022782,-0.13078,0.15911,0.34086,0.20373,-0.24794,0.31581,0.077974,0.34664,0.077974,-0.13078,0.20373,0.31038,0.34664,-0.23984,-0.13078,-0.23984,0.10646,-0.24794,-0.24794,-0.23984,0.15911,0.31038,-0.23984,0.31038,-0.13078,0.34086,-0.13078,0.022782,-0.032113,-0.032113,0.55975,-0.13078,0.55975,0.10646,0.077974,0.31038,0.15911,0.022782,0.31581,0.077974,0.34664,0.20373,0.55975,-0.23984,0.15911,0.10646,0.31038,0.022782,0.083984,-0.13078,0.15911,-0.23984,-0.24794,-0.024674,0.31581,0.55975,-0.23984,0.022782,-0.23984,0.34086,0.31038,-0.024674,0.077974,0.077974,0.31038,0.20373,0.34086,0.34086,0.077974,0.15911,0.10646,0.083984,0.10646,0.34086,-0.23984,0.34086,0.10646,0.022782,0.31038,-0.024674,-0.23984,0.022782,-0.23984,0.20373,-0.024674,-0.23984,0.34086,0.34664,-0.23984,-0.13078,0.083984,-0.032113,-0.024674,-0.024674,0.15911,0.022782,0.022782,-0.23984,0.55975,0.34086,0.022782,-0.23984,0.077974,0.077974,0.10646,-0.13078,-0.23984,0.083984,-0.024674,-0.23984,0.022782,0.34086,-0.032113,0.022782,-0.24794,0.20373,-0.024674,0.022782,-0.024674,0.022782,0.31038,-0.23984,0.20373,0.20373,0.10646,0.15911,0.077974,-0.032113,0.077974,-0.024674,-0.024674,0.10646,-0.23984,-0.24794,0.34664,-0.024674,-0.23984,-0.23984,-0.032113,-0.23984,-0.032113,-0.23984,0.083984,0.022782
-0.29401,-0.40881,-0.33606,-0.59013,-0.48428,-0.30086,-0.29401,-0.13444,-0.40881,-0.22169,-0.30086,-0.29401,-0.49836,-0.49836,-0.29401,-0.40826,-0.48428,-0.59013,-0.30086,-0.40881,-0.59013,-0.067777,-0.40881,-0.47739,-0.49836,-0.29401,-0.49836,-0.40881,-0.49836,-0.49836,-0.6378,-0.49836,-0.48428,-0.59013,-0.49836,-0.49836,-0.48428,-0.22169,-0.48428,-0.067777,-0.22169,-0.40881,-0.33606,-0.59013,-0.48428,-0.22169,-0.49836,-0.59913,-0.13444,-0.48428,-0.22169,-0.49836,-0.29401,-0.49836,-0.30086,-0.59013,-0.38357,-0.56676,-0.59913,-0.6378,-0.22169,-0.30086,-0.40881,-0.47739,-0.40881,-0.38357,-0.6378,-0.13444,-0.47739,-0.48428,-0.38357,-0.48428,-0.40826,-0.22169,-0.22169,-0.48428,-0.56676,-0.13444,-0.48428,-0.13444,-0.38357,-0.59913,-0.38357,-0.59013,-0.067777,-0.067777,-0.33606,-0.38357,-0.33606,-0.40826,-0.40881,-0.13444,-0.56676,-0.59013,-0.30086,-0.40881,-0.47739,-0.6378,-0.33606,-0.48428,-0.56676,-0.40826,-0.13444,-0.59013,-0.29401,-0.38357,-0.56676,-0.48428,-0.22169,-0.49836,-0.30086,-0.33606,-0.48428,-0.59013,-0.48428,-0.59913,-0.13444,-0.49836,-0.40881,-0.40881,-0.13444,-0.6378,-0.59913,-0.59913,-0.40881,-0.56676,-0.40826,-0.29401,-0.40826,-0.59913,-0.48428,-0.59913,-0.40826,-0.59013,-0.13444,-0.49836,-0.48428,-0.59013,-0.48428,-0.6378,-0.49836,-0.48428,-0.59913,-0.47739,-0.48428,-0.38357,-0.29401,-0.067777,-0.49836,-0.49836,-0.56676,-0.59013,-0.59013,-0.48428,-0.33606,-0.59913,-0.59013,-0.48428,-0.40881,-0.40881,-0.40826,-0.38357,-0.48428,-0.29401,-0.49836,-0.48428,-0.59013,-0.59913,-0.067777,-0.59013,-0.22169,-0.6378,-0.49836,-0.59013,-0.49836,-0.59013,-0.13444,-0.48428,-0.6378,-0.6378,-0.40826,-0.56676,-0.40881,-0.067777,-0.40881,-0.49836,-0.49836,-0.40826,-0.48428,-0.22169,-0.47739,-0.49836,-0.48428,-0.48428,-0.067777,-0.48428,-0.067777,-0.48428,-0.29401,-0.59013
0.13696,0.081872,0.087646,-0.048223,-0.036815,0.017357,0.13696,0.045406,0.081872,0.086745,0.017357,0.13696,0.033203,0.033203,0.13696,-0.069798,-0.036815,-0.048223,0.017357,0.081872,-0.048223,-0.02056,0.081872,0.12576,0.033203,0.13696,0.033203,0.081872,0.033203,0.033203,0.033097,0.033203,-0.036815,-0.048223,0.033203,0.033203,-0.036815,0.086745,-0.036815,-0.02056,0.086745,0.081872,0.087646,-0.048223,-0.036815,0.086745,0.033203,0.0079824,0.045406,-0.036815,0.086745,0.033203,0.13696,0.033203,0.017357,-0.048223,-0.15983,-0.12253,0.0079824,0.033097,0.086745,0.017357,0.081872,0.12576,0.081872,-0.15983,0.033097,0.045406,0.12576,-0.036815,-0.15983,-0.036815,-0.069798,0.086745,0.086745,-0.036815,-0.12253,0.045406,-0.036815,0.045406,-0.15983,0.0079824,-0.15983,-0.048223,-0.02056,-0.02056,0.087646,-0.15983,0.087646,-0.069798,0.081872,0.045406,-0.12253,-0.048223,0.017357,0.081872,0.12576,0.033097,0.087646,-0.036815,-0.12253,-0.069798,0.045406,-0.048223,0.13696,-0.15983,-0.12253,-0.036815,0.086745,0.033203,0.017357,0.087646,-0.036815,-0.048223,-0.036815,0.0079824,0.045406,0.033203,0.081872,0.081872,0.045406,0.033097,0.0079824,0.0079824,0.081872,-0.12253,-0.069798,0.13696,-0.069798,0.0079824,-0.036815,0.0079824,-0.069798,-0.048223,0.045406,0.033203,-0.036815,-0.048223,-0.036815,0.033097,0.033203,-0.036815,0.0079824,0.12576,-0.036815,-0.15983,0.13696,-0.02056,0.033203,0.033203,-0.12253,-0.048223,-0.048223,-0.036815,0.087646,0.0079824,-0.048223,-0.036815,0.081872,0.081872,-0.069798,-0.15983,-0.036815,0.13696,0.033203,-0.036815,-0.048223,0.0079824,-0.02056,-0.048223,0.086745,0.033097,0.033203,-0.048223,0.033203,-0.048223,0.045406,-0.036815,0.033097,0.033097,-0.069798,-0.12253,0.081872,-0.02056,0.081872,0.033203,0.033203,-0.069798,-0.036815,0.086745,0.12576,0.033203,-0.036815,-0.036815,-0.02056,-0.036815,-0.02056,-0.036815,0.13696,-0.048223
-0.045334,-0.24833,0.25006,-0.35277,-0.39956,0.0047191,-0.045334,0.27881,-0.24833,-0.30836,0.0047191,-0.045334,-0.20771,-0.20771,-0.045334,0.026955,-0.39956,-0.35277,0.0047191,-0.24833,-0.35277,-0.0079725,-0.24833,-0.015439,-0.20771,-0.045334,-0.20771,-0.24833,-0.20771,-0.20771,-0.1604,-0.20771,-0.39956,-0.35277,-0.20771,-0.20771,-0.39956,-0.30836,-0.39956,-0.0079725,-0.30836,-0.24833,0.25006,-0.35277,-0.39956,-0.30836,-0.20771,0.051476,0.27881,-0.39956,-0.30836,-0.20771,-0.045334,-0.20771,0.0047191,-0.35277,-0.2377,-0.20123,0.051476,-0.1604,-0.30836,0.0047191,-0.24833,-0.015439,-0.24833,-0.2377,-0.1604,0.27881,-0.015439,-0.39956,-0.2377,-0.39956,0.026955,-0.30836,-0.30836,-0.39956,-0.20123,0.27881,-0.39956,0.27881,-0.2377,0.051476,-0.2377,-0.35277,-0.0079725,-0.0079725,0.25006,-0.2377,0.25006,0.026955,-0.24833,0.27881,-0.20123,-0.35277,0.0047191,-0.24833,-0.015439,-0.1604,0.25006,-0.39956,-0.20123,0.026955,0.27881,-0.35277,-0.045334,-0.2377,-0.20123,-0.39956,-0.30836,-0.20771,0.0047191,0.25006,-0.39956,-0.35277,-0.39956,0.051476,0.27881,-0.20771,-0.24833,-0.24833,0.27881,-0.1604,0.051476,0.051476,-0.24833,-0.20123,0.026955,-0.045334,0.026955,0.051476,-0.39956,0.051476,0.026955,-0.35277,0.27881,-0.20771,-0.39956,-0.35277,-0.39956,-0.1604,-0.20771,-0.39956,0.051476,-0.015439,-0.39956,-0.2377,-0.045334,-0.0079725,-0.20771,-0.20771,-0.20123,-0.35277,-0.35277,-0.39956,0.25006,0.051476,-0.35277,-0.39956,-0.24833,-0.24833,0.026955,-0.2377,-0.39956,-0.045334,-0.20771,-0.39956,-0.35277,0.051476,-0.0079725,-0.35277,-0.30836,-0.1604,-0.20771,-0.35277,-0.20771,-0.35277,0.27881,-0.39956,-0.1604,-0.1604,0.026955,-0.20123,-0.24833,-0.0079725,-0.24833,-0.20771,-0.20771,0.026955,-0.39956,-0.30836,-0.015439,-0.20771,-0.39956,-0.39956,-0.0079725,-0.39956,-0.0079725,-0.39956,-0.045334,-0.35277
-0.075198,0.19906,-0.12647,0.00076329,-0.045958,0.10534,-0.075198,-0.22497,0.19906,0.14777,0.10534,-0.075198,-0.24209,-0.24209,-0.075198,-0.43992,-0.045958,0.00076329,0.10534,0.19906,0.00076329,0.0012747,0.19906,-0.0087054,-0.24209,-0.075198,-0.24209,0.19906,-0.24209,-0.24209,-0.17212,-0.24209,-0.045958,0.00076329,-0.24209,-0.24209,-0.045958,0.14777,-0.045958,0.0012747,0.14777,0.19906,-0.12647,0.00076329,-0.045958,0.14777,-0.24209,-0.33357,-0.22497,-0.045958,0.14777,-0.24209,-0.075198,-0.24209,0.10534,0.00076329,-0.218,-0.15739,-0.33357,-0.17212,0.14777,0.10534,0.19906,-0.0087054,0.19906,-0.218,-0.17212,-0.22497,-0.0087054,-0.045958,-0.218,-0.045958,-0.43992,0.14777,0.14777,-0.045958,-0.15739,-0.22497,-0.045958,-0.22497,-0.218,-0.33357,-0.218,0.00076329,0.0012747,0.0012747,-0.12647,-0.218,-0.12647,-0.43992,0.19906,-0.22497,-0.15739,0.00076329,0.10534,0.19906,-0.0087054,-0.17212,-0.12647,-0.045958,-0.15739,-0.43992,-0.22497,0.00076329,-0.075198,-0.218,-0.15739,-0.045958,0.14777,-0.24209,0.10534,-0.12647,-0.045958,0.00076329,-0.045958,-0.33357,-0.22497,-0.24209,0.19906,0.19906,-0.22497,-0.17212,-0.33357,-0.33357,0.19906,-0.15739,-0.43992,-0.075198,-0.43992,-0.33357,-0.045958,-0.33357,-0.43992,0.00076329,-0.22497,-0.24209,-0.045958,0.00076329,-0.045958,-0.17212,-0.24209,-0.045958,-0.33357,-0.0087054,-0.045958,-0.218,-0.075198,0.0012747,-0.24209,-0.24209,-0.15739,0.00076329,0.00076329,-0.045958,-0.12647,-0.33357,0.00076329,-0.045958,0.19906,0.19906,-0.43992,-0.218,-0.045958,-0.075198,-0.24209,-0.045958,0.00076329,-0.33357,0.0012747,0.00076329,0.14777,-0.17212,-0.24209,0.00076329,-0.24209,0.00076329,-0.22497,-0.045958,-0.17212,-0.17212,-0.43992,-0.15739,0.19906,0.0012747,0.19906,-0.24209,-0.24209,-0.43992,-0.045958,0.14777,-0.0087054,-0.24209,-0.045958,-0.045958,0.0012747,-0.045958,0.0012747,-0.045958,-0.075198,0.00076335
0.13706,-0.015514,0.34081,0.15162,0.075551,0.11252,0.13706,0.3087,-0.015514,-0.15563,0.11252,0.13706,0.28821,0.28821,0.13706,0.44207,0.075551,0.15162,0.11252,-0.015514,0.15162,0.00088585,-0.015514,0.21981,0.28821,0.13706,0.28821,-0.015514,0.28821,0.28821,0.33136,0.28821,0.075551,0.15162,0.28821,0.28821,0.075551,-0.15563,0.075551,0.00088585,-0.15563,-0.015514,0.34081,0.15162,0.075551,-0.15563,0.28821,0.47691,0.3087,0.07555,-0.15563,0.28821,0.13706,0.28821,0.11252,0.15162,0.19717,0.2732,0.47691,0.33136,-0.15563,0.11252,-0.015514,0.21981,-0.015514,0.19717,0.33136,0.3087,0.21981,0.075551,0.19717,0.075551,0.44207,-0.15563,-0.15563,0.075551,0.2732,0.3087,0.075551,0.3087,0.19717,0.47691,0.19717,0.15162,0.00088585,0.00088585,0.34081,0.19717,0.34081,0.44207,-0.015514,0.3087,0.2732,0.15162,0.11252,-0.015514,0.21981,0.33136,0.34081,0.07555,0.2732,0.44207,0.3087,0.15162,0.13706,0.19717,0.2732,0.075551,-0.15563,0.28821,0.11252,0.34081,0.075551,0.15162,0.075551,0.47691,0.3087,0.28821,-0.015514,-0.015514,0.3087,0.33136,0.47691,0.47691,-0.015514,0.2732,0.44207,0.13706,0.44207,0.47691,0.075551,0.47691,0.44207,0.15162,0.3087,0.28821,0.075551,0.15162,0.075551,0.33136,0.28821,0.075551,0.47691,0.21981,0.075551,0.19717,0.13706,0.00088585,0.28821,0.28821,0.2732,0.15162,0.15162,0.075551,0.34081,0.47691,0.15162,0.075551,-0.015514,-0.015514,0.44207,0.19717,0.075551,0.13706,0.28821,0.075551,0.15162,0.47691,0.00088585,0.15162,-0.15563,0.33136,0.28821,0.15162,0.28821,0.15162,0.3087,0.075551,0.33136,0.33136,0.44207,0.2732,-0.015514,0.00088585,-0.015514,0.28821,0.28821,0.44207,0.075551,-0.15563,0.21981,0.28821,0.075551,0.075551,0.00088585,0.075551,0.00088585,0.075551,0.13706,0.15162
0.11735,0.20354,-0.038799,0.56071,0.60968,0.043334,0.11735,-0.045755,0.20354,0.2423,0.043334,0.11735,0.54346,0.54346,0.11735,0.44431,0.60968,0.56071,0.043334,0.20354,0.56071,0.082802,0.20354,0.11153,0.54346,0.11735,0.54346,0.20354,0.54346,0.54346,0.49563,0.54346,0.60968,0.56071,0.54346,0.54346,0.60968,0.2423,0.60968,0.082802,0.2423,0.20354,-0.038799,0.56071,0.60968,0.2423,0.54346,0.40619,-0.045755,0.60968,0.2423,0.54346,0.11735,0.54346,0.043334,0.56071,0.57065,0.52336,0.40619,0.49563,0.2423,0.043334,0.20354,0.11153,0.20354,0.57065,0.49563,-0.045755,0.11153,0.60968,0.57065,0.60968,0.44431,0.2423,0.2423,0.60968,0.52336,-0.045755,0.60968,-0.045755,0.57065,0.40619,0.57065,0.56071,0.082802,0.082802,-0.038799,0.57065,-0.038799,0.44431,0.20354,-0.045755,0.52336,0.56071,0.043334,0.20354,0.11153,0.49563,-0.038799,0.60968,0.52336,0.44431,-0.045755,0.56071,0.11735,0.57065,0.52336,0.60968,0.2423,0.54346,0.043334,-0.038799,0.60968,0.56071,0.60968,0.40619,-0.045755,0.54346,0.20354,0.20354,-0.045755,0.49563,0.40619,0.40619,0.20354,0.52336,0.44431,0.11735,0.44431,0.40619,0.60968,0.40619,0.44431,0.56071,-0.045755,0.54346,0.60968,0.56071,0.60968,0.49563,0.54346,0.60968,0.40619,0.11153,0.60968,0.57065,0.11735,0.082802,0.54346,0.54346,0.52336,0.56071,0.56071,0.60968,-0.038799,0.40619,0.56071,0.60968,0.20354,0.20354,0.44431,0.57065,0.60968,0.11735,0.54346,0.60968,0.56071,0.40619,0.082802,0.56071,0.2423,0.49563,0.54346,0.56071,0.54346,0.56071,-0.045755,0.60968,0.49563,0.49563,0.44431,0.52336,0.20354,0.082802,0.20354,0.54346,0.54346,0.44431,0.60968,0.2423,0.11153,0.54346,0.60968,0.60968,0.082802,0.60968,0.082802,0.60968,0.11735,0.56071
-0.033548,-0.017195,0.034061,-0.18735,-0.24277,0.071833,-0.033548,0.063633,-0.017195,-0.073062,0.071833,-0.033548,-0.19865,-0.19865,-0.033548,-0.20862,-0.24277,-0.18735,0.071833,-0.017195,-0.18735,0.018742,-0.017195,-0.048793,-0.19865,-0.033548,-0.19865,-0.017195,-0.19865,-0.19865,-0.20158,-0.19865,-0.24277,-0.18735,-0.19865,-0.19865,-0.24277,-0.073062,-0.24277,0.018742,-0.073062,-0.017195,0.034061,-0.18735,-0.24277,-0.073062,-0.19865,-0.20682,0.063633,-0.24277,-0.073062,-0.19865,-0.033548,-0.19865,0.071833,-0.18735,-0.24263,-0.18847,-0.20682,-0.20158,-0.073062,0.071833,-0.017195,-0.048793,-0.017195,-0.24263,-0.20158,0.063633,-0.048793,-0.24277,-0.24263,-0.24277,-0.20862,-0.073062,-0.073062,-0.24277,-0.18847,0.063633,-0.24277,0.063633,-0.24263,-0.20682,-0.24263,-0.18735,0.018742,0.018742,0.034061,-0.24263,0.034061,-0.20862,-0.017195,0.063633,-0.18847,-0.18735,0.071833,-0.017195,-0.048793,-0.20158,0.034061,-0.24277,-0.18847,-0.20862,0.063633,-0.18735,-0.033548,-0.24263,-0.18847,-0.24277,-0.073062,-0.19865,0.071833,0.034061,-0.24277,-0.18735,-0.24277,-0.20682,0.063633,-0.19865,-0.017195,-0.017195,0.063633,-0.20158,-0.20682,-0.20682,-0.017195,-0.18847,-0.20862,-0.033548,-0.20862,-0.20682,-0.24277,-0.20682,-0.20862,-0.18735,0.063633,-0.19865,-0.24277,-0.18735,-0.24277,-0.20158,-0.19865,-0.24277,-0.20682,-0.048793,-0.24277,-0.24263,-0.033548,0.018742,-0.19865,-0.19865,-0.18847,-0.18735,-0.18735,-0.24277,0.034061,-0.20682,-0.18735,-0.24277,-0.017195,-0.017195,-0.20862,-0.24263,-0.24277,-0.033548,-0.19865,-0.24277,-0.18735,-0.20682,0.018742,-0.18735,-0.073062,-0.20158,-0.19865,-0.18735,-0.19865,-0.18735,0.063633,-0.24277,-0.20158,-0.20158,-0.20862,-0.18847,-0.017195,0.018742,-0.017195,-0.19865,-0.19865,-0.20862,-0.24277,-0.073062,-0.048793,-0.19865,-0.24277,-0.24277,0.018742,-0.24277,0.018742,-0.24277,-0.033548,-0.18735
-0.042591,-0.14597,0.12209,-0.15012,-0.18181,0.0025829,-0.042591,0.11203,-0.14597,-0.18476,0.0025829,-0.042591,-0.063406,-0.063406,-0.042591,0.06918,-0.18181,-0.15012,0.0025829,-0.14597,-0.15012,-0.015685,-0.14597,-0.0080156,-0.063406,-0.042591,-0.063406,-0.14597,-0.063406,-0.063406,-0.035282,-0.063406,-0.18181,-0.15012,-0.063406,-0.063406,-0.18181,-0.18476,-0.18181,-0.015685,-0.18476,-0.14597,0.12209,-0.15012,-0.18181,-0.18476,-0.063406,0.081161,0.11203,-0.18181,-0.18476,-0.063406,-0.042591,-0.063406,0.0025829,-0.15012,-0.057787,-0.026287,0.081161,-0.035282,-0.18476,0.0025829,-0.14597,-0.0080156,-0.14597,-0.057787,-0.035282,0.11203,-0.0080156,-0.18181,-0.057787,-0.18181,0.06918,-0.18476,-0.18476,-0.18181,-0.026287,0.11203,-0.18181,0.11203,-0.057787,0.081161,-0.057787,-0.15012,-0.015685,-0.015685,0.12209,-0.057787,0.12209,0.06918,-0.14597,0.11203,-0.026287,-0.15012,0.0025829,-0.14597,-0.0080156,-0.035282,0.12209,-0.18181,-0.026287,0.06918,0.11203,-0.15012,-0.042591,-0.057787,-0.026287,-0.18181,-0.18476,-0.063406,0.0025829,0.12209,-0.18181,-0.15012,-0.18181,0.081161,0.11203,-0.063406,-0.14597,-0.14597,0.11203,-0.035282,0.081161,0.081161,-0.14597,-0.026287,0.06918,-0.042591,0.06918,0.081161,-0.18181,0.081161,0.06918,-0.15012,0.11203,-0.063406,-0.18181,-0.15012,-0.18181,-0.035282,-0.063406,-0.18181,0.081161,-0.0080156,-0.18181,-0.057787,-0.042591,-0.015685,-0.063406,-0.063406,-0.026287,-0.15012,-0.15012,-0.18181,0.12209,0.081161,-0.15012,-0.18181,-0.14597,-0.14597,0.06918,-0.057787,-0.18181,-0.042591,-0.063406,-0.18181,-0.15012,0.081161,-0.015685,-0.15012,-0.18476,-0.035282,-0.063406,-0.15012,-0.063406,-0.15012,0.11203,-0.18181,-0.035282,-0.035282,0.06918,-0.026287,-0.14597,-0.015685,-0.14597,-0.063406,-0.063406,0.06918,-0.18181,-0.18476,-0.0080156,-0.063406,-0.18181,-0.18181,-0.015685,-0.18181,-0.015685,-0.18181,-0.042591,-0.15012
0.28345,0.35271,0.17178,0.44716,0.43611,0.17687,0.28345,0.038965,0.35271,0.26833,0.17687,0.28345,0.48137,0.48137,0.28345,0.29896,0.43611,0.44716,0.17687,0.35271,0.44716,0.0068147,0.35271,0.35238,0.48137,0.28345,0.48137,0.35271,0.48137,0.48137,0.49983,0.48137,0.43611,0.44716,0.48137,0.48137,0.43611,0.26833,0.43611,0.0068147,0.26833,0.35271,0.17178,0.44716,0.43611,0.26833,0.48137,0.41463,0.038965,0.43611,0.26833,0.48137,0.28345,0.48137,0.17687,0.44716,0.25686,0.35838,0.41463,0.49983,0.26833,0.17687,0.35271,0.35238,0.35271,0.25686,0.49983,0.038965,0.35238,0.43611,0.25686,0.43611,0.29896,0.26833,0.26833,0.43611,0.35838,0.038965,0.43611,0.038965,0.25686,0.41463,0.25686,0.44716,0.0068147,0.0068147,0.17178,0.25686,0.17178,0.29896,0.35271,0.038965,0.35838,0.44716,0.17687,0.35271,0.35238,0.49983,0.17178,0.43611,0.35838,0.29896,0.038965,0.44716,0.28345,0.25686,0.35838,0.43611,0.26833,0.48137,0.17687,0.17178,0.43611,0.44716,0.43611,0.41463,0.038965,0.48137,0.35271,0.35271,0.038965,0.49983,0.41463,0.41463,0.35271,0.35838,0.29896,0.28345,0.29896,0.41463,0.43611,0.41463,0.29896,0.44716,0.038965,0.48137,0.43611,0.44716,0.43611,0.49983,0.48137,0.43611,0.41463,0.35238,0.43611,0.25686,0.28345,0.0068147,0.48137,0.48137,0.35838,0.44716,0.44716,0.43611,0.17178,0.41463,0.44716,0.43611,0.35271,0.35271,0.29896,0.25686,0.43611,0.28345,0.48137,0.43611,0.44716,0.41463,0.0068147,0.44716,0.26833,0.49983,0.48137,0.44716,0.48137,0.44716,0.038965,0.43611,0.49983,0.49983,0.29896,0.35838,0.35271,0.0068147,0.35271,0.48137,0.48137,0.29896,0.43611,0.26833,0.35238,0.48137,0.43611,0.43611,0.0068147,0.43611,0.0068147,0.43611,0.28345,0.44716
0.12048,0.25166,-0.12323,0.40872,0.42985,0.044051,0.12048,-0.10128,0.25166,0.29425,0.044051,0.12048,0.34582,0.34582,0.12048,0.18046,0.42985,0.40872,0.044051,0.25166,0.40872,0.071695,0.25166,0.075048,0.34582,0.12048,0.34582,0.25166,0.34582,0.34582,0.32357,0.34582,0.42985,0.40872,0.34582,0.34582,0.42985,0.29425,0.42985,0.071695,0.29425,0.25166,-0.12323,0.40872,0.42985,0.29425,0.34582,0.19428,-0.10128,0.42985,0.29425,0.34582,0.12048,0.34582,0.044051,0.40872,0.29321,0.28986,0.19428,0.32357,0.29425,0.044051,0.25166,0.075048,0.25166,0.29321,0.32357,-0.10128,0.075048,0.42985,0.29321,0.42985,0.18046,0.29425,0.29425,0.42985,0.28986,-0.10128,0.42985,-0.10128,0.29321,0.19428,0.29321,0.40872,0.071695,0.071695,-0.12323,0.29321,-0.12323,0.18046,0.25166,-0.10128,0.28986,0.40872,0.044051,0.25166,0.075048,0.32357,-0.12323,0.42985,0.28986,0.18046,-0.10128,0.40872,0.12048,0.29321,0.28986,0.42985,0.29425,0.34582,0.044051,-0.12323,0.42985,0.40872,0.42985,0.19428,-0.10128,0.34582,0.25166,0.25166,-0.10128,0.32357,0.19428,0.19428,0.25166,0.28986,0.18046,0.12048,0.18046,0.19428,0.42985,0.19428,0.18046,0.40872,-0.10128,0.34582,0.42985,0.40872,0.42985,0.32357,0.34582,0.42985,0.19428,0.075048,0.42985,0.29321,0.12048,0.071695,0.34582,0.34582,0.28986,0.40872,0.40872,0.42985,-0.12323,0.19428,0.40872,0.42985,0.25166,0.25166,0.18046,0.29321,0.42985,0.12048,0.34582,0.42985,0.40872,0.19428,0.071695,0.40872,0.29425,0.32357,0.34582,0.40872,0.34582,0.40872,-0.10128,0.42985,0.32357,0.32357,0.18046,0.28986,0.25166,0.071695,0.25166,0.34582,0.34582,0.18046,0.42985,0.29425,0.075048,0.34582,0.42985,0.42985,0.071695,0.42985,0.071695,0.42985,0.12048,0.40872
-0.10795,-0.27227,0.023566,-0.46489,-0.42127,-0.1059,-0.10795,0.10076,-0.27227,-0.24503,-0.1059,-0.10795,-0.34209,-0.34209,-0.10795,-0.22878,-0.42127,-0.46489,-0.1059,-0.27227,-0.46489,-0.056542,-0.27227,-0.16331,-0.34209,-0.10795,-0.34209,-0.27227,-0.34209,-0.34209,-0.40517,-0.34209,-0.42127,-0.46489,-0.34209,-0.34209,-0.42127,-0.24503,-0.42127,-0.056542,-0.24503,-0.27227,0.023566,-0.46489,-0.42127,-0.24503,-0.34209,-0.29874,0.10076,-0.42127,-0.24503,-0.34209,-0.10795,-0.34209,-0.1059,-0.46489,-0.35513,-0.40827,-0.29874,-0.40517,-0.24503,-0.1059,-0.27227,-0.16331,-0.27227,-0.35513,-0.40517,0.10076,-0.16331,-0.42127,-0.35513,-0.42127,-0.22878,-0.24503,-0.24503,-0.42127,-0.40827,0.10076,-0.42127,0.10076,-0.35513,-0.29874,-0.35513,-0.46489,-0.056542,-0.056542,0.023566,-0.35513,0.023566,-0.22878,-0.27227,0.10076,-0.40827,-0.46489,-0.1059,-0.27227,-0.16331,-0.40517,0.023566,-0.42127,-0.40827,-0.22878,0.10076,-0.46489,-0.10795,-0.35513,-0.40827,-0.42127,-0.24503,-0.34209,-0.1059,0.023566,-0.42127,-0.46489,-0.42127,-0.29874,0.10076,-0.34209,-0.27227,-0.27227,0.10076,-0.40517,-0.29874,-0.29874,-0.27227,-0.40827,-0.22878,-0.10795,-0.22878,-0.29874,-0.42127,-0.29874,-0.22878,-0.46489,0.10076,-0.34209,-0.42127,-0.46489,-0.42127,-0.40517,-0.34209,-0.42127,-0.29874,-0.16331,-0.42127,-0.35513,-0.10795,-0.056542,-0.34209,-0.34209,-0.40827,-0.46489,-0.46489,-0.42127,0.023566,-0.29874,-0.46489,-0.42127,-0.27227,-0.27227,-0.22878,-0.35513,-0.42127,-0.10795,-0.34209,-0.42127,-0.46489,-0.29874,-0.056542,-0.46489,-0.24503,-0.40517,-0.34209,-0.46489,-0.34209,-0.46489,0.10076,-0.42127,-0.40517,-0.40517,-0.22878,-0.40827,-0.27227,-0.056542,-0.27227,-0.34209,-0.34209,-0.22878,-0.42127,-0.24503,-0.16331,-0.34209,-0.42127,-0.42127,-0.056542,-0.42127,-0.056542,-0.42127,-0.10795,-0.46489
0.32571,-0.078186,0.48739,-0.081886,-0.16263,0.050167,0.32571,0.49142,-0.078186,-0.16015,0.050167,0.32571,0.22767,0.22767,0.32571,0.39302,-0.16263,-0.081886,0.050167,-0.078186,-0.081886,-0.028252,-0.078186,0.3248,0.22767,0.32571,0.22767,-0.078186,0.22767,0.22767,0.24033,0.22767,-0.16263,-0.081886,0.22767,0.22767,-0.16263,-0.16015,-0.16263,-0.028252,-0.16015,-0.078186,0.48739,-0.081886,-0.16263,-0.16015,0.22767,0.3859,0.49142,-0.16263,-0.16015,0.22767,0.32571,0.22767,0.050167,-0.081886,-0.065224,0.016645,0.3859,0.24033,-0.16015,0.050167,-0.078186,0.3248,-0.078186,-0.065224,0.24033,0.49142,0.3248,-0.16263,-0.065224,-0.16263,0.39302,-0.16015,-0.16015,-0.16263,0.016645,0.49142,-0.16263,0.49142,-0.065224,0.3859,-0.065224,-0.081886,-0.028252,-0.028252,0.48739,-0.065224,0.48739,0.39302,-0.078186,0.49142,0.016645,-0.081886,0.050167,-0.078186,0.3248,0.24033,0.48739,-0.16263,0.016645,0.39302,0.49142,-0.081886,0.32571,-0.065224,0.016645,-0.16263,-0.16015,0.22767,0.050167,0.48739,-0.16263,-0.081886,-0.16263,0.3859,0.49142,0.22767,-0.078186,-0.078186,0.49142,0.24033,0.3859,0.3859,-0.078186,0.016645,0.39302,0.32571,0.39302,0.3859,-0.16263,0.3859,0.39302,-0.081886,0.49142,0.22767,-0.16263,-0.081886,-0.16263,0.24033,0.22767,-0.16263,0.3859,0.3248,-0.16263,-0.065224,0.32571,-0.028252,0.22767,0.22767,0.016645,-0.081886,-0.081886,-0.16263,0.48739,0.3859,-0.081886,-0.16263,-0.078186,-0.078186,0.39302,-0.065224,-0.16263,0.32571,0.22767,-0.16263,-0.081886,0.3859,-0.028252,-0.081886,-0.16015,0.24033,0.22767,-0.081886,0.22767,-0.081886,0.49142,-0.16263,0.24033,0.24033,0.39302,0.016645,-0.078186,-0.028252,-0.078186,0.22767,0.22767,0.39302,-0.16263,-0.16015,0.3248,0.22767,-0.16263,-0.16263,-0.028252,-0.16263,-0.028252,-0.16263,0.32571,-0.081886
0.1233,0.2149,0.14964,0.13327,0.035192,0.13914,0.1233,0.014592,0.2149,0.13767,0.13914,0.1233,0.016238,0.016238,0.1233,-0.042386,0.035192,0.13327,0.13914,0.2149,0.13327,0.02372,0.2149,0.23844,0.016238,0.1233,0.016238,0.2149,0.016238,0.016238,0.19141,0.016238,0.035192,0.13327,0.016238,0.016238,0.035192,0.13767,0.035192,0.02372,0.13767,0.2149,0.14964,0.13327,0.035192,0.13767,0.016238,0.14572,0.014592,0.035192,0.13767,0.016238,0.1233,0.016238,0.13914,0.13327,-0.049424,0.081502,0.14572,0.19141,0.13767,0.13914,0.2149,0.23844,0.2149,-0.049424,0.19141,0.014592,0.23844,0.035192,-0.049424,0.035192,-0.042386,0.13767,0.13767,0.035192,0.081502,0.014592,0.035192,0.014592,-0.049424,0.14572,-0.049424,0.13327,0.02372,0.02372,0.14964,-0.049424,0.14964,-0.042386,0.2149,0.014592,0.081502,0.13327,0.13914,0.2149,0.23844,0.19141,0.14964,0.035192,0.081502,-0.042386,0.014592,0.13327,0.1233,-0.049424,0.081502,0.035192,0.13767,0.016238,0.13914,0.14964,0.035192,0.13327,0.035192,0.14572,0.014592,0.016238,0.2149,0.2149,0.014592,0.19141,0.14572,0.14572,0.2149,0.081502,-0.042386,0.1233,-0.042386,0.14572,0.035192,0.14572,-0.042386,0.13327,0.014592,0.016238,0.035192,0.13327,0.035192,0.19141,0.016238,0.035192,0.14572,0.23844,0.035192,-0.049424,0.1233,0.02372,0.016238,0.016238,0.081502,0.13327,0.13327,0.035192,0.14964,0.14572,0.13327,0.035192,0.2149,0.2149,-0.042386,-0.049424,0.035192,0.1233,0.016238,0.035192,0.13327,0.14572,0.02372,0.13327,0.13767,0.19141,0.016238,0.13327,0.016238,0.13327,0.014592,0.035192,0.19141,0.19141,-0.042386,0.081502,0.2149,0.02372,0.2149,0.016238,0.016238,-0.042386,0.035192,0.13767,0.23844,0.016238,0.035192,0.035192,0.02372,0.035192,0.02372,0.035192,0.1233,0.13327
-0.59769,-0.46859,-0.44843,-0.55221,-0.55214,-0.20045,-0.59769,-0.28154,-0.46859,-0.39641,-0.20045,-0.59769,-0.6752,-0.6752,-0.59769,-0.43714,-0.55214,-0.55221,-0.20045,-0.46859,-0.55221,-0.049912,-0.46859,-0.68257,-0.6752,-0.59769,-0.6752,-0.46859,-0.6752,-0.6752,-0.68121,-0.6752,-0.55214,-0.55221,-0.6752,-0.6752,-0.55214,-0.39641,-0.55214,-0.049912,-0.39641,-0.46859,-0.44843,-0.55221,-0.55214,-0.39641,-0.6752,-0.52672,-0.28154,-0.55214,-0.39641,-0.6752,-0.59769,-0.6752,-0.20045,-0.55221,-0.28634,-0.35882,-0.52672,-0.68121,-0.39641,-0.20045,-0.46859,-0.68257,-0.46859,-0.28634,-0.68121,-0.28154,-0.68257,-0.55214,-0.28634,-0.55214,-0.43714,-0.39641,-0.39641,-0.55214,-0.35882,-0.28154,-0.55214,-0.28154,-0.28634,-0.52672,-0.28634,-0.55221,-0.049912,-0.049912,-0.44843,-0.28634,-0.44843,-0.43714,-0.46859,-0.28154,-0.35882,-0.55221,-0.20045,-0.46859,-0.68257,-0.68121,-0.44843,-0.55214,-0.35882,-0.43714,-0.28154,-0.55221,-0.59769,-0.28634,-0.35882,-0.55214,-0.39641,-0.6752,-0.20045,-0.44843,-0.55214,-0.55221,-0.55214,-0.52672,-0.28154,-0.6752,-0.46859,-0.46859,-0.28154,-0.68121,-0.52672,-0.52672,-0.46859,-0.35882,-0.43714,-0.59769,-0.43714,-0.52672,-0.55214,-0.52672,-0.43714,-0.55221,-0.28154,-0.6752,-0.55214,-0.55221,-0.55214,-0.68121,-0.6752,-0.55214,-0.52672,-0.68257,-0.55214,-0.28634,-0.59769,-0.049912,-0.6752,-0.6752,-0.35882,-0.55221,-0.55221,-0.55214,-0.44843,-0.52672,-0.55221,-0.55214,-0.46859,-0.46859,-0.43714,-0.28634,-0.55214,-0.59769,-0.6752,-0.55214,-0.55221,-0.52672,-0.049912,-0.55221,-0.39641,-0.68121,-0.6752,-0.55221,-0.6752,-0.55221,-0.28154,-0.55214,-0.68121,-0.68121,-0.43714,-0.35882,-0.46859,-0.049912,-0.46859,-0.6752,-0.6752,-0.43714,-0.55214,-0.39641,-0.68257,-0.6752,-0.55214,-0.55214,-0.049912,-0.55214,-0.049912,-0.55214,-0.59769,-0.55221
-0.099072,-0.076894,-0.19854,-0.01709,0.018872,-0.15056,-0.099072,-0.12545,-0.076894,-0.019218,-0.15056,-0.099072,-0.058558,-0.058558,-0.099072,-0.092544,0.018872,-0.01709,-0.15056,-0.076894,-0.01709,-0.064739,-0.076894,-0.16158,-0.058558,-0.099072,-0.058558,-0.076894,-0.058558,-0.058558,-0.13696,-0.058558,0.018872,-0.01709,-0.058558,-0.058558,0.018872,-0.019218,0.018872,-0.064739,-0.019218,-0.076894,-0.19854,-0.01709,0.018872,-0.019218,-0.058558,-0.23153,-0.12545,0.018872,-0.019218,-0.058558,-0.099072,-0.058558,-0.15056,-0.01709,-0.012918,-0.11195,-0.23153,-0.13696,-0.019218,-0.15056,-0.076894,-0.16158,-0.076894,-0.012918,-0.13696,-0.12545,-0.16158,0.018872,-0.012918,0.018872,-0.092544,-0.019218,-0.019218,0.018872,-0.11195,-0.12545,0.018872,-0.12545,-0.012918,-0.23153,-0.012918,-0.01709,-0.064739,-0.064739,-0.19854,-0.012918,-0.19854,-0.092544,-0.076894,-0.12545,-0.11195,-0.01709,-0.15056,-0.076894,-0.16158,-0.13696,-0.19854,0.018872,-0.11195,-0.092544,-0.12545,-0.01709,-0.099072,-0.012918,-0.11195,0.018872,-0.019218,-0.058558,-0.15056,-0.19854,0.018872,-0.01709,0.018872,-0.23153,-0.12545,-0.058558,-0.076894,-0.076894,-0.12545,-0.13696,-0.23153,-0.23153,-0.076894,-0.11195,-0.092544,-0.099072,-0.092544,-0.23153,0.018872,-0.23153,-0.092544,-0.01709,-0.12545,-0.058558,0.018872,-0.01709,0.018872,-0.13696,-0.058558,0.018872,-0.23153,-0.16158,0.018872,-0.012918,-0.099072,-0.064739,-0.058558,-0.058558,-0.11195,-0.01709,-0.01709,0.018872,-0.19854,-0.23153,-0.01709,0.018872,-0.076894,-0.076894,-0.092544,-0.012918,0.018872,-0.099072,-0.058558,0.018872,-0.01709,-0.23153,-0.064739,-0.01709,-0.019218,-0.13696,-0.058558,-0.01709,-0.058558,-0.01709,-0.12545,0.018872,-0.13696,-0.13696,-0.092544,-0.11195,-0.076894,-0.064739,-0.076894,-0.058558,-0.058558,-0.092544,0.018872,-0.019218,-0.16158,-0.058558,0.018872,0.018872,-0.064739,0.018872,-0.064739,0.018872,-0.099072,-0.01709
0.14248,0.21643,0.085412,0.22801,0.17842,0.095268,0.14248,-0.020783,0.21643,0.12255,0.095268,0.14248,0.20167,0.20167,0.14248,0.034456,0.17842,0.22801,0.095268,0.21643,0.22801,-0.055723,0.21643,0.20016,0.20167,0.14248,0.20167,0.21643,0.20167,0.20167,0.19767,0.20167,0.17842,0.22801,0.20167,0.20167,0.17842,0.12255,0.17842,-0.055723,0.12255,0.21643,0.085412,0.22801,0.17842,0.12255,0.20167,0.083706,-0.020783,0.17842,0.12255,0.20167,0.14248,0.20167,0.095268,0.22801,0.033681,0.10271,0.083706,0.19767,0.12255,0.095268,0.21643,0.20016,0.21643,0.033681,0.19767,-0.020783,0.20016,0.17842,0.033681,0.17842,0.034456,0.12255,0.12255,0.17842,0.10271,-0.020783,0.17842,-0.020783,0.033681,0.083706,0.033681,0.22801,-0.055723,-0.055723,0.085412,0.033681,0.085412,0.034456,0.21643,-0.020783,0.10271,0.22801,0.095268,0.21643,0.20016,0.19767,0.085412,0.17842,0.10271,0.034456,-0.020783,0.22801,0.14248,0.033681,0.10271,0.17842,0.12255,0.20167,0.095268,0.085412,0.17842,0.22801,0.17842,0.083706,-0.020783,0.20167,0.21643,0.21643,-0.020783,0.19767,0.083706,0.083706,0.21643,0.10271,0.034456,0.14248,0.034456,0.083706,0.17842,0.083706,0.034456,0.22801,-0.020783,0.20167,0.17842,0.22801,0.17842,0.19767,0.20167,0.17842,0.083706,0.20016,0.17842,0.033681,0.14248,-0.055723,0.20167,0.20167,0.10271,0.22801,0.22801,0.17842,0.085412,0.083706,0.22801,0.17842,0.21643,0.21643,0.034456,0.033681,0.17842,0.14248,0.20167,0.17842,0.22801,0.083706,-0.055723,0.22801,0.12255,0.19767,0.20167,0.22801,0.20167,0.22801,-0.020783,0.17842,0.19767,0.19767,0.034456,0.10271,0.21643,-0.055723,0.21643,0.20167,0.20167,0.034456,0.17842,0.12255,0.20016,0.20167,0.17842,0.17842,-0.055723,0.17842,-0.055723,0.17842,0.14248,0.22801
-0.076088,0.036444,0.18573,-0.15416,-0.37573,0.13132,-0.076088,-0.016682,0.036444,-0.15926,0.13132,-0.076088,-0.29309,-0.29309,-0.076088,-0.25537,-0.37573,-0.15416,0.13132,0.036444,-0.15416,-0.088558,0.036444,0.10731,-0.29309,-0.076088,-0.29309,0.036444,-0.29309,-0.29309,-0.067237,-0.29309,-0.37573,-0.15416,-0.29309,-0.29309,-0.37573,-0.15926,-0.37573,-0.088558,-0.15926,0.036444,0.18573,-0.15416,-0.37573,-0.15926,-0.29309,-0.030112,-0.016682,-0.37573,-0.15926,-0.29309,-0.076088,-0.29309,0.13132,-0.15416,-0.34678,-0.12039,-0.030112,-0.067237,-0.15926,0.13132,0.036444,0.10731,0.036444,-0.34678,-0.067237,-0.016682,0.10731,-0.37573,-0.34678,-0.37573,-0.25537,-0.15926,-0.15926,-0.37573,-0.12039,-0.016682,-0.37573,-0.016682,-0.34678,-0.030112,-0.34678,-0.15416,-0.088558,-0.088558,0.18573,-0.34678,0.18573,-0.25537,0.036444,-0.016682,-0.12039,-0.15416,0.13132,0.036444,0.10731,-0.067237,0.18573,-0.37573,-0.12039,-0.25537,-0.016682,-0.15416,-0.076088,-0.34678,-0.12039,-0.37573,-0.15926,-0.29309,0.13132,0.18573,-0.37573,-0.15416,-0.37573,-0.030112,-0.016682,-0.29309,0.036444,0.036444,-0.016682,-0.067237,-0.030112,-0.030112,0.036444,-0.12039,-0.25537,-0.076088,-0.25537,-0.030112,-0.37573,-0.030112,-0.25537,-0.15416,-0.016682,-0.29309,-0.37573,-0.15416,-0.37573,-0.067237,-0.29309,-0.37573,-0.030112,0.10731,-0.37573,-0.34678,-0.076088,-0.088558,-0.29309,-0.29309,-0.12039,-0.15416,-0.15416,-0.37573,0.18573,-0.030112,-0.15416,-0.37573,0.036444,0.036444,-0.25537,-0.34678,-0.37573,-0.076088,-0.29309,-0.37573,-0.15416,-0.030112,-0.088558,-0.15416,-0.15926,-0.067237,-0.29309,-0.15416,-0.29309,-0.15416,-0.016682,-0.37573,-0.067237,-0.067237,-0.25537,-0.12039,0.036444,-0.088558,0.036444,-0.29309,-0.29309,-0.25537,-0.37573,-0.15926,0.10731,-0.29309,-0.37573,-0.37573,-0.088558,-0.37573,-0.088558,-0.37573,-0.076088,-0.15416
-0.50124,-0.46445,-0.45244,-0.63381,-0.5192,-0.30726,-0.50124,-0.27241,-0.46445,-0.27993,-0.30726,-0.50124,-0.67721,-0.67721,-0.50124,-0.55935,-0.5192,-0.63381,-0.30726,-0.46445,-0.63381,-0.065214,-0.46445,-0.63954,-0.67721,-0.50124,-0.67721,-0.46445,-0.67721,-0.67721,-0.74486,-0.67721,-0.5192,-0.63381,-0.67721,-0.67721,-0.5192,-0.27993,-0.5192,-0.065214,-0.27993,-0.46445,-0.45244,-0.63381,-0.5192,-0.27993,-0.67721,-0.65683,-0.27241,-0.5192,-0.27993,-0.67721,-0.50124,-0.67721,-0.30726,-0.63381,-0.39805,-0.55484,-0.65683,-0.74486,-0.27993,-0.30726,-0.46445,-0.63954,-0.46445,-0.39805,-0.74486,-0.27241,-0.63954,-0.5192,-0.39805,-0.5192,-0.55935,-0.27993,-0.27993,-0.5192,-0.55484,-0.27241,-0.5192,-0.27241,-0.39805,-0.65683,-0.39805,-0.63381,-0.065214,-0.065214,-0.45244,-0.39805,-0.45244,-0.55935,-0.46445,-0.27241,-0.55484,-0.63381,-0.30726,-0.46445,-0.63954,-0.74486,-0.45244,-0.5192,-0.55484,-0.55935,-0.27241,-0.63381,-0.50124,-0.39805,-0.55484,-0.5192,-0.27993,-0.67721,-0.30726,-0.45244,-0.5192,-0.63381,-0.5192,-0.65683,-0.27241,-0.67721,-0.46445,-0.46445,-0.27241,-0.74486,-0.65683,-0.65683,-0.46445,-0.55484,-0.55935,-0.50124,-0.55935,-0.65683,-0.5192,-0.65683,-0.55935,-0.63381,-0.27241,-0.67721,-0.5192,-0.63381,-0.5192,-0.74486,-0.67721,-0.5192,-0.65683,-0.63954,-0.5192,-0.39805,-0.50124,-0.065214,-0.67721,-0.67721,-0.55484,-0.63381,-0.63381,-0.5192,-0.45244,-0.65683,-0.63381,-0.5192,-0.46445,-0.46445,-0.55935,-0.39805,-0.5192,-0.50124,-0.67721,-0.5192,-0.63381,-0.65683,-0.065214,-0.63381,-0.27993,-0.74486,-0.67721,-0.63381,-0.67721,-0.63381,-0.27241,-0.5192,-0.74486,-0.74486,-0.55935,-0.55484,-0.46445,-0.065214,-0.46445,-0.67721,-0.67721,-0.55935,-0.5192,-0.27993,-0.63954,-0.67721,-0.5192,-0.5192,-0.065214,-0.5192,-0.065214,-0.5192,-0.50124,-0.63381
-0.31524,-0.61699,-0.38784,-0.6071,-0.37359,-0.46348,-0.31524,-0.043705,-0.61699,-0.32881,-0.46348,-0.31524,-0.36494,-0.36494,-0.31524,-0.12683,-0.37359,-0.6071,-0.46348,-0.61699,-0.6071,-0.077256,-0.61699,-0.5877,-0.36494,-0.31524,-0.36494,-0.61699,-0.36494,-0.36494,-0.62518,-0.36494,-0.37359,-0.6071,-0.36494,-0.36494,-0.37359,-0.32881,-0.37359,-0.077256,-0.32881,-0.61699,-0.38784,-0.6071,-0.37359,-0.32881,-0.36494,-0.48613,-0.043705,-0.37359,-0.32881,-0.36494,-0.31524,-0.36494,-0.46348,-0.6071,-0.15822,-0.5003,-0.48613,-0.62518,-0.32881,-0.46348,-0.61699,-0.5877,-0.61699,-0.15822,-0.62518,-0.043705,-0.5877,-0.37359,-0.15822,-0.37359,-0.12683,-0.32881,-0.32881,-0.37359,-0.5003,-0.043705,-0.37359,-0.043705,-0.15822,-0.48613,-0.15822,-0.6071,-0.077256,-0.077256,-0.38784,-0.15822,-0.38784,-0.12683,-0.61699,-0.043705,-0.5003,-0.6071,-0.46348,-0.61699,-0.5877,-0.62518,-0.38784,-0.37359,-0.5003,-0.12683,-0.043705,-0.6071,-0.31524,-0.15822,-0.5003,-0.37359,-0.32881,-0.36494,-0.46348,-0.38784,-0.37359,-0.6071,-0.37359,-0.48613,-0.043705,-0.36494,-0.61699,-0.61699,-0.043705,-0.62518,-0.48613,-0.48613,-0.61699,-0.5003,-0.12683,-0.31524,-0.12683,-0.48613,-0.37359,-0.48613,-0.12683,-0.6071,-0.043705,-0.36494,-0.37359,-0.6071,-0.37359,-0.62518,-0.36494,-0.37359,-0.48613,-0.5877,-0.37359,-0.15822,-0.31524,-0.077256,-0.36494,-0.36494,-0.5003,-0.6071,-0.6071,-0.37359,-0.38784,-0.48613,-0.6071,-0.37359,-0.61699,-0.61699,-0.12683,-0.15822,-0.37359,-0.31524,-0.36494,-0.37359,-0.6071,-0.48613,-0.077256,-0.6071,-0.32881,-0.62518,-0.36494,-0.6071,-0.36494,-0.6071,-0.043705,-0.37359,-0.62518,-0.62518,-0.12683,-0.5003,-0.61699,-0.077256,-0.61699,-0.36494,-0.36494,-0.12683,-0.37359,-0.32881,-0.5877,-0.36494,-0.37359,-0.37359,-0.077256,-0.37359,-0.077256,-0.37359,-0.31524,-0.6071
0.49325,0.51019,0.51084,0.57902,0.36456,0.3412,0.49325,0.34062,0.51019,0.29445,0.3412,0.49325,0.54946,0.54946,0.49325,0.39218,0.36456,0.57902,0.3412,0.51019,0.57902,0.089499,0.51019,0.62738,0.54946,0.49325,0.54946,0.51019,0.54946,0.54946,0.67482,0.54946,0.36456,0.57902,0.54946,0.54946,0.36456,0.29445,0.36456,0.089499,0.29445,0.51019,0.51084,0.57902,0.36456,0.29445,0.54946,0.53372,0.34062,0.36456,0.29445,0.54946,0.49325,0.54946,0.3412,0.57902,0.1829,0.41011,0.53372,0.67482,0.29445,0.3412,0.51019,0.62738,0.51019,0.1829,0.67482,0.34062,0.62738,0.36456,0.1829,0.36456,0.39218,0.29445,0.29445,0.36456,0.41011,0.34062,0.36456,0.34062,0.1829,0.53372,0.1829,0.57902,0.089499,0.089499,0.51084,0.1829,0.51084,0.39218,0.51019,0.34062,0.41011,0.57902,0.3412,0.51019,0.62738,0.67482,0.51084,0.36456,0.41011,0.39218,0.34062,0.57902,0.49325,0.1829,0.41011,0.36456,0.29445,0.54946,0.3412,0.51084,0.36456,0.57902,0.36456,0.53372,0.34062,0.54946,0.51019,0.51019,0.34062,0.67482,0.53372,0.53372,0.51019,0.41011,0.39218,0.49325,0.39218,0.53372,0.36456,0.53372,0.39218,0.57902,0.34062,0.54946,0.36456,0.57902,0.36456,0.67482,0.54946,0.36456,0.53372,0.62738,0.36456,0.1829,0.49325,0.089499,0.54946,0.54946,0.41011,0.57902,0.57902,0.36456,0.51084,0.53372,0.57902,0.36456,0.51019,0.51019,0.39218,0.1829,0.36456,0.49325,0.54946,0.36456,0.57902,0.53372,0.089499,0.57902,0.29445,0.67482,0.54946,0.57902,0.54946,0.57902,0.34062,0.36456,0.67482,0.67482,0.39218,0.41011,0.51019,0.089499,0.51019,0.54946,0.54946,0.39218,0.36456,0.29445,0.62738,0.54946,0.36456,0.36456,0.089499,0.36456,0.089499,0.36456,0.49325,0.57902
0.31451,0.43493,0.23385,0.52302,0.3822,0.24894,0.31451,0.10463,0.43493,0.27738,0.24894,0.31451,0.41398,0.41398,0.31451,0.22699,0.3822,0.52302,0.24894,0.43493,0.52302,0.052723,0.43493,0.40549,0.41398,0.31451,0.41398,0.43493,0.41398,0.41398,0.50297,0.41398,0.3822,0.52302,0.41398,0.41398,0.3822,0.27738,0.3822,0.052723,0.27738,0.43493,0.23385,0.52302,0.3822,0.27738,0.41398,0.35955,0.10463,0.3822,0.27738,0.41398,0.31451,0.41398,0.24894,0.52302,0.20828,0.38168,0.35955,0.50297,0.27738,0.24894,0.43493,0.40549,0.43493,0.20828,0.50297,0.10463,0.40549,0.3822,0.20828,0.3822,0.22699,0.27738,0.27738,0.3822,0.38168,0.10463,0.3822,0.10463,0.20828,0.35955,0.20828,0.52302,0.052723,0.052723,0.23385,0.20828,0.23385,0.22699,0.43493,0.10463,0.38168,0.52302,0.24894,0.43493,0.40549,0.50297,0.23385,0.3822,0.38168,0.22699,0.10463,0.52302,0.31451,0.20828,0.38168,0.3822,0.27738,0.41398,0.24894,0.23385,0.3822,0.52302,0.3822,0.35955,0.10463,0.41398,0.43493,0.43493,0.10463,0.50297,0.35955,0.35955,0.43493,0.38168,0.22699,0.31451,0.22699,0.35955,0.3822,0.35955,0.22699,0.52302,0.10463,0.41398,0.3822,0.52302,0.3822,0.50297,0.41398,0.3822,0.35955,0.40549,0.3822,0.20828,0.31451,0.052723,0.41398,0.41398,0.38168,0.52302,0.52302,0.3822,0.23385,0.35955,0.52302,0.3822,0.43493,0.43493,0.22699,0.20828,0.3822,0.31451,0.41398,0.3822,0.52302,0.35955,0.052723,0.52302,0.27738,0.50297,0.41398,0.52302,0.41398,0.52302,0.10463,0.3822,0.50297,0.50297,0.22699,0.38168,0.43493,0.052723,0.43493,0.41398,0.41398,0.22699,0.3822,0.27738,0.40549,0.41398,0.3822,0.3822,0.052723,0.3822,0.052723,0.3822,0.31451,0.52302
0.36646,0.46752,-0.020249,0.79743,0.86652,0.095572,0.36646,-0.044387,0.46752,0.49036,0.095572,0.36646,0.81078,0.81078,0.36646,0.50095,0.86652,0.79743,0.095572,0.46752,0.79743,0.068494,0.46752,0.32891,0.81078,0.36646,0.81078,0.46752,0.81078,0.81078,0.70002,0.81078,0.86652,0.79743,0.81078,0.81078,0.86652,0.49036,0.86652,0.068494,0.49036,0.46752,-0.020249,0.79743,0.86652,0.49036,0.81078,0.44098,-0.044387,0.86652,0.49036,0.81078,0.36646,0.81078,0.095572,0.79743,0.60883,0.57168,0.44098,0.70002,0.49036,0.095572,0.46752,0.32891,0.46752,0.60883,0.70002,-0.044387,0.32891,0.86652,0.60883,0.86652,0.50095,0.49036,0.49036,0.86652,0.57168,-0.044387,0.86652,-0.044387,0.60883,0.44098,0.60883,0.79743,0.068494,0.068494,-0.020249,0.60883,-0.020249,0.50095,0.46752,-0.044387,0.57168,0.79743,0.095572,0.46752,0.32891,0.70002,-0.020249,0.86652,0.57168,0.50095,-0.044387,0.79743,0.36646,0.60883,0.57168,0.86652,0.49036,0.81078,0.095572,-0.020249,0.86652,0.79743,0.86652,0.44098,-0.044387,0.81078,0.46752,0.46752,-0.044387,0.70002,0.44098,0.44098,0.46752,0.57168,0.50095,0.36646,0.50095,0.44098,0.86652,0.44098,0.50095,0.79743,-0.044387,0.81078,0.86652,0.79743,0.86652,0.70002,0.81078,0.86652,0.44098,0.32891,0.86652,0.60883,0.36646,0.068494,0.81078,0.81078,0.57168,0.79743,0.79743,0.86652,-0.020249,0.44098,0.79743,0.86652,0.46752,0.46752,0.50095,0.60883,0.86652,0.36646,0.81078,0.86652,0.79743,0.44098,0.068494,0.79743,0.49036,0.70002,0.81078,0.79743,0.81078,0.79743,-0.044387,0.86652,0.70002,0.70002,0.50095,0.57168,0.46752,0.068494,0.46752,0.81078,0.81078,0.50095,0.86652,0.49036,0.32891,0.81078,0.86652,0.86652,0.068494,0.86652,0.068494,0.86652,0.36646,0.79743
0.39365,0.60543,0.50815,0.69553,0.47933,0.47947,0.39365,0.19864,0.60543,0.28696,0.47947,0.39365,0.53109,0.53109,0.39365,0.36696,0.47933,0.69553,0.47947,0.60543,0.69553,0.082452,0.60543,0.67769,0.53109,0.39365,0.53109,0.60543,0.53109,0.53109,0.75356,0.53109,0.47933,0.69553,0.53109,0.53109,0.47933,0.28696,0.47933,0.082452,0.28696,0.60543,0.50815,0.69553,0.47933,0.28696,0.53109,0.65196,0.19864,0.47933,0.28696,0.53109,0.39365,0.53109,0.47947,0.69553,0.29363,0.59656,0.65196,0.75356,0.28696,0.47947,0.60543,0.67769,0.60543,0.29363,0.75356,0.19864,0.67769,0.47933,0.29363,0.47933,0.36696,0.28696,0.28696,0.47933,0.59656,0.19864,0.47933,0.19864,0.29363,0.65196,0.29363,0.69553,0.082452,0.082452,0.50815,0.29363,0.50815,0.36696,0.60543,0.19864,0.59656,0.69553,0.47947,0.60543,0.67769,0.75356,0.50815,0.47933,0.59656,0.36696,0.19864,0.69553,0.39365,0.29363,0.59656,0.47933,0.28696,0.53109,0.47947,0.50815,0.47933,0.69553,0.47933,0.65196,0.19864,0.53109,0.60543,0.60543,0.19864,0.75356,0.65196,0.65196,0.60543,0.59656,0.36696,0.39365,0.36696,0.65196,0.47933,0.65196,0.36696,0.69553,0.19864,0.53109,0.47933,0.69553,0.47933,0.75356,0.53109,0.47933,0.65196,0.67769,0.47933,0.29363,0.39365,0.082452,0.53109,0.53109,0.59656,0.69553,0.69553,0.47933,0.50815,0.65196,0.69553,0.47933,0.60543,0.60543,0.36696,0.29363,0.47933,0.39365,0.53109,0.47933,0.69553,0.65196,0.082452,0.69553,0.28696,0.75356,0.53109,0.69553,0.53109,0.69553,0.19864,0.47933,0.75356,0.75356,0.36696,0.59656,0.60543,0.082452,0.60543,0.53109,0.53109,0.36696,0.47933,0.28696,0.67769,0.53109,0.47933,0.47933,0.082452,0.47933,0.082452,0.47933,0.39365,0.69553
0.31707,0.56853,0.080876,0.57786,0.46789,0.26282,0.31707,-0.056228,0.56853,0.45227,0.26282,0.31707,0.43189,0.43189,0.31707,0.098064,0.46789,0.57786,0.26282,0.56853,0.57786,0.088817,0.56853,0.41672,0.43189,0.31707,0.43189,0.56853,0.43189,0.43189,0.51651,0.43189,0.46789,0.57786,0.43189,0.43189,0.46789,0.45227,0.46789,0.088817,0.45227,0.56853,0.080876,0.57786,0.46789,0.45227,0.43189,0.20768,-0.056228,0.46789,0.45227,0.43189,0.31707,0.43189,0.26282,0.57786,0.19949,0.32035,0.20768,0.51651,0.45227,0.26282,0.56853,0.41672,0.56853,0.19949,0.51651,-0.056228,0.41672,0.46789,0.19949,0.46789,0.098064,0.45227,0.45227,0.46789,0.32035,-0.056228,0.46789,-0.056228,0.19949,0.20768,0.19949,0.57786,0.088817,0.088817,0.080876,0.19949,0.080876,0.098064,0.56853,-0.056228,0.32035,0.57786,0.26282,0.56853,0.41672,0.51651,0.080876,0.46789,0.32035,0.098064,-0.056228,0.57786,0.31707,0.19949,0.32035,0.46789,0.45227,0.43189,0.26282,0.080876,0.46789,0.57786,0.46789,0.20768,-0.056228,0.43189,0.56853,0.56853,-0.056228,0.51651,0.20768,0.20768,0.56853,0.32035,0.098064,0.31707,0.098064,0.20768,0.46789,0.20768,0.098064,0.57786,-0.056228,0.43189,0.46789,0.57786,0.46789,0.51651,0.43189,0.46789,0.20768,0.41672,0.46789,0.19949,0.31707,0.088817,0.43189,0.43189,0.32035,0.57786,0.57786,0.46789,0.080876,0.20768,0.57786,0.46789,0.56853,0.56853,0.098064,0.19949,0.46789,0.31707,0.43189,0.46789,0.57786,0.20768,0.088817,0.57786,0.45227,0.51651,0.43189,0.57786,0.43189,0.57786,-0.056228,0.46789,0.51651,0.51651,0.098064,0.32035,0.56853,0.088817,0.56853,0.43189,0.43189,0.098064,0.46789,0.45227,0.41672,0.43189,0.46789,0.46789,0.088817,0.46789,0.088817,0.46789,0.31707,0.57786
0.049193,0.095452,0.054669,0.13892,0.14183,0.081817,0.049193,0.064427,0.095452,0.045958,0.081817,0.049193,0.1372,0.1372,0.049193,0.11232,0.14183,0.13892,0.081817,0.095452,0.13892,0.040729,0.095452,0.067485,0.1372,0.049193,0.1372,0.095452,0.1372,0.1372,0.091157,0.1372,0.14183,0.13892,0.1372,0.1372,0.14183,0.045958,0.14183,0.040729,0.045958,0.095452,0.054669,0.13892,0.14183,0.045958,0.1372,0.077071,0.064427,0.14183,0.045958,0.1372,0.049193,0.1372,0.081817,0.13892,0.10784,0.093703,0.077071,0.091157,0.045958,0.081817,0.095452,0.067485,0.095452,0.10784,0.091157,0.064427,0.067485,0.14183,0.10784,0.14183,0.11232,0.045958,0.045958,0.14183,0.093703,0.064427,0.14183,0.064427,0.10784,0.077071,0.10784,0.13892,0.040729,0.040729,0.054669,0.10784,0.054669,0.11232,0.095452,0.064427,0.093703,0.13892,0.081817,0.095452,0.067485,0.091157,0.054669,0.14183,0.093703,0.11232,0.064427,0.13892,0.049193,0.10784,0.093703,0.14183,0.045958,0.1372,0.081817,0.054669,0.14183,0.13892,0.14183,0.077071,0.064427,0.1372,0.095452,0.095452,0.064427,0.091157,0.077071,0.077071,0.095452,0.093703,0.11232,0.049193,0.11232,0.077071,0.14183,0.077071,0.11232,0.13892,0.064427,0.1372,0.14183,0.13892,0.14183,0.091157,0.1372,0.14183,0.077071,0.067485,0.14183,0.10784,0.049193,0.040729,0.1372,0.1372,0.093703,0.13892,0.13892,0.14183,0.054669,0.077071,0.13892,0.14183,0.095452,0.095452,0.11232,0.10784,0.14183,0.049193,0.1372,0.14183,0.13892,0.077071,0.040729,0.13892,0.045958,0.091157,0.1372,0.13892,0.1372,0.13892,0.064427,0.14183,0.091157,0.091157,0.11232,0.093703,0.095452,0.040729,0.095452,0.1372,0.1372,0.11232,0.14183,0.045958,0.067485,0.1372,0.14183,0.14183,0.040729,0.14183,0.040729,0.14183,0.049193,0.13892
-0.052058,0.12231,-0.088371,0.13628,0.10077,0.037523,-0.052058,-0.18194,0.12231,0.078442,0.037523,-0.052058,0.017673,0.017673,-0.052058,-0.077265,0.10077,0.13628,0.037523,0.12231,0.13628,-0.051982,0.12231,0.00212,0.017673,-0.052058,0.017673,0.12231,0.017673,0.017673,0.056678,0.017673,0.10077,0.13628,0.017673,0.017673,0.10077,0.078442,0.10077,-0.051982,0.078442,0.12231,-0.088371,0.13628,0.10077,0.078442,0.017673,0.0090783,-0.18194,0.10077,0.078442,0.017673,-0.052058,0.017673,0.037523,0.13628,0.033581,0.08223,0.0090783,0.056678,0.078442,0.037523,0.12231,0.00212,0.12231,0.033581,0.056678,-0.18194,0.00212,0.10077,0.033581,0.10077,-0.077265,0.078442,0.078442,0.10077,0.08223,-0.18194,0.10077,-0.18194,0.033581,0.0090783,0.033581,0.13628,-0.051982,-0.051982,-0.088371,0.033581,-0.088371,-0.077265,0.12231,-0.18194,0.08223,0.13628,0.037523,0.12231,0.00212,0.056678,-0.088371,0.10077,0.08223,-0.077265,-0.18194,0.13628,-0.052058,0.033581,0.08223,0.10077,0.078442,0.017673,0.037523,-0.088371,0.10077,0.13628,0.10077,0.0090783,-0.18194,0.017673,0.12231,0.12231,-0.18194,0.056678,0.0090783,0.0090783,0.12231,0.08223,-0.077265,-0.052058,-0.077265,0.0090783,0.10077,0.0090783,-0.077265,0.13628,-0.18194,0.017673,0.10077,0.13628,0.10077,0.056678,0.017673,0.10077,0.0090783,0.00212,0.10077,0.033581,-0.052058,-0.051982,0.017673,0.017673,0.08223,0.13628,0.13628,0.10077,-0.088371,0.0090783,0.13628,0.10077,0.12231,0.12231,-0.077265,0.033581,0.10077,-0.052058,0.017673,0.10077,0.13628,0.0090783,-0.051982,0.13628,0.078442,0.056678,0.017673,0.13628,0.017673,0.13628,-0.18194,0.10077,0.056678,0.056678,-0.077265,0.08223,0.12231,-0.051982,0.12231,0.017673,0.017673,-0.077265,0.10077,0.078442,0.00212,0.017673,0.10077,0.10077,-0.051982,0.10077,-0.051982,0.10077,-0.052058,0.13628
-0.32522,-0.10536,-0.51137,0.095242,0.29369,-0.14465,-0.32522,-0.37476,-0.10536,0.069608,-0.14465,-0.32522,0.039125,0.039125,-0.32522,0.032326,0.29369,0.095242,-0.14465,-0.10536,0.095242,0.052743,-0.10536,-0.43181,0.039125,-0.32522,0.039125,-0.10536,0.039125,0.039125,-0.13438,0.039125,0.29369,0.095242,0.039125,0.039125,0.29369,0.069608,0.29369,0.052743,0.069608,-0.10536,-0.51137,0.095242,0.29369,0.069608,0.039125,-0.14551,-0.37476,0.29369,0.069608,0.039125,-0.32522,0.039125,-0.14465,0.095242,0.40155,0.16122,-0.14551,-0.13438,0.069608,-0.14465,-0.10536,-0.43181,-0.10536,0.40155,-0.13438,-0.37476,-0.43181,0.29369,0.40155,0.29369,0.032326,0.069608,0.069608,0.29369,0.16122,-0.37476,0.29369,-0.37476,0.40155,-0.14551,0.40155,0.095242,0.052743,0.052743,-0.51137,0.40155,-0.51137,0.032326,-0.10536,-0.37476,0.16122,0.095242,-0.14465,-0.10536,-0.43181,-0.13438,-0.51137,0.29369,0.16122,0.032326,-0.37476,0.095242,-0.32522,0.40155,0.16122,0.29369,0.069608,0.039125,-0.14465,-0.51137,0.29369,0.095242,0.29369,-0.14551,-0.37476,0.039125,-0.10536,-0.10536,-0.37476,-0.13438,-0.14551,-0.14551,-0.10536,0.16122,0.032326,-0.32522,0.032326,-0.14551,0.29369,-0.14551,0.032326,0.095242,-0.37476,0.039125,0.29369,0.095242,0.29369,-0.13438,0.039125,0.29369,-0.14551,-0.43181,0.29369,0.40155,-0.32522,0.052743,0.039125,0.039125,0.16122,0.095242,0.095242,0.29369,-0.51137,-0.14551,0.095242,0.29369,-0.10536,-0.10536,0.032326,0.40155,0.29369,-0.32522,0.039125,0.29369,0.095242,-0.14551,0.052743,0.095242,0.069608,-0.13438,0.039125,0.095242,0.039125,0.095242,-0.37476,0.29369,-0.13438,-0.13438,0.032326,0.16122,-0.10536,0.052743,-0.10536,0.039125,0.039125,0.032326,0.29369,0.069608,-0.43181,0.039125,0.29369,0.29369,0.052743,0.29369,0.052743,0.29369,-0.32522,0.095242
0.18853,0.2201,-0.20518,0.41642,0.49816,-0.098588,0.18853,-0.096717,0.2201,0.364,-0.098588,0.18853,0.41266,0.41266,0.18853,0.20338,0.49816,0.41642,-0.098588,0.2201,0.41642,0.057745,0.2201,0.053713,0.41266,0.18853,0.41266,0.2201,0.41266,0.41266,0.30902,0.41266,0.49816,0.41642,0.41266,0.41266,0.49816,0.364,0.49816,0.057745,0.364,0.2201,-0.20518,0.41642,0.49816,0.364,0.41266,0.095924,-0.096717,0.49816,0.364,0.41266,0.18853,0.41266,-0.098588,0.41642,0.31256,0.20247,0.095924,0.30902,0.364,-0.098588,0.2201,0.053713,0.2201,0.31256,0.30902,-0.096717,0.053713,0.49816,0.31256,0.49816,0.20338,0.364,0.364,0.49816,0.20247,-0.096717,0.49816,-0.096717,0.31256,0.095924,0.31256,0.41642,0.057745,0.057745,-0.20518,0.31256,-0.20518,0.20338,0.2201,-0.096717,0.20247,0.41642,-0.098588,0.2201,0.053713,0.30902,-0.20518,0.49816,0.20247,0.20338,-0.096717,0.41642,0.18853,0.31256,0.20247,0.49816,0.364,0.41266,-0.098588,-0.20518,0.49816,0.41642,0.49816,0.095924,-0.096717,0.41266,0.2201,0.2201,-0.096717,0.30902,0.095924,0.095924,0.2201,0.20247,0.20338,0.18853,0.20338,0.095924,0.49816,0.095924,0.20338,0.41642,-0.096717,0.41266,0.49816,0.41642,0.49816,0.30902,0.41266,0.49816,0.095924,0.053713,0.49816,0.31256,0.18853,0.057745,0.41266,0.41266,0.20247,0.41642,0.41642,0.49816,-0.20518,0.095924,0.41642,0.49816,0.2201,0.2201,0.20338,0.31256,0.49816,0.18853,0.41266,0.49816,0.41642,0.095924,0.057745,0.41642,0.364,0.30902,0.41266,0.41642,0.41266,0.41642,-0.096717,0.49816,0.30902,0.30902,0.20338,0.20247,0.2201,0.057745,0.2201,0.41266,0.41266,0.20338,0.49816,0.364,0.053713,0.41266,0.49816,0.49816,0.057745,0.49816,0.057745,0.49816,0.18853,0.41642
0.1517,0.22075,0.35858,0.35053,0.21389,0.26114,0.1517,0.1995,0.22075,0.0090431,0.26114,0.1517,0.27351,0.27351,0.1517,0.29303,0.21389,0.35053,0.26114,0.22075,0.35053,0.034447,0.22075,0.32456,0.27351,0.1517,0.27351,0.22075,0.27351,0.27351,0.37979,0.27351,0.21389,0.35053,0.27351,0.27351,0.21389,0.0090431,0.21389,0.034447,0.0090431,0.22075,0.35858,0.35053,0.21389,0.0090431,0.27351,0.40835,0.1995,0.21389,0.0090431,0.27351,0.1517,0.27351,0.26114,0.35053,0.21343,0.36606,0.40835,0.37979,0.0090431,0.26114,0.22075,0.32456,0.22075,0.21343,0.37979,0.1995,0.32456,0.21389,0.21343,0.21389,0.29303,0.0090431,0.0090432,0.21389,0.36606,0.1995,0.21389,0.1995,0.21343,0.40835,0.21343,0.35053,0.034447,0.034447,0.35858,0.21343,0.35858,0.29303,0.22075,0.1995,0.36606,0.35053,0.26114,0.22075,0.32456,0.37979,0.35858,0.21389,0.36606,0.29303,0.1995,0.35053,0.1517,0.21343,0.36606,0.21389,0.0090431,0.27351,0.26114,0.35858,0.21389,0.35053,0.21389,0.40835,0.1995,0.27351,0.22075,0.22075,0.1995,0.37979,0.40835,0.40835,0.22075,0.36606,0.29303,0.1517,0.29303,0.40835,0.21389,0.40835,0.29303,0.35053,0.1995,0.27351,0.21389,0.35053,0.21389,0.37979,0.27351,0.21389,0.40835,0.32456,0.21389,0.21343,0.1517,0.034447,0.27351,0.27351,0.36606,0.35053,0.35053,0.21389,0.35858,0.40835,0.35053,0.21389,0.22075,0.22075,0.29303,0.21343,0.21389,0.1517,0.27351,0.21389,0.35053,0.40835,0.034447,0.35053,0.0090431,0.37979,0.27351,0.35053,0.27351,0.35053,0.1995,0.21389,0.37979,0.37979,0.29303,0.36606,0.22075,0.034447,0.22075,0.27351,0.27351,0.29303,0.21389,0.0090431,0.32456,0.27351,0.21389,0.21389,0.034447,0.21389,0.034447,0.21389,0.1517,0.35053
0.41586,0.32569,0.14561,0.73774,0.77645,0.061593,0.41586,0.14206,0.32569,0.3157,0.061593,0.41586,0.90548,0.90548,0.41586,0.75544,0.77645,0.73774,0.061593,0.32569,0.73774,0.028107,0.32569,0.38609,0.90548,0.41586,0.90548,0.32569,0.90548,0.90548,0.77408,0.90548,0.77645,0.73774,0.90548,0.90548,0.77645,0.3157,0.77645,0.028107,0.3157,0.32569,0.14561,0.73774,0.77645,0.3157,0.90548,0.63634,0.14206,0.77645,0.3157,0.90548,0.41586,0.90548,0.061593,0.73774,0.67086,0.6156,0.63634,0.77408,0.3157,0.061593,0.32569,0.38609,0.32569,0.67086,0.77408,0.14206,0.38609,0.77645,0.67086,0.77645,0.75544,0.3157,0.3157,0.77645,0.6156,0.14206,0.77645,0.14206,0.67086,0.63634,0.67086,0.73774,0.028107,0.028107,0.14561,0.67086,0.14561,0.75544,0.32569,0.14206,0.6156,0.73774,0.061593,0.32569,0.38609,0.77408,0.14561,0.77645,0.6156,0.75544,0.14206,0.73774,0.41586,0.67086,0.6156,0.77645,0.3157,0.90548,0.061593,0.14561,0.77645,0.73774,0.77645,0.63634,0.14206,0.90548,0.32569,0.32569,0.14206,0.77408,0.63634,0.63634,0.32569,0.6156,0.75544,0.41586,0.75544,0.63634,0.77645,0.63634,0.75544,0.73774,0.14206,0.90548,0.77645,0.73774,0.77645,0.77408,0.90548,0.77645,0.63634,0.38609,0.77645,0.67086,0.41586,0.028107,0.90548,0.90548,0.6156,0.73774,0.73774,0.77645,0.14561,0.63634,0.73774,0.77645,0.32569,0.32569,0.75544,0.67086,0.77645,0.41586,0.90548,0.77645,0.73774,0.63634,0.028107,0.73774,0.3157,0.77408,0.90548,0.73774,0.90548,0.73774,0.14206,0.77645,0.77408,0.77408,0.75544,0.6156,0.32569,0.028107,0.32569,0.90548,0.90548,0.75544,0.77645,0.3157,0.38609,0.90548,0.77645,0.77645,0.028107,0.77645,0.028107,0.77645,0.41586,0.73774
-0.21714,-0.28392,-0.24242,-0.49669,-0.33371,-0.18819,-0.21714,-0.12034,-0.28392,-0.17473,-0.18819,-0.21714,-0.37542,-0.37542,-0.21714,-0.3061,-0.33371,-0.49669,-0.18819,-0.28392,-0.49669,-0.078977,-0.28392,-0.30702,-0.37542,-0.21714,-0.37542,-0.28392,-0.37542,-0.37542,-0.51293,-0.37542,-0.33371,-0.49669,-0.37542,-0.37542,-0.33371,-0.17473,-0.33371,-0.078977,-0.17473,-0.28392,-0.24242,-0.49669,-0.33371,-0.17473,-0.37542,-0.44059,-0.12034,-0.33371,-0.17473,-0.37542,-0.21714,-0.37542,-0.18819,-0.49669,-0.28507,-0.4501,-0.44059,-0.51293,-0.17473,-0.18819,-0.28392,-0.30702,-0.28392,-0.28507,-0.51293,-0.12034,-0.30702,-0.33371,-0.28507,-0.33371,-0.3061,-0.17473,-0.17473,-0.33371,-0.4501,-0.12034,-0.33371,-0.12034,-0.28507,-0.44059,-0.28507,-0.49669,-0.078977,-0.078977,-0.24242,-0.28507,-0.24242,-0.3061,-0.28392,-0.12034,-0.4501,-0.49669,-0.18819,-0.28392,-0.30702,-0.51293,-0.24242,-0.33371,-0.4501,-0.3061,-0.12034,-0.49669,-0.21714,-0.28507,-0.4501,-0.33371,-0.17473,-0.37542,-0.18819,-0.24242,-0.33371,-0.49669,-0.33371,-0.44059,-0.12034,-0.37542,-0.28392,-0.28392,-0.12034,-0.51293,-0.44059,-0.44059,-0.28392,-0.4501,-0.3061,-0.21714,-0.3061,-0.44059,-0.33371,-0.44059,-0.3061,-0.49669,-0.12034,-0.37542,-0.33371,-0.49669,-0.33371,-0.51293,-0.37542,-0.33371,-0.44059,-0.30702,-0.33371,-0.28507,-0.21714,-0.078977,-0.37542,-0.37542,-0.4501,-0.49669,-0.49669,-0.33371,-0.24242,-0.44059,-0.49669,-0.33371,-0.28392,-0.28392,-0.3061,-0.28507,-0.33371,-0.21714,-0.37542,-0.33371,-0.49669,-0.44059,-0.078977,-0.49669,-0.17473,-0.51293,-0.37542,-0.49669,-0.37542,-0.49669,-0.12034,-0.33371,-0.51293,-0.51293,-0.3061,-0.4501,-0.28392,-0.078977,-0.28392,-0.37542,-0.37542,-0.3061,-0.33371,-0.17473,-0.30702,-0.37542,-0.33371,-0.33371,-0.078977,-0.33371,-0.078977,-0.33371,-0.21714,-0.49669
0.10429,0.29619,-0.063034,0.31517,0.3096,0.12329,0.10429,-0.12238,0.29619,0.27745,0.12329,0.10429,0.21688,0.21688,0.10429,0.036291,0.3096,0.31517,0.12329,0.29619,0.31517,0.058105,0.29619,0.12681,0.21688,0.10429,0.21688,0.29619,0.21688,0.21688,0.23319,0.21688,0.3096,0.31517,0.21688,0.21688,0.3096,0.27745,0.3096,0.058105,0.27745,0.29619,-0.063034,0.31517,0.3096,0.27745,0.21688,0.10522,-0.12238,0.3096,0.27745,0.21688,0.10429,0.21688,0.12329,0.31517,0.16117,0.21365,0.10522,0.23319,0.27745,0.12329,0.29619,0.12681,0.29619,0.16117,0.23319,-0.12238,0.12681,0.3096,0.16117,0.3096,0.036291,0.27745,0.27745,0.3096,0.21365,-0.12238,0.3096,-0.12238,0.16117,0.10522,0.16117,0.31517,0.058105,0.058105,-0.063034,0.16117,-0.063034,0.036291,0.29619,-0.12238,0.21365,0.31517,0.12329,0.29619,0.12681,0.23319,-0.063034,0.3096,0.21365,0.036291,-0.12238,0.31517,0.10429,0.16117,0.21365,0.3096,0.27745,0.21688,0.12329,-0.063034,0.3096,0.31517,0.3096,0.10522,-0.12238,0.21688,0.29619,0.29619,-0.12238,0.23319,0.10522,0.10522,0.29619,0.21365,0.036291,0.10429,0.036291,0.10522,0.3096,0.10522,0.036291,0.31517,-0.12238,0.21688,0.3096,0.31517,0.3096,0.23319,0.21688,0.3096,0.10522,0.12681,0.3096,0.16117,0.10429,0.058105,0.21688,0.21688,0.21365,0.31517,0.31517,0.3096,-0.063034,0.10522,0.31517,0.3096,0.29619,0.29619,0.036291,0.16117,0.3096,0.10429,0.21688,0.3096,0.31517,0.10522,0.058105,0.31517,0.27745,0.23319,0.21688,0.31517,0.21688,0.31517,-0.12238,0.3096,0.23319,0.23319,0.036291,0.21365,0.29619,0.058105,0.29619,0.21688,0.21688,0.036291,0.3096,0.27745,0.12681,0.21688,0.3096,0.3096,0.058105,0.3096,0.058105,0.3096,0.10429,0.31517
0.25495,0.34003,0.19278,0.34382,0.30084,0.20194,0.25495,0.087199,0.34003,0.25094,0.20194,0.25495,0.32529,0.32529,0.25495,0.18456,0.30084,0.34382,0.20194,0.34003,0.34382,0.080164,0.34003,0.35632,0.32529,0.25495,0.32529,0.34003,0.32529,0.32529,0.39462,0.32529,0.30084,0.34382,0.32529,0.32529,0.30084,0.25094,0.30084,0.080164,0.25094,0.34003,0.19278,0.34382,0.30084,0.25094,0.32529,0.27917,0.087199,0.30084,0.25094,0.32529,0.25495,0.32529,0.20194,0.34382,0.17869,0.24516,0.27917,0.39462,0.25094,0.20194,0.34003,0.35632,0.34003,0.17869,0.39462,0.087199,0.35632,0.30084,0.17869,0.30084,0.18456,0.25094,0.25094,0.30084,0.24516,0.087199,0.30084,0.087199,0.17869,0.27917,0.17869,0.34382,0.080164,0.080164,0.19278,0.17869,0.19278,0.18456,0.34003,0.087199,0.24516,0.34382,0.20194,0.34003,0.35632,0.39462,0.19278,0.30084,0.24516,0.18456,0.087199,0.34382,0.25495,0.17869,0.24516,0.30084,0.25094,0.32529,0.20194,0.19278,0.30084,0.34382,0.30084,0.27917,0.087199,0.32529,0.34003,0.34003,0.087199,0.39462,0.27917,0.27917,0.34003,0.24516,0.18456,0.25495,0.18456,0.27917,0.30084,0.27917,0.18456,0.34382,0.087199,0.32529,0.30084,0.34382,0.30084,0.39462,0.32529,0.30084,0.27917,0.35632,0.30084,0.17869,0.25495,0.080164,0.32529,0.32529,0.24516,0.34382,0.34382,0.30084,0.19278,0.27917,0.34382,0.30084,0.34003,0.34003,0.18456,0.17869,0.30084,0.25495,0.32529,0.30084,0.34382,0.27917,0.080164,0.34382,0.25094,0.39462,0.32529,0.34382,0.32529,0.34382,0.087199,0.30084,0.39462,0.39462,0.18456,0.24516,0.34003,0.080164,0.34003,0.32529,0.32529,0.18456,0.30084,0.25094,0.35632,0.32529,0.30084,0.30084,0.080164,0.30084,0.080164,0.30084,0.25495,0.34382
0.079724,0.15087,0.0079574,0.036861,0.057518,0.040107,0.079724,-0.090674,0.15087,0.17843,0.040107,0.079724,-0.036668,-0.036668,0.079724,-0.12206,0.057518,0.036861,0.040107,0.15087,0.036861,0.0085732,0.15087,0.11765,-0.036668,0.079724,-0.036668,0.15087,-0.036668,-0.036668,0.036584,-0.036668,0.057518,0.036861,-0.036668,-0.036668,0.057518,0.17843,0.057518,0.0085732,0.17843,0.15087,0.0079574,0.036861,0.057518,0.17843,-0.036668,0.013668,-0.090674,0.057518,0.17843,-0.036668,0.079724,-0.036668,0.040107,0.036861,-0.035676,-0.0030368,0.013668,0.036584,0.17843,0.040107,0.15087,0.11765,0.15087,-0.035676,0.036584,-0.090674,0.11765,0.057518,-0.035676,0.057518,-0.12206,0.17843,0.17843,0.057518,-0.0030368,-0.090674,0.057518,-0.090674,-0.035676,0.013668,-0.035676,0.036861,0.0085732,0.0085732,0.0079574,-0.035676,0.0079574,-0.12206,0.15087,-0.090674,-0.0030368,0.036861,0.040107,0.15087,0.11765,0.036584,0.0079574,0.057518,-0.0030368,-0.12206,-0.090674,0.036861,0.079724,-0.035676,-0.0030368,0.057518,0.17843,-0.036668,0.040107,0.0079574,0.057518,0.036861,0.057518,0.013668,-0.090674,-0.036668,0.15087,0.15087,-0.090674,0.036584,0.013668,0.013668,0.15087,-0.0030368,-0.12206,0.079724,-0.12206,0.013668,0.057518,0.013668,-0.12206,0.036861,-0.090674,-0.036668,0.057518,0.036861,0.057518,0.036584,-0.036668,0.057518,0.013668,0.11765,0.057518,-0.035676,0.079724,0.0085732,-0.036668,-0.036668,-0.0030368,0.036861,0.036861,0.057518,0.0079574,0.013668,0.036861,0.057518,0.15087,0.15087,-0.12206,-0.035676,0.057518,0.079724,-0.036668,0.057518,0.036861,0.013668,0.0085732,0.036861,0.17843,0.036584,-0.036668,0.036861,-0.036668,0.036861,-0.090674,0.057518,0.036584,0.036584,-0.12206,-0.0030368,0.15087,0.0085732,0.15087,-0.036668,-0.036668,-0.12206,0.057518,0.17843,0.11765,-0.036668,0.057518,0.057518,0.0085732,0.057518,0.0085732,0.057518,0.079724,0.036861
-0.33508,-0.4816,-0.32497,-0.39784,-0.17056,-0.303,-0.33508,-0.16123,-0.4816,-0.30736,-0.303,-0.33508,-0.21637,-0.21637,-0.33508,0.02457,-0.17056,-0.39784,-0.303,-0.4816,-0.39784,-0.09303,-0.4816,-0.45083,-0.21637,-0.33508,-0.21637,-0.4816,-0.21637,-0.21637,-0.40184,-0.21637,-0.17056,-0.39784,-0.21637,-0.21637,-0.17056,-0.30736,-0.17056,-0.09303,-0.30736,-0.4816,-0.32497,-0.39784,-0.17056,-0.30736,-0.21637,-0.20183,-0.16123,-0.17056,-0.30736,-0.21637,-0.33508,-0.21637,-0.303,-0.39784,0.086801,-0.16848,-0.20183,-0.40184,-0.30736,-0.303,-0.4816,-0.45083,-0.4816,0.086801,-0.40184,-0.16123,-0.45083,-0.17056,0.086801,-0.17056,0.02457,-0.30736,-0.30736,-0.17056,-0.16848,-0.16123,-0.17056,-0.16123,0.086801,-0.20183,0.086801,-0.39784,-0.09303,-0.09303,-0.32497,0.086801,-0.32497,0.02457,-0.4816,-0.16123,-0.16848,-0.39784,-0.303,-0.4816,-0.45083,-0.40184,-0.32497,-0.17056,-0.16848,0.02457,-0.16123,-0.39784,-0.33508,0.086801,-0.16848,-0.17056,-0.30736,-0.21637,-0.303,-0.32497,-0.17056,-0.39784,-0.17056,-0.20183,-0.16123,-0.21637,-0.4816,-0.4816,-0.16123,-0.40184,-0.20183,-0.20183,-0.4816,-0.16848,0.02457,-0.33508,0.02457,-0.20183,-0.17056,-0.20183,0.02457,-0.39784,-0.16123,-0.21637,-0.17056,-0.39784,-0.17056,-0.40184,-0.21637,-0.17056,-0.20183,-0.45083,-0.17056,0.086801,-0.33508,-0.09303,-0.21637,-0.21637,-0.16848,-0.39784,-0.39784,-0.17056,-0.32497,-0.20183,-0.39784,-0.17056,-0.4816,-0.4816,0.02457,0.086801,-0.17056,-0.33508,-0.21637,-0.17056,-0.39784,-0.20183,-0.09303,-0.39784,-0.30736,-0.40184,-0.21637,-0.39784,-0.21637,-0.39784,-0.16123,-0.17056,-0.40184,-0.40184,0.02457,-0.16848,-0.4816,-0.09303,-0.4816,-0.21637,-0.21637,0.02457,-0.17056,-0.30736,-0.45083,-0.21637,-0.17056,-0.17056,-0.09303,-0.17056,-0.09303,-0.17056,-0.33508,-0.39784
0.26903,0.38629,0.31264,0.30705,0.13111,0.2436,0.26903,0.16335,0.38629,0.21472,0.2436,0.26903,0.13,0.13,0.26903,-0.017316,0.13111,0.30705,0.2436,0.38629,0.30705,0.061601,0.38629,0.40912,0.13,0.26903,0.13,0.38629,0.13,0.13,0.2843,0.13,0.13111,0.30705,0.13,0.13,0.13111,0.21472,0.13111,0.061601,0.21472,0.38629,0.31264,0.30705,0.13111,0.21472,0.13,0.13472,0.16335,0.13111,0.21472,0.13,0.26903,0.13,0.2436,0.30705,-0.060889,0.11255,0.13472,0.2843,0.21472,0.2436,0.38629,0.40912,0.38629,-0.060889,0.2843,0.16335,0.40912,0.13111,-0.060889,0.13111,-0.017316,0.21472,0.21472,0.13111,0.11255,0.16335,0.13111,0.16335,-0.060889,0.13472,-0.060889,0.30705,0.061601,0.061601,0.31264,-0.060889,0.31264,-0.017316,0.38629,0.16335,0.11255,0.30705,0.2436,0.38629,0.40912,0.2843,0.31264,0.13111,0.11255,-0.017316,0.16335,0.30705,0.26903,-0.060889,0.11255,0.13111,0.21472,0.13,0.2436,0.31264,0.13111,0.30705,0.13111,0.13472,0.16335,0.13,0.38629,0.38629,0.16335,0.2843,0.13472,0.13472,0.38629,0.11255,-0.017316,0.26903,-0.017316,0.13472,0.13111,0.13472,-0.017316,0.30705,0.16335,0.13,0.13111,0.30705,0.13111,0.2843,0.13,0.13111,0.13472,0.40912,0.13111,-0.060889,0.26903,0.061601,0.13,0.13,0.11255,0.30705,0.30705,0.13111,0.31264,0.13472,0.30705,0.13111,0.38629,0.38629,-0.017316,-0.060889,0.13111,0.26903,0.13,0.13111,0.30705,0.13472,0.061601,0.30705,0.21472,0.2843,0.13,0.30705,0.13,0.30705,0.16335,0.13111,0.2843,0.2843,-0.017316,0.11255,0.38629,0.061601,0.38629,0.13,0.13,-0.017316,0.13111,0.21472,0.40912,0.13,0.13111,0.13111,0.061601,0.13111,0.061601,0.13111,0.26903,0.30705
-0.17505,-0.21051,0.11329,-0.21528,-0.22139,0.086225,-0.17505,0.12927,-0.21051,-0.28624,0.086225,-0.17505,-0.13242,-0.13242,-0.17505,0.11166,-0.22139,-0.21528,0.086225,-0.21051,-0.21528,0.038803,-0.21051,-0.13094,-0.13242,-0.17505,-0.13242,-0.21051,-0.13242,-0.13242,-0.1516,-0.13242,-0.22139,-0.21528,-0.13242,-0.13242,-0.22139,-0.28624,-0.22139,0.038803,-0.28624,-0.21051,0.11329,-0.21528,-0.22139,-0.28624,-0.13242,0.081513,0.12927,-0.22139,-0.28624,-0.13242,-0.17505,-0.13242,0.086225,-0.21528,0.019215,0.031186,0.081513,-0.1516,-0.28624,0.086225,-0.21051,-0.13094,-0.21051,0.019215,-0.1516,0.12927,-0.13094,-0.22139,0.019215,-0.22139,0.11166,-0.28624,-0.28624,-0.22139,0.031186,0.12927,-0.22139,0.12927,0.019215,0.081513,0.019215,-0.21528,0.038803,0.038803,0.11329,0.019215,0.11329,0.11166,-0.21051,0.12927,0.031186,-0.21528,0.086225,-0.21051,-0.13094,-0.1516,0.11329,-0.22139,0.031186,0.11166,0.12927,-0.21528,-0.17505,0.019215,0.031186,-0.22139,-0.28624,-0.13242,0.086225,0.11329,-0.22139,-0.21528,-0.22139,0.081513,0.12927,-0.13242,-0.21051,-0.21051,0.12927,-0.1516,0.081513,0.081513,-0.21051,0.031186,0.11166,-0.17505,0.11166,0.081513,-0.22139,0.081513,0.11166,-0.21528,0.12927,-0.13242,-0.22139,-0.21528,-0.22139,-0.1516,-0.13242,-0.22139,0.081513,-0.13094,-0.22139,0.019215,-0.17505,0.038803,-0.13242,-0.13242,0.031186,-0.21528,-0.21528,-0.22139,0.11329,0.081513,-0.21528,-0.22139,-0.21051,-0.21051,0.11166,0.019215,-0.22139,-0.17505,-0.13242,-0.22139,-0.21528,0.081513,0.038803,-0.21528,-0.28624,-0.1516,-0.13242,-0.21528,-0.13242,-0.21528,0.12927,-0.22139,-0.1516,-0.1516,0.11166,0.031186,-0.21051,0.038803,-0.21051,-0.13242,-0.13242,0.11166,-0.22139,-0.28624,-0.13094,-0.13242,-0.22139,-0.22139,0.038803,-0.22139,0.038803,-0.22139,-0.17505,-0.21528
-0.39401,-0.66858,-0.51109,-0.74202,-0.45758,-0.53704,-0.39401,-0.11666,-0.66858,-0.30567,-0.53704,-0.39401,-0.51276,-0.51276,-0.39401,-0.27386,-0.45758,-0.74202,-0.53704,-0.66858,-0.74202,-0.049982,-0.66858,-0.70548,-0.51276,-0.39401,-0.51276,-0.66858,-0.51276,-0.51276,-0.76152,-0.51276,-0.45758,-0.74202,-0.51276,-0.51276,-0.45758,-0.30567,-0.45758,-0.049982,-0.30567,-0.66858,-0.51109,-0.74202,-0.45758,-0.30567,-0.51276,-0.59176,-0.11666,-0.45758,-0.30567,-0.51276,-0.39401,-0.51276,-0.53704,-0.74202,-0.27211,-0.63125,-0.59176,-0.76152,-0.30567,-0.53704,-0.66858,-0.70548,-0.66858,-0.27211,-0.76152,-0.11666,-0.70548,-0.45758,-0.27211,-0.45758,-0.27386,-0.30567,-0.30567,-0.45758,-0.63125,-0.11666,-0.45758,-0.11666,-0.27211,-0.59176,-0.27211,-0.74202,-0.049982,-0.049982,-0.51109,-0.27211,-0.51109,-0.27386,-0.66858,-0.11666,-0.63125,-0.74202,-0.53704,-0.66858,-0.70548,-0.76152,-0.51109,-0.45758,-0.63125,-0.27386,-0.11666,-0.74202,-0.39401,-0.27211,-0.63125,-0.45758,-0.30567,-0.51276,-0.53704,-0.51109,-0.45758,-0.74202,-0.45758,-0.59176,-0.11666,-0.51276,-0.66858,-0.66858,-0.11666,-0.76152,-0.59176,-0.59176,-0.66858,-0.63125,-0.27386,-0.39401,-0.27386,-0.59176,-0.45758,-0.59176,-0.27386,-0.74202,-0.11666,-0.51276,-0.45758,-0.74202,-0.45758,-0.76152,-0.51276,-0.45758,-0.59176,-0.70548,-0.45758,-0.27211,-0.39401,-0.049982,-0.51276,-0.51276,-0.63125,-0.74202,-0.74202,-0.45758,-0.51109,-0.59176,-0.74202,-0.45758,-0.66858,-0.66858,-0.27386,-0.27211,-0.45758,-0.39401,-0.51276,-0.45758,-0.74202,-0.59176,-0.049982,-0.74202,-0.30567,-0.76152,-0.51276,-0.74202,-0.51276,-0.74202,-0.11666,-0.45758,-0.76152,-0.76152,-0.27386,-0.63125,-0.66858,-0.049982,-0.66858,-0.51276,-0.51276,-0.27386,-0.45758,-0.30567,-0.70548,-0.51276,-0.45758,-0.45758,-0.049982,-0.45758,-0.049982,-0.45758,-0.39401,-0.74202
0.36676,0.66309,-0.05364,0.7993,0.84375,0.21421,0.36676,-0.22022,0.66309,0.64276,0.21421,0.36676,0.65692,0.65692,0.36676,0.20054,0.84375,0.7993,0.21421,0.66309,0.7993,0.07325,0.66309,0.41725,0.65692,0.36676,0.65692,0.66309,0.65692,0.65692,0.60807,0.65692,0.84375,0.7993,0.65692,0.65692,0.84375,0.64276,0.84375,0.07325,0.64276,0.66309,-0.05364,0.7993,0.84375,0.64276,0.65692,0.26953,-0.22022,0.84375,0.64276,0.65692,0.36676,0.65692,0.21421,0.7993,0.46928,0.50364,0.26953,0.60807,0.64276,0.21421,0.66309,0.41725,0.66309,0.46928,0.60807,-0.22022,0.41725,0.84375,0.46928,0.84375,0.20054,0.64276,0.64276,0.84375,0.50364,-0.22022,0.84375,-0.22022,0.46928,0.26953,0.46928,0.7993,0.07325,0.07325,-0.05364,0.46928,-0.05364,0.20054,0.66309,-0.22022,0.50364,0.7993,0.21421,0.66309,0.41725,0.60807,-0.05364,0.84375,0.50364,0.20054,-0.22022,0.7993,0.36676,0.46928,0.50364,0.84375,0.64276,0.65692,0.21421,-0.05364,0.84375,0.7993,0.84375,0.26953,-0.22022,0.65692,0.66309,0.66309,-0.22022,0.60807,0.26953,0.26953,0.66309,0.50364,0.20054,0.36676,0.20054,0.26953,0.84375,0.26953,0.20054,0.7993,-0.22022,0.65692,0.84375,0.7993,0.84375,0.60807,0.65692,0.84375,0.26953,0.41725,0.84375,0.46928,0.36676,0.07325,0.65692,0.65692,0.50364,0.7993,0.7993,0.84375,-0.05364,0.26953,0.7993,0.84375,0.66309,0.66309,0.20054,0.46928,0.84375,0.36676,0.65692,0.84375,0.7993,0.26953,0.07325,0.7993,0.64276,0.60807,0.65692,0.7993,0.65692,0.7993,-0.22022,0.84375,0.60807,0.60807,0.20054,0.50364,0.66309,0.07325,0.66309,0.65692,0.65692,0.20054,0.84375,0.64276,0.41725,0.65692,0.84375,0.84375,0.07325,0.84375,0.07325,0.84375,0.36676,0.7993
-0.15315,-0.37747,-0.22672,-0.62972,-0.46834,-0.31579,-0.15315,-0.052891,-0.37747,-0.17833,-0.31579,-0.15315,-0.49353,-0.49353,-0.15315,-0.43122,-0.46834,-0.62972,-0.31579,-0.37747,-0.62972,-0.091319,-0.37747,-0.32418,-0.49353,-0.15315,-0.49353,-0.37747,-0.49353,-0.49353,-0.60847,-0.49353,-0.46834,-0.62972,-0.49353,-0.49353,-0.46834,-0.17833,-0.46834,-0.091319,-0.17833,-0.37747,-0.22672,-0.62972,-0.46834,-0.17833,-0.49353,-0.54304,-0.052891,-0.46834,-0.17833,-0.49353,-0.15315,-0.49353,-0.31579,-0.62972,-0.47707,-0.6298,-0.54304,-0.60847,-0.17833,-0.31579,-0.37747,-0.32418,-0.37747,-0.47707,-0.60847,-0.052891,-0.32418,-0.46834,-0.47707,-0.46834,-0.43122,-0.17833,-0.17833,-0.46834,-0.6298,-0.052891,-0.46834,-0.052891,-0.47707,-0.54304,-0.47707,-0.62972,-0.091319,-0.091319,-0.22672,-0.47707,-0.22672,-0.43122,-0.37747,-0.052891,-0.6298,-0.62972,-0.31579,-0.37747,-0.32418,-0.60847,-0.22672,-0.46834,-0.6298,-0.43122,-0.052891,-0.62972,-0.15315,-0.47707,-0.6298,-0.46834,-0.17833,-0.49353,-0.31579,-0.22672,-0.46834,-0.62972,-0.46834,-0.54304,-0.052891,-0.49353,-0.37747,-0.37747,-0.052891,-0.60847,-0.54304,-0.54304,-0.37747,-0.6298,-0.43122,-0.15315,-0.43122,-0.54304,-0.46834,-0.54304,-0.43122,-0.62972,-0.052891,-0.49353,-0.46834,-0.62972,-0.46834,-0.60847,-0.49353,-0.46834,-0.54304,-0.32418,-0.46834,-0.47707,-0.15315,-0.091319,-0.49353,-0.49353,-0.6298,-0.62972,-0.62972,-0.46834,-0.22672,-0.54304,-0.62972,-0.46834,-0.37747,-0.37747,-0.43122,-0.47707,-0.46834,-0.15315,-0.49353,-0.46834,-0.62972,-0.54304,-0.091319,-0.62972,-0.17833,-0.60847,-0.49353,-0.62972,-0.49353,-0.62972,-0.052891,-0.46834,-0.60847,-0.60847,-0.43122,-0.6298,-0.37747,-0.091319,-0.37747,-0.49353,-0.49353,-0.43122,-0.46834,-0.17833,-0.32418,-0.49353,-0.46834,-0.46834,-0.091319,-0.46834,-0.091319,-0.46834,-0.15315,-0.62972
-0.048099,0.10361,0.087012,0.12701,0.018373,0.12112,-0.048099,-0.054229,0.10361,-0.057606,0.12112,-0.048099,0.0020786,0.0020786,-0.048099,-0.012937,0.018373,0.12701,0.12112,0.10361,0.12701,-0.059393,0.10361,0.082823,0.0020786,-0.048099,0.0020786,0.10361,0.0020786,0.0020786,0.071432,0.0020786,0.018373,0.12701,0.0020786,0.0020786,0.018373,-0.057606,0.018373,-0.059393,-0.057606,0.10361,0.087012,0.12701,0.018373,-0.057606,0.0020786,0.078554,-0.054229,0.018373,-0.057606,0.0020786,-0.048099,0.0020786,0.12112,0.12701,0.019665,0.13896,0.078554,0.071432,-0.057606,0.12112,0.10361,0.082823,0.10361,0.019665,0.071432,-0.054229,0.082823,0.018373,0.019665,0.018373,-0.012937,-0.057606,-0.057606,0.018373,0.13896,-0.054229,0.018373,-0.054229,0.019665,0.078554,0.019665,0.12701,-0.059393,-0.059393,0.087012,0.019665,0.087012,-0.012937,0.10361,-0.054229,0.13896,0.12701,0.12112,0.10361,0.082823,0.071432,0.087012,0.018373,0.13896,-0.012937,-0.054229,0.12701,-0.048099,0.019665,0.13896,0.018373,-0.057606,0.0020786,0.12112,0.087012,0.018373,0.12701,0.018373,0.078554,-0.054229,0.0020786,0.10361,0.10361,-0.054229,0.071432,0.078554,0.078554,0.10361,0.13896,-0.012937,-0.048099,-0.012937,0.078554,0.018373,0.078554,-0.012937,0.12701,-0.054229,0.0020786,0.018373,0.12701,0.018373,0.071432,0.0020786,0.018373,0.078554,0.082823,0.018373,0.019665,-0.048099,-0.059393,0.0020786,0.0020786,0.13896,0.12701,0.12701,0.018373,0.087012,0.078554,0.12701,0.018373,0.10361,0.10361,-0.012937,0.019665,0.018373,-0.048099,0.0020786,0.018373,0.12701,0.078554,-0.059393,0.12701,-0.057606,0.071432,0.0020786,0.12701,0.0020786,0.12701,-0.054229,0.018373,0.071432,0.071432,-0.012937,0.13896,0.10361,-0.059393,0.10361,0.0020786,0.0020786,-0.012937,0.018373,-0.057606,0.082823,0.0020786,0.018373,0.018373,-0.059393,0.018373,-0.059393,0.018373,-0.048099,0.12701
