0.019644,0.17925,-0.094846,0.12316,0.12316,0.1501,0.12316,0.019644,0.12316,-0.067886,0.1501,0.21245,-0.21963,0.035454,-0.18758,0.1501,-0.18758,0.12316,0.063403,-0.067886,-0.18758,0.02628,-0.18758,-0.094846,-0.20036,0.12316,-0.21963,0.02628,0.12316,-0.20036,0.21245,-0.094846,-0.21963,-0.20036,-0.18758,-0.21963,0.035454,0.035454,-0.094846,-0.20036,0.019644,0.17925,-0.067886,0.12316,-0.067886,-0.20036,0.035454,-0.20853,0.17925,0.035454,0.17925,-0.091113,-0.11439,0.019644,0.02628,0.019644,-0.094846,0.21245,0.21245,-0.18758,-0.067886,-0.20853,-0.20036,-0.21963,-0.067886,-0.067886,-0.091113,-0.21963,-0.20853,0.12316,0.21245,0.21245,0.035454,0.02628,-0.091113,-0.094846,-0.091113,0.17925,-0.21963,-0.20853,-0.067886,-0.067886,0.1501,0.035454,0.21245,-0.091113,-0.067886,-0.20853,0.21245,0.17925,0.063403,-0.20853,-0.18758,0.17925,-0.20853,-0.067886,-0.21963,-0.094846,0.019644,-0.20853,0.21245,-0.18758,0.02628,0.21245,-0.20036,0.063403,0.063403,0.21245,0.019644,0.019644,0.1501,0.035454,0.1501,0.17925,0.12316,0.12316,0.035454,-0.11439,0.063403,-0.094846,0.035454,0.035454,0.12316,0.1501,-0.11439,-0.11439,0.17925,0.019644,-0.20036,-0.21963,-0.18758,-0.20036,0.17925,0.17925,0.019644,-0.067886,0.21245,-0.11439,0.12316,-0.094846,-0.18758,0.21245,-0.20853,0.17925,-0.20853,-0.20853,-0.11439,-0.094846,0.17925,0.12316,0.17925,-0.11439,0.17925,-0.094846,0.1501,-0.067886,0.035454,-0.067886,-0.094846,-0.18758,0.17925,-0.20853,-0.20036,0.063403,0.02628,-0.067886,0.21245,-0.094846,-0.067886,0.063403,-0.11439,-0.18758,0.17925,0.02628,0.21245,0.12316,0.019644,0.21245,0.17925,-0.20036,0.17925,-0.18758,-0.094846,0.019644,-0.20853,-0.067886,-0.18758,0.1501,-0.20036,-0.21963,0.019644,0.1501,-0.11439,0.019644,-0.20853,0.12316,-0.067886,-0.18758,-0.20853,-0.11439
0.10802,0.0048218,0.043385,0.038457,0.038457,0.027373,0.038457,0.10802,0.038457,0.034273,0.027373,-0.0056995,0.096397,0.050032,0.17147,0.027373,0.17147,0.038457,0.05362,0.034273,0.17147,0.089966,0.17147,0.043385,0.13574,0.038457,0.096397,0.089966,0.038457,0.13574,-0.0056995,0.043385,0.096397,0.13574,0.17147,0.096397,0.050032,0.050032,0.043385,0.13574,0.10802,0.0048218,0.034273,0.038457,0.034273,0.13574,0.050032,0.086817,0.0048218,0.050032,0.0048218,0.078424,0.088352,0.10802,0.089966,0.10802,0.043385,-0.0056995,-0.0056995,0.17147,0.034273,0.086817,0.13574,0.096397,0.034273,0.034273,0.078424,0.096397,0.086817,0.038457,-0.0056995,-0.0056995,0.050032,0.089966,0.078424,0.043385,0.078424,0.0048218,0.096397,0.086817,0.034273,0.034273,0.027373,0.050032,-0.0056995,0.078424,0.034273,0.086817,-0.0056995,0.0048218,0.05362,0.086817,0.17147,0.0048218,0.086817,0.034273,0.096397,0.043385,0.10802,0.086817,-0.0056995,0.17147,0.089966,-0.0056995,0.13574,0.05362,0.05362,-0.0056995,0.10802,0.10802,0.027373,0.050032,0.027373,0.0048218,0.038457,0.038457,0.050032,0.088352,0.05362,0.043385,0.050032,0.050032,0.038457,0.027373,0.088352,0.088352,0.0048218,0.10802,0.13574,0.096397,0.17147,0.13574,0.0048218,0.0048218,0.10802,0.034273,-0.0056995,0.088352,0.038457,0.043385,0.17147,-0.0056995,0.086817,0.0048218,0.086817,0.086817,0.088352,0.043385,0.0048218,0.038457,0.0048218,0.088352,0.0048218,0.043385,0.027373,0.034273,0.050032,0.034273,0.043385,0.17147,0.0048218,0.086817,0.13574,0.05362,0.089966,0.034273,-0.0056995,0.043385,0.034273,0.05362,0.088352,0.17147,0.0048218,0.089966,-0.0056995,0.038457,0.10802,-0.0056995,0.0048218,0.13574,0.0048218,0.17147,0.043385,0.10802,0.086817,0.034273,0.17147,0.027373,0.13574,0.096397,0.10802,0.027373,0.088352,0.10802,0.086817,0.038457,0.034273,0.17147,0.086817,0.088352
-0.14997,-0.284,-0.22698,-0.29402,-0.29402,-0.13696,-0.29402,-0.14997,-0.29402,-0.059618,-0.13696,-0.11648,-0.044014,-0.099605,-0.13494,-0.13696,-0.13494,-0.29402,0.051572,-0.059618,-0.13494,0.011342,-0.13494,-0.22698,0.043785,-0.29402,-0.044014,0.011342,-0.29402,0.043785,-0.11648,-0.22698,-0.044014,0.043785,-0.13494,-0.044014,-0.099605,-0.099605,-0.22698,0.043785,-0.14997,-0.284,-0.059618,-0.29402,-0.059618,0.043785,-0.099605,0.13076,-0.284,-0.099605,-0.284,-0.12344,-0.26275,-0.14997,0.011342,-0.14997,-0.22698,-0.11648,-0.11648,-0.13494,-0.059618,0.13076,0.043785,-0.044014,-0.059618,-0.059618,-0.12344,-0.044014,0.13076,-0.29402,-0.11648,-0.11648,-0.099605,0.011342,-0.12344,-0.22698,-0.12344,-0.284,-0.044014,0.13076,-0.059618,-0.059618,-0.13696,-0.099605,-0.11648,-0.12344,-0.059618,0.13076,-0.11648,-0.284,0.051572,0.13076,-0.13494,-0.284,0.13076,-0.059618,-0.044014,-0.22698,-0.14997,0.13076,-0.11648,-0.13494,0.011342,-0.11648,0.043785,0.051572,0.051572,-0.11648,-0.14997,-0.14997,-0.13696,-0.099605,-0.13696,-0.284,-0.29402,-0.29402,-0.099605,-0.26275,0.051572,-0.22698,-0.099605,-0.099605,-0.29402,-0.13696,-0.26275,-0.26275,-0.284,-0.14997,0.043785,-0.044014,-0.13494,0.043785,-0.284,-0.284,-0.14997,-0.059618,-0.11648,-0.26275,-0.29402,-0.22698,-0.13494,-0.11648,0.13076,-0.284,0.13076,0.13076,-0.26275,-0.22698,-0.284,-0.29402,-0.284,-0.26275,-0.284,-0.22698,-0.13696,-0.059618,-0.099605,-0.059618,-0.22698,-0.13494,-0.284,0.13076,0.043785,0.051572,0.011342,-0.059618,-0.11648,-0.22698,-0.059618,0.051572,-0.26275,-0.13494,-0.284,0.011342,-0.11648,-0.29402,-0.14997,-0.11648,-0.284,0.043785,-0.284,-0.13494,-0.22698,-0.14997,0.13076,-0.059618,-0.13494,-0.13696,0.043785,-0.044014,-0.14997,-0.13696,-0.26275,-0.14997,0.13076,-0.29402,-0.059618,-0.13494,0.13076,-0.26275
-0.2818,-0.17917,-0.051259,-0.34966,-0.34966,-0.36174,-0.34966,-0.2818,-0.34966,-0.046937,-0.36174,-0.17435,0.043958,-0.094048,-0.16045,-0.36174,-0.16045,-0.34966,-0.075947,-0.046937,-0.16045,-0.26397,-0.16045,-0.051259,-0.1568,-0.34966,0.043958,-0.26397,-0.34966,-0.1568,-0.17435,-0.051259,0.043958,-0.1568,-0.16045,0.043958,-0.094048,-0.094048,-0.051259,-0.1568,-0.2818,-0.17917,-0.046937,-0.34966,-0.046937,-0.1568,-0.094048,0.041631,-0.17917,-0.094048,-0.17917,-0.26568,-0.24529,-0.2818,-0.26397,-0.2818,-0.051259,-0.17435,-0.17435,-0.16045,-0.046937,0.041631,-0.1568,0.043958,-0.046937,-0.046937,-0.26568,0.043958,0.041631,-0.34966,-0.17435,-0.17435,-0.094048,-0.26397,-0.26568,-0.051259,-0.26568,-0.17917,0.043958,0.041631,-0.046937,-0.046937,-0.36174,-0.094048,-0.17435,-0.26568,-0.046937,0.041631,-0.17435,-0.17917,-0.075947,0.041631,-0.16045,-0.17917,0.041631,-0.046937,0.043958,-0.051259,-0.2818,0.041631,-0.17435,-0.16045,-0.26397,-0.17435,-0.1568,-0.075947,-0.075947,-0.17435,-0.2818,-0.2818,-0.36174,-0.094048,-0.36174,-0.17917,-0.34966,-0.34966,-0.094048,-0.24529,-0.075947,-0.051259,-0.094048,-0.094048,-0.34966,-0.36174,-0.24529,-0.24529,-0.17917,-0.2818,-0.1568,0.043958,-0.16045,-0.1568,-0.17917,-0.17917,-0.2818,-0.046937,-0.17435,-0.24529,-0.34966,-0.051259,-0.16045,-0.17435,0.041631,-0.17917,0.041631,0.041631,-0.24529,-0.051259,-0.17917,-0.34966,-0.17917,-0.24529,-0.17917,-0.051259,-0.36174,-0.046937,-0.094048,-0.046937,-0.051259,-0.16045,-0.17917,0.041631,-0.1568,-0.075947,-0.26397,-0.046937,-0.17435,-0.051259,-0.046937,-0.075947,-0.24529,-0.16045,-0.17917,-0.26397,-0.17435,-0.34966,-0.2818,-0.17435,-0.17917,-0.1568,-0.17917,-0.16045,-0.051259,-0.2818,0.041631,-0.046937,-0.16045,-0.36174,-0.1568,0.043958,-0.2818,-0.36174,-0.24529,-0.2818,0.041631,-0.34966,-0.046937,-0.16045,0.041631,-0.24529
-0.14723,0.045877,-0.01809,0.009376,0.009376,0.066982,0.009376,-0.14723,0.009376,0.041181,0.066982,0.098755,-0.21534,-0.13729,-0.17328,0.066982,-0.17328,0.009376,-0.09413,0.041181,-0.17328,-0.10266,-0.17328,-0.01809,-0.13499,0.009376,-0.21534,-0.10266,0.009376,-0.13499,0.098755,-0.01809,-0.21534,-0.13499,-0.17328,-0.21534,-0.13729,-0.13729,-0.01809,-0.13499,-0.14723,0.045877,0.041181,0.009376,0.041181,-0.13499,-0.13729,-0.15966,0.045877,-0.13729,0.045877,0.046503,-0.0044067,-0.14723,-0.10266,-0.14723,-0.01809,0.098755,0.098755,-0.17328,0.041181,-0.15966,-0.13499,-0.21534,0.041181,0.041181,0.046503,-0.21534,-0.15966,0.009376,0.098755,0.098755,-0.13729,-0.10266,0.046503,-0.01809,0.046503,0.045877,-0.21534,-0.15966,0.041181,0.041181,0.066982,-0.13729,0.098755,0.046503,0.041181,-0.15966,0.098755,0.045877,-0.09413,-0.15966,-0.17328,0.045877,-0.15966,0.041181,-0.21534,-0.01809,-0.14723,-0.15966,0.098755,-0.17328,-0.10266,0.098755,-0.13499,-0.09413,-0.09413,0.098755,-0.14723,-0.14723,0.066982,-0.13729,0.066982,0.045877,0.009376,0.009376,-0.13729,-0.0044067,-0.09413,-0.01809,-0.13729,-0.13729,0.009376,0.066982,-0.0044067,-0.0044067,0.045877,-0.14723,-0.13499,-0.21534,-0.17328,-0.13499,0.045877,0.045877,-0.14723,0.041181,0.098755,-0.0044067,0.009376,-0.01809,-0.17328,0.098755,-0.15966,0.045877,-0.15966,-0.15966,-0.0044067,-0.01809,0.045877,0.009376,0.045877,-0.0044067,0.045877,-0.01809,0.066982,0.041181,-0.13729,0.041181,-0.01809,-0.17328,0.045877,-0.15966,-0.13499,-0.09413,-0.10266,0.041181,0.098755,-0.01809,0.041181,-0.09413,-0.0044067,-0.17328,0.045877,-0.10266,0.098755,0.009376,-0.14723,0.098755,0.045877,-0.13499,0.045877,-0.17328,-0.01809,-0.14723,-0.15966,0.041181,-0.17328,0.066982,-0.13499,-0.21534,-0.14723,0.066982,-0.0044067,-0.14723,-0.15966,0.009376,0.041181,-0.17328,-0.15966,-0.0044067
-0.11365,0.16639,0.14668,0.13406,0.13406,-0.0088648,0.13406,-0.11365,0.13406,-0.016983,-0.0088648,0.0015623,-0.13881,-0.12057,-0.11622,-0.0088648,-0.11622,0.13406,-0.25551,-0.016983,-0.11622,-0.25028,-0.11622,0.14668,-0.28359,0.13406,-0.13881,-0.25028,0.13406,-0.28359,0.0015623,0.14668,-0.13881,-0.28359,-0.11622,-0.13881,-0.12057,-0.12057,0.14668,-0.28359,-0.11365,0.16639,-0.016983,0.13406,-0.016983,-0.28359,-0.12057,-0.30171,0.16639,-0.12057,0.16639,-0.012086,0.12727,-0.11365,-0.25028,-0.11365,0.14668,0.0015623,0.0015623,-0.11622,-0.016983,-0.30171,-0.28359,-0.13881,-0.016983,-0.016983,-0.012086,-0.13881,-0.30171,0.13406,0.0015623,0.0015623,-0.12057,-0.25028,-0.012086,0.14668,-0.012086,0.16639,-0.13881,-0.30171,-0.016983,-0.016983,-0.0088648,-0.12057,0.0015623,-0.012086,-0.016983,-0.30171,0.0015623,0.16639,-0.25551,-0.30171,-0.11622,0.16639,-0.30171,-0.016983,-0.13881,0.14668,-0.11365,-0.30171,0.0015623,-0.11622,-0.25028,0.0015623,-0.28359,-0.25551,-0.25551,0.0015623,-0.11365,-0.11365,-0.0088648,-0.12057,-0.0088648,0.16639,0.13406,0.13406,-0.12057,0.12727,-0.25551,0.14668,-0.12057,-0.12057,0.13406,-0.0088648,0.12727,0.12727,0.16639,-0.11365,-0.28359,-0.13881,-0.11622,-0.28359,0.16639,0.16639,-0.11365,-0.016983,0.0015623,0.12727,0.13406,0.14668,-0.11622,0.0015623,-0.30171,0.16639,-0.30171,-0.30171,0.12727,0.14668,0.16639,0.13406,0.16639,0.12727,0.16639,0.14668,-0.0088648,-0.016983,-0.12057,-0.016983,0.14668,-0.11622,0.16639,-0.30171,-0.28359,-0.25551,-0.25028,-0.016983,0.0015623,0.14668,-0.016983,-0.25551,0.12727,-0.11622,0.16639,-0.25028,0.0015623,0.13406,-0.11365,0.0015623,0.16639,-0.28359,0.16639,-0.11622,0.14668,-0.11365,-0.30171,-0.016983,-0.11622,-0.0088648,-0.28359,-0.13881,-0.11365,-0.0088648,0.12727,-0.11365,-0.30171,0.13406,-0.016983,-0.11622,-0.30171,0.12727
0.070956,-0.070481,0.069915,-0.038291,-0.038291,-0.036083,-0.038291,0.070956,-0.038291,0.087267,-0.036083,-0.067484,0.19877,0.040779,0.18393,-0.036083,0.18393,-0.038291,0.077439,0.087267,0.18393,0.098658,0.18393,0.069915,0.20087,-0.038291,0.19877,0.098658,-0.038291,0.20087,-0.067484,0.069915,0.19877,0.20087,0.18393,0.19877,0.040779,0.040779,0.069915,0.20087,0.070956,-0.070481,0.087267,-0.038291,0.087267,0.20087,0.040779,0.21195,-0.070481,0.040779,-0.070481,0.088814,0.064081,0.070956,0.098658,0.070956,0.069915,-0.067484,-0.067484,0.18393,0.087267,0.21195,0.20087,0.19877,0.087267,0.087267,0.088814,0.19877,0.21195,-0.038291,-0.067484,-0.067484,0.040779,0.098658,0.088814,0.069915,0.088814,-0.070481,0.19877,0.21195,0.087267,0.087267,-0.036083,0.040779,-0.067484,0.088814,0.087267,0.21195,-0.067484,-0.070481,0.077439,0.21195,0.18393,-0.070481,0.21195,0.087267,0.19877,0.069915,0.070956,0.21195,-0.067484,0.18393,0.098658,-0.067484,0.20087,0.077439,0.077439,-0.067484,0.070956,0.070956,-0.036083,0.040779,-0.036083,-0.070481,-0.038291,-0.038291,0.040779,0.064081,0.077439,0.069915,0.040779,0.040779,-0.038291,-0.036083,0.064081,0.064081,-0.070481,0.070956,0.20087,0.19877,0.18393,0.20087,-0.070481,-0.070481,0.070956,0.087267,-0.067484,0.064081,-0.038291,0.069915,0.18393,-0.067484,0.21195,-0.070481,0.21195,0.21195,0.064081,0.069915,-0.070481,-0.038291,-0.070481,0.064081,-0.070481,0.069915,-0.036083,0.087267,0.040779,0.087267,0.069915,0.18393,-0.070481,0.21195,0.20087,0.077439,0.098658,0.087267,-0.067484,0.069915,0.087267,0.077439,0.064081,0.18393,-0.070481,0.098658,-0.067484,-0.038291,0.070956,-0.067484,-0.070481,0.20087,-0.070481,0.18393,0.069915,0.070956,0.21195,0.087267,0.18393,-0.036083,0.20087,0.19877,0.070956,-0.036083,0.064081,0.070956,0.21195,-0.038291,0.087267,0.18393,0.21195,0.064081
-0.24461,-0.089204,-0.29329,-0.30886,-0.30886,-0.14449,-0.30886,-0.24461,-0.30886,-0.099714,-0.14449,0.10391,-0.19095,-0.0061556,-0.42491,-0.14449,-0.42491,-0.30886,0.1808,-0.099714,-0.42491,-0.053412,-0.42491,-0.29329,-0.24133,-0.30886,-0.19095,-0.053412,-0.30886,-0.24133,0.10391,-0.29329,-0.19095,-0.24133,-0.42491,-0.19095,-0.0061556,-0.0061556,-0.29329,-0.24133,-0.24461,-0.089204,-0.099714,-0.30886,-0.099714,-0.24133,-0.0061556,0.0043229,-0.089204,-0.0061556,-0.089204,-0.3516,-0.49162,-0.24461,-0.053412,-0.24461,-0.29329,0.10391,0.10391,-0.42491,-0.099714,0.0043229,-0.24133,-0.19095,-0.099714,-0.099714,-0.3516,-0.19095,0.0043229,-0.30886,0.10391,0.10391,-0.0061556,-0.053412,-0.3516,-0.29329,-0.3516,-0.089204,-0.19095,0.0043229,-0.099714,-0.099714,-0.14449,-0.0061556,0.10391,-0.3516,-0.099714,0.0043229,0.10391,-0.089204,0.1808,0.0043229,-0.42491,-0.089204,0.0043229,-0.099714,-0.19095,-0.29329,-0.24461,0.0043228,0.10391,-0.42491,-0.053412,0.10391,-0.24133,0.1808,0.1808,0.10391,-0.24461,-0.24461,-0.14449,-0.0061556,-0.14449,-0.089204,-0.30886,-0.30886,-0.0061556,-0.49162,0.1808,-0.29329,-0.0061556,-0.0061556,-0.30886,-0.14449,-0.49162,-0.49162,-0.089204,-0.24461,-0.24133,-0.19095,-0.42491,-0.24133,-0.089204,-0.089204,-0.24461,-0.099714,0.10391,-0.49162,-0.30886,-0.29329,-0.42491,0.10391,0.0043229,-0.089204,0.0043229,0.0043229,-0.49162,-0.29329,-0.089204,-0.30886,-0.089204,-0.49162,-0.089204,-0.29329,-0.14449,-0.099714,-0.0061556,-0.099714,-0.29329,-0.42491,-0.089204,0.0043229,-0.24133,0.1808,-0.053412,-0.099714,0.10391,-0.29329,-0.099714,0.1808,-0.49162,-0.42491,-0.089204,-0.053412,0.10391,-0.30886,-0.24461,0.10391,-0.089204,-0.24133,-0.089204,-0.42491,-0.29329,-0.24461,0.0043229,-0.099714,-0.42491,-0.14449,-0.24133,-0.19095,-0.24461,-0.14449,-0.49162,-0.24461,0.0043229,-0.30886,-0.099714,-0.42491,0.0043228,-0.49162
-0.19361,-0.16041,-0.10161,-0.19459,-0.19459,-0.21507,-0.19459,-0.19361,-0.19459,-0.096614,-0.21507,-0.15994,-0.082073,-0.14962,-0.15262,-0.21507,-0.15262,-0.19459,-0.13723,-0.096614,-0.15262,-0.20485,-0.15262,-0.10161,-0.15422,-0.19459,-0.082073,-0.20485,-0.19459,-0.15422,-0.15994,-0.10161,-0.082073,-0.15422,-0.15262,-0.082073,-0.14962,-0.14962,-0.10161,-0.15422,-0.19361,-0.16041,-0.096614,-0.19459,-0.096614,-0.15422,-0.14962,-0.070724,-0.16041,-0.14962,-0.16041,-0.17451,-0.16437,-0.19361,-0.20485,-0.19361,-0.10161,-0.15994,-0.15994,-0.15262,-0.096614,-0.070724,-0.15422,-0.082073,-0.096614,-0.096614,-0.17451,-0.082073,-0.070724,-0.19459,-0.15994,-0.15994,-0.14962,-0.20485,-0.17451,-0.10161,-0.17451,-0.16041,-0.082073,-0.070724,-0.096614,-0.096614,-0.21507,-0.14962,-0.15994,-0.17451,-0.096614,-0.070724,-0.15994,-0.16041,-0.13723,-0.070724,-0.15262,-0.16041,-0.070724,-0.096614,-0.082073,-0.10161,-0.19361,-0.070724,-0.15994,-0.15262,-0.20485,-0.15994,-0.15422,-0.13723,-0.13723,-0.15994,-0.19361,-0.19361,-0.21507,-0.14962,-0.21507,-0.16041,-0.19459,-0.19459,-0.14962,-0.16437,-0.13723,-0.10161,-0.14962,-0.14962,-0.19459,-0.21507,-0.16437,-0.16437,-0.16041,-0.19361,-0.15422,-0.082073,-0.15262,-0.15422,-0.16041,-0.16041,-0.19361,-0.096614,-0.15994,-0.16437,-0.19459,-0.10161,-0.15262,-0.15994,-0.070724,-0.16041,-0.070724,-0.070724,-0.16437,-0.10161,-0.16041,-0.19459,-0.16041,-0.16437,-0.16041,-0.10161,-0.21507,-0.096614,-0.14962,-0.096614,-0.10161,-0.15262,-0.16041,-0.070724,-0.15422,-0.13723,-0.20485,-0.096614,-0.15994,-0.10161,-0.096614,-0.13723,-0.16437,-0.15262,-0.16041,-0.20485,-0.15994,-0.19459,-0.19361,-0.15994,-0.16041,-0.15422,-0.16041,-0.15262,-0.10161,-0.19361,-0.070724,-0.096614,-0.15262,-0.21507,-0.15422,-0.082073,-0.19361,-0.21507,-0.16437,-0.19361,-0.070724,-0.19459,-0.096614,-0.15262,-0.070724,-0.16437
0.13944,0.010959,0.0029375,0.34938,0.34938,0.38386,0.34938,0.13944,0.34938,0.032987,0.38386,0.031126,-0.22958,-0.216,0.16475,0.38386,0.16475,0.34938,-0.17183,0.032987,0.16475,0.15531,0.16475,0.0029375,0.17323,0.34938,-0.22958,0.15531,0.34938,0.17323,0.031126,0.0029375,-0.22958,0.17323,0.16475,-0.22958,-0.216,-0.216,0.0029375,0.17323,0.13944,0.010959,0.032987,0.34938,0.032987,0.17323,-0.216,-0.20131,0.010959,-0.216,0.010959,0.42463,0.36078,0.13944,0.15531,0.13944,0.0029375,0.031126,0.031126,0.16475,0.032987,-0.20131,0.17323,-0.22958,0.032987,0.032987,0.42463,-0.22958,-0.20131,0.34938,0.031126,0.031126,-0.216,0.15531,0.42463,0.0029375,0.42463,0.010959,-0.22958,-0.20131,0.032987,0.032987,0.38386,-0.216,0.031126,0.42463,0.032987,-0.20131,0.031126,0.010959,-0.17183,-0.20131,0.16475,0.010959,-0.20131,0.032987,-0.22958,0.0029375,0.13944,-0.20131,0.031126,0.16475,0.15531,0.031126,0.17323,-0.17183,-0.17183,0.031126,0.13944,0.13944,0.38386,-0.216,0.38386,0.010959,0.34938,0.34938,-0.216,0.36078,-0.17183,0.0029375,-0.216,-0.216,0.34938,0.38386,0.36078,0.36078,0.010959,0.13944,0.17323,-0.22958,0.16475,0.17323,0.010959,0.010959,0.13944,0.032987,0.031126,0.36078,0.34938,0.0029375,0.16475,0.031126,-0.20131,0.010959,-0.20131,-0.20131,0.36078,0.0029375,0.010959,0.34938,0.010959,0.36078,0.010959,0.0029375,0.38386,0.032987,-0.216,0.032987,0.0029375,0.16475,0.010959,-0.20131,0.17323,-0.17183,0.15531,0.032987,0.031126,0.0029375,0.032987,-0.17183,0.36078,0.16475,0.010959,0.15531,0.031126,0.34938,0.13944,0.031126,0.010959,0.17323,0.010959,0.16475,0.0029375,0.13944,-0.20131,0.032987,0.16475,0.38386,0.17323,-0.22958,0.13944,0.38386,0.36078,0.13944,-0.20131,0.34938,0.032987,0.16475,-0.20131,0.36078
-0.11367,-0.19863,-0.13209,-0.19804,-0.19804,-0.082698,-0.19804,-0.11367,-0.19804,0.0055262,-0.082698,-0.072999,-0.050356,-0.11656,-0.068144,-0.082698,-0.068144,-0.19804,0.011776,0.0055262,-0.068144,0.0070074,-0.068144,-0.13209,0.060813,-0.19804,-0.050356,0.0070074,-0.19804,0.060813,-0.072999,-0.13209,-0.050356,0.060813,-0.068144,-0.050356,-0.11656,-0.11656,-0.13209,0.060813,-0.11367,-0.19863,0.0055262,-0.19804,0.0055262,0.060813,-0.11656,0.080759,-0.19863,-0.11656,-0.19863,-0.022501,-0.14942,-0.11367,0.0070074,-0.11367,-0.13209,-0.072999,-0.072999,-0.068144,0.0055262,0.080759,0.060813,-0.050356,0.0055262,0.0055262,-0.022501,-0.050356,0.080759,-0.19804,-0.072999,-0.072999,-0.11656,0.0070074,-0.022501,-0.13209,-0.022501,-0.19863,-0.050356,0.080759,0.0055262,0.0055262,-0.082698,-0.11656,-0.072999,-0.022501,0.0055262,0.080759,-0.072999,-0.19863,0.011776,0.080759,-0.068144,-0.19863,0.080759,0.0055262,-0.050356,-0.13209,-0.11367,0.080759,-0.072999,-0.068144,0.0070074,-0.072999,0.060813,0.011776,0.011776,-0.072999,-0.11367,-0.11367,-0.082698,-0.11656,-0.082698,-0.19863,-0.19804,-0.19804,-0.11656,-0.14942,0.011776,-0.13209,-0.11656,-0.11656,-0.19804,-0.082698,-0.14942,-0.14942,-0.19863,-0.11367,0.060813,-0.050356,-0.068144,0.060813,-0.19863,-0.19863,-0.11367,0.0055262,-0.072999,-0.14942,-0.19804,-0.13209,-0.068144,-0.072999,0.080759,-0.19863,0.080759,0.080759,-0.14942,-0.13209,-0.19863,-0.19804,-0.19863,-0.14942,-0.19863,-0.13209,-0.082698,0.0055262,-0.11656,0.0055262,-0.13209,-0.068144,-0.19863,0.080759,0.060813,0.011776,0.0070074,0.0055262,-0.072999,-0.13209,0.0055262,0.011776,-0.14942,-0.068144,-0.19863,0.0070074,-0.072999,-0.19804,-0.11367,-0.072999,-0.19863,0.060813,-0.19863,-0.068144,-0.13209,-0.11367,0.080759,0.0055262,-0.068144,-0.082698,0.060813,-0.050356,-0.11367,-0.082698,-0.14942,-0.11367,0.080759,-0.19804,0.0055262,-0.068144,0.080759,-0.14942
-0.49992,-0.058689,-0.093409,-0.42861,-0.42861,-0.39283,-0.42861,-0.49992,-0.42861,-0.067133,-0.39283,-0.025095,-0.14579,-0.13365,-0.5253,-0.39283,-0.5253,-0.42861,-0.10953,-0.067133,-0.5253,-0.46842,-0.5253,-0.093409,-0.52233,-0.42861,-0.14579,-0.46842,-0.42861,-0.52233,-0.025095,-0.093409,-0.14579,-0.52233,-0.5253,-0.14579,-0.13365,-0.13365,-0.093409,-0.52233,-0.49992,-0.058689,-0.067133,-0.42861,-0.067133,-0.52233,-0.13365,-0.12677,-0.058689,-0.13365,-0.058689,-0.485,-0.48781,-0.49992,-0.46842,-0.49992,-0.093409,-0.025095,-0.025095,-0.5253,-0.067133,-0.12677,-0.52233,-0.14579,-0.067133,-0.067133,-0.485,-0.14579,-0.12677,-0.42861,-0.025095,-0.025095,-0.13365,-0.46842,-0.485,-0.093409,-0.485,-0.058689,-0.14579,-0.12677,-0.067133,-0.067133,-0.39283,-0.13365,-0.025095,-0.485,-0.067133,-0.12677,-0.025095,-0.058689,-0.10953,-0.12677,-0.5253,-0.058689,-0.12677,-0.067133,-0.14579,-0.093409,-0.49992,-0.12677,-0.025095,-0.5253,-0.46842,-0.025095,-0.52233,-0.10953,-0.10953,-0.025095,-0.49992,-0.49992,-0.39283,-0.13365,-0.39283,-0.058689,-0.42861,-0.42861,-0.13365,-0.48781,-0.10953,-0.093409,-0.13365,-0.13365,-0.42861,-0.39283,-0.48781,-0.48781,-0.058689,-0.49992,-0.52233,-0.14579,-0.5253,-0.52233,-0.058689,-0.058689,-0.49992,-0.067133,-0.025095,-0.48781,-0.42861,-0.093409,-0.5253,-0.025095,-0.12677,-0.058689,-0.12677,-0.12677,-0.48781,-0.093409,-0.058689,-0.42861,-0.058689,-0.48781,-0.058689,-0.093409,-0.39283,-0.067133,-0.13365,-0.067133,-0.093409,-0.5253,-0.058689,-0.12677,-0.52233,-0.10953,-0.46842,-0.067133,-0.025095,-0.093409,-0.067133,-0.10953,-0.48781,-0.5253,-0.058689,-0.46842,-0.025095,-0.42861,-0.49992,-0.025095,-0.058689,-0.52233,-0.058689,-0.5253,-0.093409,-0.49992,-0.12677,-0.067133,-0.5253,-0.39283,-0.52233,-0.14579,-0.49992,-0.39283,-0.48781,-0.49992,-0.12677,-0.42861,-0.067133,-0.5253,-0.12677,-0.48781
-0.057636,-0.070501,-0.091624,-0.12084,-0.12084,-0.027088,-0.12084,-0.057636,-0.12084,0.035842,-0.027088,0.043997,-0.011345,-0.00061874,-0.069153,-0.027088,-0.069153,-0.12084,0.11761,0.035842,-0.069153,0.052547,-0.069153,-0.091624,0.046284,-0.12084,-0.011345,0.052547,-0.12084,0.046284,0.043997,-0.091624,-0.011345,0.046284,-0.069153,-0.011345,-0.00061874,-0.00061874,-0.091624,0.046284,-0.057636,-0.070501,0.035842,-0.12084,0.035842,0.046284,-0.00061874,0.11265,-0.070501,-0.00061875,-0.070501,-0.028611,-0.13427,-0.057636,0.052547,-0.057636,-0.091624,0.043997,0.043997,-0.069153,0.035842,0.11265,0.046284,-0.011345,0.035842,0.035842,-0.028611,-0.011345,0.11265,-0.12084,0.043997,0.043997,-0.00061874,0.052547,-0.028611,-0.091624,-0.028611,-0.070501,-0.011345,0.11265,0.035842,0.035842,-0.027088,-0.00061874,0.043997,-0.028611,0.035842,0.11265,0.043997,-0.070501,0.11761,0.11265,-0.069153,-0.070501,0.11265,0.035842,-0.011345,-0.091624,-0.057636,0.11265,0.043997,-0.069153,0.052547,0.043997,0.046284,0.11761,0.11761,0.043997,-0.057636,-0.057636,-0.027088,-0.00061874,-0.027088,-0.070501,-0.12084,-0.12084,-0.00061874,-0.13427,0.11761,-0.091624,-0.00061874,-0.00061874,-0.12084,-0.027088,-0.13427,-0.13427,-0.070501,-0.057636,0.046284,-0.011345,-0.069153,0.046284,-0.070501,-0.070501,-0.057636,0.035842,0.043997,-0.13427,-0.12084,-0.091624,-0.069153,0.043997,0.11265,-0.070501,0.11265,0.11265,-0.13427,-0.091624,-0.070501,-0.12084,-0.070501,-0.13427,-0.070501,-0.091624,-0.027088,0.035842,-0.00061874,0.035842,-0.091624,-0.069153,-0.070501,0.11265,0.046284,0.11761,0.052547,0.035842,0.043997,-0.091624,0.035842,0.11761,-0.13427,-0.069153,-0.070501,0.052547,0.043997,-0.12084,-0.057636,0.043997,-0.070501,0.046284,-0.070501,-0.069153,-0.091624,-0.057636,0.11265,0.035842,-0.069153,-0.027088,0.046284,-0.011345,-0.057636,-0.027088,-0.13427,-0.057636,0.11265,-0.12084,0.035842,-0.069153,0.11265,-0.13427
-0.30541,-0.059969,-0.029714,-0.029578,-0.029578,-0.026443,-0.029578,-0.30541,-0.029578,-0.017068,-0.026443,-0.063559,-0.34821,-0.37803,-0.24085,-0.026443,-0.24085,-0.029578,-0.3532,-0.017068,-0.24085,-0.29162,-0.24085,-0.029714,-0.25946,-0.029578,-0.34821,-0.29162,-0.029578,-0.25946,-0.063559,-0.029714,-0.34821,-0.25946,-0.24085,-0.34821,-0.37803,-0.37803,-0.029714,-0.25946,-0.30541,-0.059969,-0.017068,-0.029578,-0.017068,-0.25946,-0.37803,-0.34696,-0.059969,-0.37803,-0.059969,0.056839,0.042181,-0.30541,-0.29162,-0.30541,-0.029714,-0.063559,-0.063559,-0.24085,-0.017068,-0.34696,-0.25946,-0.34821,-0.017068,-0.017068,0.056839,-0.34821,-0.34696,-0.029578,-0.063559,-0.063559,-0.37803,-0.29162,0.056839,-0.029714,0.056839,-0.059969,-0.34821,-0.34696,-0.017068,-0.017068,-0.026443,-0.37803,-0.063559,0.056839,-0.017068,-0.34696,-0.063559,-0.059969,-0.3532,-0.34696,-0.24085,-0.059969,-0.34696,-0.017068,-0.34821,-0.029714,-0.30541,-0.34696,-0.063559,-0.24085,-0.29162,-0.063559,-0.25946,-0.3532,-0.3532,-0.063559,-0.30541,-0.30541,-0.026443,-0.37803,-0.026443,-0.059969,-0.029578,-0.029578,-0.37803,0.042181,-0.3532,-0.029714,-0.37803,-0.37803,-0.029578,-0.026443,0.042181,0.042181,-0.059969,-0.30541,-0.25946,-0.34821,-0.24085,-0.25946,-0.059969,-0.059969,-0.30541,-0.017068,-0.063559,0.042181,-0.029578,-0.029714,-0.24085,-0.063559,-0.34696,-0.059969,-0.34696,-0.34696,0.042181,-0.029714,-0.059969,-0.029578,-0.059969,0.042181,-0.059969,-0.029714,-0.026443,-0.017068,-0.37803,-0.017068,-0.029714,-0.24085,-0.059969,-0.34696,-0.25946,-0.3532,-0.29162,-0.017068,-0.063559,-0.029714,-0.017068,-0.3532,0.042181,-0.24085,-0.059969,-0.29162,-0.063559,-0.029578,-0.30541,-0.063559,-0.059969,-0.25946,-0.059969,-0.24085,-0.029714,-0.30541,-0.34696,-0.017068,-0.24085,-0.026443,-0.25946,-0.34821,-0.30541,-0.026443,0.042181,-0.30541,-0.34696,-0.029578,-0.017068,-0.24085,-0.34696,0.042181
-0.10673,0.087565,0.021102,-0.049009,-0.049009,-0.11002,-0.049009,-0.10673,-0.049009,-0.032524,-0.11002,0.036606,0.020948,0.059497,-0.17799,-0.11002,-0.17799,-0.049009,0.005638,-0.032524,-0.17799,-0.17577,-0.17799,0.021102,-0.22833,-0.049009,0.020948,-0.17577,-0.049009,-0.22833,0.036606,0.021102,0.020948,-0.22833,-0.17799,0.020948,0.059497,0.059497,0.021102,-0.22833,-0.10673,0.087565,-0.032524,-0.049009,-0.032524,-0.22833,0.059497,-0.036457,0.087565,0.059497,0.087565,-0.2245,-0.18506,-0.10673,-0.17577,-0.10673,0.021102,0.036606,0.036606,-0.17799,-0.032524,-0.036457,-0.22833,0.020948,-0.032524,-0.032524,-0.2245,0.020948,-0.036457,-0.049009,0.036606,0.036606,0.059497,-0.17577,-0.2245,0.021102,-0.2245,0.087565,0.020948,-0.036457,-0.032524,-0.032524,-0.11002,0.059497,0.036606,-0.2245,-0.032524,-0.036457,0.036606,0.087565,0.005638,-0.036457,-0.17799,0.087565,-0.036457,-0.032524,0.020948,0.021102,-0.10673,-0.036457,0.036606,-0.17799,-0.17577,0.036606,-0.22833,0.005638,0.005638,0.036606,-0.10673,-0.10673,-0.11002,0.059497,-0.11002,0.087565,-0.049009,-0.049009,0.059497,-0.18506,0.005638,0.021102,0.059497,0.059497,-0.049009,-0.11002,-0.18506,-0.18506,0.087565,-0.10673,-0.22833,0.020948,-0.17799,-0.22833,0.087565,0.087565,-0.10673,-0.032524,0.036606,-0.18506,-0.049009,0.021102,-0.17799,0.036606,-0.036457,0.087565,-0.036457,-0.036457,-0.18506,0.021102,0.087565,-0.049009,0.087565,-0.18506,0.087565,0.021102,-0.11002,-0.032524,0.059497,-0.032524,0.021102,-0.17799,0.087565,-0.036457,-0.22833,0.005638,-0.17577,-0.032524,0.036606,0.021102,-0.032524,0.005638,-0.18506,-0.17799,0.087565,-0.17577,0.036606,-0.049009,-0.10673,0.036606,0.087565,-0.22833,0.087565,-0.17799,0.021102,-0.10673,-0.036457,-0.032524,-0.17799,-0.11002,-0.22833,0.020948,-0.10673,-0.11002,-0.18506,-0.10673,-0.036457,-0.049009,-0.032524,-0.17799,-0.036457,-0.18506
-0.030696,-0.055708,-0.084534,-0.058686,-0.058686,-0.014952,-0.058686,-0.030696,-0.058686,-0.042007,-0.014952,-0.011005,-0.064298,-0.016725,-0.080063,-0.014952,-0.080063,-0.058686,0.012239,-0.042007,-0.080063,0.022339,-0.080063,-0.084534,-0.010024,-0.058686,-0.064298,0.022339,-0.058686,-0.010024,-0.011005,-0.084534,-0.064298,-0.010024,-0.080063,-0.064298,-0.016725,-0.016725,-0.084534,-0.010024,-0.030696,-0.055708,-0.042007,-0.058686,-0.042007,-0.010024,-0.016725,-0.0064758,-0.055708,-0.016725,-0.055708,-0.041797,-0.069807,-0.030696,0.022339,-0.030696,-0.084534,-0.011005,-0.011005,-0.080063,-0.042007,-0.0064758,-0.010024,-0.064298,-0.042007,-0.042007,-0.041797,-0.064298,-0.0064758,-0.058686,-0.011005,-0.011005,-0.016725,0.022339,-0.041797,-0.084534,-0.041797,-0.055708,-0.064298,-0.0064758,-0.042007,-0.042007,-0.014952,-0.016725,-0.011005,-0.041797,-0.042007,-0.0064758,-0.011005,-0.055708,0.012239,-0.0064758,-0.080063,-0.055708,-0.0064758,-0.042007,-0.064298,-0.084534,-0.030696,-0.0064758,-0.011005,-0.080063,0.022339,-0.011005,-0.010024,0.012239,0.012239,-0.011005,-0.030696,-0.030696,-0.014952,-0.016725,-0.014952,-0.055708,-0.058686,-0.058686,-0.016725,-0.069807,0.012239,-0.084534,-0.016725,-0.016725,-0.058686,-0.014952,-0.069807,-0.069807,-0.055708,-0.030696,-0.010024,-0.064298,-0.080063,-0.010024,-0.055708,-0.055708,-0.030696,-0.042007,-0.011005,-0.069807,-0.058686,-0.084534,-0.080063,-0.011005,-0.0064758,-0.055708,-0.0064758,-0.0064758,-0.069807,-0.084534,-0.055708,-0.058686,-0.055708,-0.069807,-0.055708,-0.084534,-0.014952,-0.042007,-0.016725,-0.042007,-0.084534,-0.080063,-0.055708,-0.0064758,-0.010024,0.012239,0.022339,-0.042007,-0.011005,-0.084534,-0.042007,0.012239,-0.069807,-0.080063,-0.055708,0.022339,-0.011005,-0.058686,-0.030696,-0.011005,-0.055708,-0.010024,-0.055708,-0.080063,-0.084534,-0.030696,-0.0064758,-0.042007,-0.080063,-0.014952,-0.010024,-0.064298,-0.030696,-0.014952,-0.069807,-0.030696,-0.0064758,-0.058686,-0.042007,-0.080063,-0.0064758,-0.069807
-0.46063,-0.25518,-0.16032,-0.33499,-0.33499,-0.30114,-0.33499,-0.46063,-0.33499,-0.12143,-0.30114,-0.22145,-0.28145,-0.38107,-0.37519,-0.30114,-0.37519,-0.33499,-0.34402,-0.12143,-0.37519,-0.43224,-0.37519,-0.16032,-0.35319,-0.33499,-0.28145,-0.43224,-0.33499,-0.35319,-0.22145,-0.16032,-0.28145,-0.35319,-0.37519,-0.28145,-0.38107,-0.38107,-0.16032,-0.35319,-0.46063,-0.25518,-0.12143,-0.33499,-0.12143,-0.35319,-0.38107,-0.24896,-0.25518,-0.38107,-0.25518,-0.23191,-0.26554,-0.46063,-0.43224,-0.46063,-0.16032,-0.22145,-0.22145,-0.37519,-0.12143,-0.24896,-0.35319,-0.28145,-0.12143,-0.12143,-0.23191,-0.28145,-0.24896,-0.33499,-0.22145,-0.22145,-0.38107,-0.43224,-0.23191,-0.16032,-0.23191,-0.25518,-0.28145,-0.24896,-0.12143,-0.12143,-0.30114,-0.38107,-0.22145,-0.23191,-0.12143,-0.24896,-0.22145,-0.25518,-0.34402,-0.24896,-0.37519,-0.25518,-0.24896,-0.12143,-0.28145,-0.16032,-0.46063,-0.24896,-0.22145,-0.37519,-0.43224,-0.22145,-0.35319,-0.34402,-0.34402,-0.22145,-0.46063,-0.46063,-0.30114,-0.38107,-0.30114,-0.25518,-0.33499,-0.33499,-0.38107,-0.26554,-0.34402,-0.16032,-0.38107,-0.38107,-0.33499,-0.30114,-0.26554,-0.26554,-0.25518,-0.46063,-0.35319,-0.28145,-0.37519,-0.35319,-0.25518,-0.25518,-0.46063,-0.12143,-0.22145,-0.26554,-0.33499,-0.16032,-0.37519,-0.22145,-0.24896,-0.25518,-0.24896,-0.24896,-0.26554,-0.16032,-0.25518,-0.33499,-0.25518,-0.26554,-0.25518,-0.16032,-0.30114,-0.12143,-0.38107,-0.12143,-0.16032,-0.37519,-0.25518,-0.24896,-0.35319,-0.34402,-0.43224,-0.12143,-0.22145,-0.16032,-0.12143,-0.34402,-0.26554,-0.37519,-0.25518,-0.43224,-0.22145,-0.33499,-0.46063,-0.22145,-0.25518,-0.35319,-0.25518,-0.37519,-0.16032,-0.46063,-0.24896,-0.12143,-0.37519,-0.30114,-0.35319,-0.28145,-0.46063,-0.30114,-0.26554,-0.46063,-0.24896,-0.33499,-0.12143,-0.37519,-0.24896,-0.26554
-0.24147,-0.0039451,-0.072339,-0.10891,-0.10891,-0.1124,-0.10891,-0.24147,-0.10891,-0.11711,-0.1124,-0.027856,-0.24965,-0.14453,-0.33513,-0.1124,-0.33513,-0.10891,-0.22193,-0.11711,-0.33513,-0.288,-0.33513,-0.072339,-0.36965,-0.10891,-0.24965,-0.288,-0.10891,-0.36965,-0.027856,-0.072339,-0.24965,-0.36965,-0.33513,-0.24965,-0.14453,-0.14453,-0.072339,-0.36965,-0.24147,-0.0039451,-0.11711,-0.10891,-0.11711,-0.36965,-0.14453,-0.28245,-0.0039451,-0.14453,-0.0039451,-0.21094,-0.15653,-0.24147,-0.288,-0.24147,-0.072339,-0.027856,-0.027856,-0.33513,-0.11711,-0.28245,-0.36965,-0.24965,-0.11711,-0.11711,-0.21094,-0.24965,-0.28245,-0.10891,-0.027856,-0.027856,-0.14453,-0.288,-0.21094,-0.072339,-0.21094,-0.0039451,-0.24965,-0.28245,-0.11711,-0.11711,-0.1124,-0.14453,-0.027856,-0.21094,-0.11711,-0.28245,-0.027856,-0.0039451,-0.22193,-0.28245,-0.33513,-0.0039451,-0.28245,-0.11711,-0.24965,-0.072339,-0.24147,-0.28245,-0.027856,-0.33513,-0.288,-0.027856,-0.36965,-0.22193,-0.22193,-0.027856,-0.24147,-0.24147,-0.1124,-0.14453,-0.1124,-0.0039451,-0.10891,-0.10891,-0.14453,-0.15653,-0.22193,-0.072339,-0.14453,-0.14453,-0.10891,-0.1124,-0.15653,-0.15653,-0.0039451,-0.24147,-0.36965,-0.24965,-0.33513,-0.36965,-0.0039451,-0.0039451,-0.24147,-0.11711,-0.027856,-0.15653,-0.10891,-0.072339,-0.33513,-0.027856,-0.28245,-0.0039451,-0.28245,-0.28245,-0.15653,-0.072339,-0.0039451,-0.10891,-0.0039451,-0.15653,-0.0039451,-0.072339,-0.1124,-0.11711,-0.14453,-0.11711,-0.072339,-0.33513,-0.0039451,-0.28245,-0.36965,-0.22193,-0.288,-0.11711,-0.027856,-0.072339,-0.11711,-0.22193,-0.15653,-0.33513,-0.0039451,-0.288,-0.027856,-0.10891,-0.24147,-0.027856,-0.0039451,-0.36965,-0.0039451,-0.33513,-0.072339,-0.24147,-0.28245,-0.11711,-0.33513,-0.1124,-0.36965,-0.24965,-0.24147,-0.1124,-0.15653,-0.24147,-0.28245,-0.10891,-0.11711,-0.33513,-0.28245,-0.15653
-0.54722,-0.331,-0.22753,-0.46741,-0.46741,-0.35685,-0.46741,-0.54722,-0.46741,-0.096787,-0.35685,-0.22122,-0.34223,-0.43438,-0.44238,-0.35685,-0.44238,-0.46741,-0.33316,-0.096787,-0.44238,-0.44253,-0.44238,-0.22753,-0.33293,-0.46741,-0.34223,-0.44253,-0.46741,-0.33293,-0.22122,-0.22753,-0.34223,-0.33293,-0.44238,-0.34223,-0.43438,-0.43438,-0.22753,-0.33293,-0.54722,-0.331,-0.096787,-0.46741,-0.096787,-0.33293,-0.43438,-0.22447,-0.331,-0.43438,-0.331,-0.22911,-0.34956,-0.54722,-0.44253,-0.54722,-0.22753,-0.22122,-0.22122,-0.44238,-0.096787,-0.22447,-0.33293,-0.34223,-0.096787,-0.096787,-0.22911,-0.34223,-0.22447,-0.46741,-0.22122,-0.22122,-0.43438,-0.44253,-0.22911,-0.22753,-0.22911,-0.331,-0.34223,-0.22447,-0.096787,-0.096787,-0.35685,-0.43438,-0.22122,-0.22911,-0.096787,-0.22447,-0.22122,-0.331,-0.33316,-0.22447,-0.44238,-0.331,-0.22447,-0.096787,-0.34223,-0.22753,-0.54722,-0.22447,-0.22122,-0.44238,-0.44253,-0.22122,-0.33293,-0.33316,-0.33316,-0.22122,-0.54722,-0.54722,-0.35685,-0.43438,-0.35685,-0.331,-0.46741,-0.46741,-0.43438,-0.34956,-0.33316,-0.22753,-0.43438,-0.43438,-0.46741,-0.35685,-0.34956,-0.34956,-0.331,-0.54722,-0.33293,-0.34223,-0.44238,-0.33293,-0.331,-0.331,-0.54722,-0.096787,-0.22122,-0.34956,-0.46741,-0.22753,-0.44238,-0.22122,-0.22447,-0.331,-0.22447,-0.22447,-0.34956,-0.22753,-0.331,-0.46741,-0.331,-0.34956,-0.331,-0.22753,-0.35685,-0.096787,-0.43438,-0.096787,-0.22753,-0.44238,-0.331,-0.22447,-0.33293,-0.33316,-0.44253,-0.096787,-0.22122,-0.22753,-0.096787,-0.33316,-0.34956,-0.44238,-0.331,-0.44253,-0.22122,-0.46741,-0.54722,-0.22122,-0.331,-0.33293,-0.331,-0.44238,-0.22753,-0.54722,-0.22447,-0.096787,-0.44238,-0.35685,-0.33293,-0.34223,-0.54722,-0.35685,-0.34956,-0.54722,-0.22447,-0.46741,-0.096787,-0.44238,-0.22447,-0.34956
-0.037141,0.099352,0.016676,0.056823,0.056823,0.001454,0.056823,-0.037141,0.056823,-0.03694,0.001454,0.045108,-0.068165,-0.015568,-0.11885,0.001454,-0.11885,0.056823,-0.036898,-0.03694,-0.11885,-0.086154,-0.11885,0.016676,-0.19219,0.056823,-0.068165,-0.086154,0.056823,-0.19219,0.045108,0.016676,-0.068165,-0.19219,-0.11885,-0.068165,-0.015568,-0.015568,0.016676,-0.19219,-0.037141,0.099352,-0.03694,0.056823,-0.03694,-0.19219,-0.015568,-0.13361,0.099352,-0.015568,0.099352,-0.098623,-0.059875,-0.037141,-0.086154,-0.037141,0.016676,0.045108,0.045108,-0.11885,-0.03694,-0.13361,-0.19219,-0.068165,-0.03694,-0.03694,-0.098623,-0.068165,-0.13361,0.056823,0.045108,0.045108,-0.015568,-0.086154,-0.098623,0.016676,-0.098623,0.099352,-0.068165,-0.13361,-0.03694,-0.03694,0.001454,-0.015568,0.045108,-0.098623,-0.03694,-0.13361,0.045108,0.099352,-0.036898,-0.13361,-0.11885,0.099352,-0.13361,-0.03694,-0.068165,0.016676,-0.037141,-0.13361,0.045108,-0.11885,-0.086154,0.045108,-0.19219,-0.036898,-0.036898,0.045108,-0.037141,-0.037141,0.001454,-0.015568,0.001454,0.099352,0.056823,0.056823,-0.015568,-0.059875,-0.036898,0.016676,-0.015568,-0.015568,0.056823,0.001454,-0.059876,-0.059875,0.099352,-0.037141,-0.19219,-0.068165,-0.11885,-0.19219,0.099352,0.099352,-0.037141,-0.03694,0.045108,-0.059875,0.056823,0.016676,-0.11885,0.045108,-0.13361,0.099352,-0.13361,-0.13361,-0.059875,0.016676,0.099352,0.056823,0.099352,-0.059875,0.099352,0.016676,0.001454,-0.03694,-0.015568,-0.03694,0.016676,-0.11885,0.099352,-0.13361,-0.19219,-0.036898,-0.086154,-0.03694,0.045108,0.016676,-0.03694,-0.036898,-0.059875,-0.11885,0.099352,-0.086154,0.045108,0.056823,-0.037141,0.045108,0.099352,-0.19219,0.099352,-0.11885,0.016676,-0.037141,-0.13361,-0.03694,-0.11885,0.001454,-0.19219,-0.068165,-0.037141,0.001454,-0.059875,-0.037141,-0.13361,0.056823,-0.03694,-0.11885,-0.13361,-0.059875
-0.017417,-0.061626,-0.010873,-0.10492,-0.10492,-0.14776,-0.10492,-0.017417,-0.10492,-0.048843,-0.14776,-0.10044,0.077122,0.020101,0.039764,-0.14776,0.039764,-0.10492,-0.0082113,-0.048843,0.039764,-0.058317,0.039764,-0.010873,0.0067157,-0.10492,0.077122,-0.058317,-0.10492,0.0067157,-0.10044,-0.010873,0.077122,0.0067157,0.039764,0.077122,0.020101,0.020101,-0.010873,0.0067157,-0.017417,-0.061626,-0.048843,-0.10492,-0.048843,0.0067157,0.020101,0.050395,-0.061626,0.020101,-0.061626,-0.10582,-0.076753,-0.017417,-0.058317,-0.017417,-0.010873,-0.10044,-0.10044,0.039764,-0.048843,0.050395,0.0067157,0.077122,-0.048843,-0.048843,-0.10582,0.077122,0.050395,-0.10492,-0.10044,-0.10044,0.020101,-0.058317,-0.10582,-0.010873,-0.10582,-0.061626,0.077122,0.050395,-0.048843,-0.048843,-0.14776,0.020101,-0.10044,-0.10582,-0.048843,0.050395,-0.10044,-0.061626,-0.0082113,0.050395,0.039764,-0.061626,0.050395,-0.048843,0.077122,-0.010873,-0.017417,0.050395,-0.10044,0.039764,-0.058317,-0.10044,0.0067157,-0.0082113,-0.0082113,-0.10044,-0.017417,-0.017417,-0.14776,0.020101,-0.14776,-0.061626,-0.10492,-0.10492,0.020101,-0.076753,-0.0082113,-0.010873,0.020101,0.020101,-0.10492,-0.14776,-0.076753,-0.076753,-0.061626,-0.017417,0.0067157,0.077122,0.039764,0.0067157,-0.061626,-0.061626,-0.017417,-0.048843,-0.10044,-0.076753,-0.10492,-0.010873,0.039764,-0.10044,0.050395,-0.061626,0.050395,0.050395,-0.076753,-0.010873,-0.061626,-0.10492,-0.061626,-0.076753,-0.061626,-0.010873,-0.14776,-0.048843,0.020101,-0.048843,-0.010873,0.039764,-0.061626,0.050395,0.0067157,-0.0082113,-0.058317,-0.048843,-0.10044,-0.010873,-0.048843,-0.0082113,-0.076753,0.039764,-0.061626,-0.058317,-0.10044,-0.10492,-0.017417,-0.10044,-0.061626,0.0067157,-0.061626,0.039764,-0.010873,-0.017417,0.050395,-0.048843,0.039764,-0.14776,0.0067157,0.077122,-0.017417,-0.14776,-0.076753,-0.017417,0.050395,-0.10492,-0.048843,0.039764,0.050395,-0.076753
-0.32985,-0.35816,-0.13364,-0.37156,-0.37156,-0.35942,-0.37156,-0.32985,-0.37156,-0.08739,-0.35942,-0.33504,-0.048818,-0.29123,-0.11983,-0.35942,-0.11983,-0.37156,-0.23568,-0.08739,-0.11983,-0.28863,-0.11983,-0.13364,-0.067875,-0.37156,-0.048818,-0.28863,-0.37156,-0.067875,-0.33504,-0.13364,-0.048818,-0.067875,-0.11983,-0.048818,-0.29123,-0.29123,-0.13364,-0.067875,-0.32985,-0.35816,-0.08739,-0.37156,-0.08739,-0.067875,-0.29123,0.0042611,-0.35816,-0.29123,-0.35816,-0.14737,-0.19341,-0.32985,-0.28863,-0.32985,-0.13364,-0.33504,-0.33504,-0.11983,-0.08739,0.0042611,-0.067875,-0.048818,-0.08739,-0.08739,-0.14737,-0.048818,0.0042611,-0.37156,-0.33504,-0.33504,-0.29123,-0.28863,-0.14737,-0.13364,-0.14737,-0.35816,-0.048818,0.0042611,-0.08739,-0.08739,-0.35942,-0.29123,-0.33504,-0.14737,-0.08739,0.0042611,-0.33504,-0.35816,-0.23568,0.0042611,-0.11983,-0.35816,0.0042611,-0.08739,-0.048818,-0.13364,-0.32985,0.0042611,-0.33504,-0.11983,-0.28863,-0.33504,-0.067875,-0.23568,-0.23568,-0.33504,-0.32985,-0.32985,-0.35942,-0.29123,-0.35942,-0.35816,-0.37156,-0.37156,-0.29123,-0.19341,-0.23568,-0.13364,-0.29123,-0.29123,-0.37156,-0.35942,-0.19341,-0.19341,-0.35816,-0.32985,-0.067875,-0.048818,-0.11983,-0.067875,-0.35816,-0.35816,-0.32985,-0.08739,-0.33504,-0.19341,-0.37156,-0.13364,-0.11983,-0.33504,0.0042611,-0.35816,0.0042611,0.0042611,-0.19341,-0.13364,-0.35816,-0.37156,-0.35816,-0.19341,-0.35816,-0.13364,-0.35942,-0.08739,-0.29123,-0.08739,-0.13364,-0.11983,-0.35816,0.0042611,-0.067875,-0.23568,-0.28863,-0.08739,-0.33504,-0.13364,-0.08739,-0.23568,-0.19341,-0.11983,-0.35816,-0.28863,-0.33504,-0.37156,-0.32985,-0.33504,-0.35816,-0.067875,-0.35816,-0.11983,-0.13364,-0.32985,0.0042611,-0.08739,-0.11983,-0.35942,-0.067875,-0.048818,-0.32985,-0.35942,-0.19341,-0.32985,0.0042611,-0.37156,-0.08739,-0.11983,0.0042612,-0.19341
0.2668,0.23893,0.31597,0.32812,0.32812,0.13303,0.32812,0.2668,0.32812,0.081382,0.13303,0.009202,0.25375,0.1717,0.30308,0.13303,0.30308,0.32812,-0.040446,0.081382,0.30308,0.053499,0.30308,0.31597,0.086118,0.32812,0.25375,0.053499,0.32812,0.086118,0.009202,0.31597,0.25375,0.086118,0.30308,0.25375,0.1717,0.1717,0.31597,0.086118,0.2668,0.23893,0.081382,0.32812,0.081382,0.086118,0.1717,0.019251,0.23893,0.1717,0.23893,0.17067,0.35143,0.2668,0.053499,0.2668,0.31597,0.009202,0.009202,0.30308,0.081382,0.019251,0.086118,0.25375,0.081382,0.081382,0.17067,0.25375,0.019251,0.32812,0.009202,0.009202,0.1717,0.053499,0.17067,0.31597,0.17067,0.23893,0.25375,0.019251,0.081382,0.081382,0.13303,0.1717,0.009202,0.17067,0.081382,0.019251,0.009202,0.23893,-0.040446,0.019251,0.30308,0.23893,0.019251,0.081382,0.25375,0.31597,0.2668,0.01925,0.009202,0.30308,0.053499,0.009202,0.086118,-0.040446,-0.040446,0.009202,0.2668,0.2668,0.13303,0.1717,0.13303,0.23893,0.32812,0.32812,0.1717,0.35143,-0.040446,0.31597,0.1717,0.1717,0.32812,0.13303,0.35143,0.35143,0.23893,0.2668,0.086118,0.25375,0.30308,0.086118,0.23893,0.23893,0.2668,0.081382,0.009202,0.35143,0.32812,0.31597,0.30308,0.009202,0.019251,0.23893,0.019251,0.019251,0.35143,0.31597,0.23893,0.32812,0.23893,0.35143,0.23893,0.31597,0.13303,0.081382,0.1717,0.081382,0.31597,0.30308,0.23893,0.019251,0.086118,-0.040446,0.053499,0.081382,0.009202,0.31597,0.081382,-0.040446,0.35143,0.30308,0.23893,0.053499,0.009202,0.32812,0.2668,0.009202,0.23893,0.086118,0.23893,0.30308,0.31597,0.2668,0.019251,0.081382,0.30308,0.13303,0.086118,0.25375,0.2668,0.13303,0.35143,0.2668,0.019251,0.32812,0.081382,0.30308,0.01925,0.35143
0.272,0.43561,0.3555,0.40648,0.40648,0.247,0.40648,0.272,0.40648,0.12245,0.247,0.22813,0.19882,0.27645,0.23571,0.247,0.23571,0.40648,0.067211,0.12245,0.23571,0.076043,0.23571,0.3555,-0.012614,0.40648,0.19882,0.076043,0.40648,-0.012614,0.22813,0.3555,0.19882,-0.012614,0.23571,0.19882,0.27645,0.27645,0.3555,-0.012614,0.272,0.43561,0.12245,0.40648,0.12245,-0.012614,0.27645,-0.042396,0.43561,0.27645,0.43561,0.14483,0.34376,0.272,0.076043,0.272,0.3555,0.22813,0.22813,0.23571,0.12245,-0.042396,-0.012614,0.19882,0.12245,0.12245,0.14483,0.19882,-0.042396,0.40648,0.22813,0.22813,0.27645,0.076043,0.14483,0.3555,0.14483,0.43561,0.19882,-0.042396,0.12245,0.12245,0.247,0.27645,0.22813,0.14483,0.12245,-0.042396,0.22813,0.43561,0.067211,-0.042396,0.23571,0.43561,-0.042396,0.12245,0.19882,0.3555,0.272,-0.042396,0.22813,0.23571,0.076043,0.22813,-0.012614,0.067211,0.067211,0.22813,0.272,0.272,0.247,0.27645,0.247,0.43561,0.40648,0.40648,0.27645,0.34376,0.067211,0.3555,0.27645,0.27645,0.40648,0.247,0.34376,0.34376,0.43561,0.272,-0.012614,0.19882,0.23571,-0.012614,0.43561,0.43561,0.272,0.12245,0.22813,0.34376,0.40648,0.3555,0.23571,0.22813,-0.042396,0.43561,-0.042396,-0.042396,0.34376,0.3555,0.43561,0.40648,0.43561,0.34376,0.43561,0.3555,0.247,0.12245,0.27645,0.12245,0.3555,0.23571,0.43561,-0.042396,-0.012614,0.067211,0.076043,0.12245,0.22813,0.3555,0.12245,0.067211,0.34376,0.23571,0.43561,0.076043,0.22813,0.40648,0.272,0.22813,0.43561,-0.012614,0.43561,0.23571,0.3555,0.272,-0.042396,0.12245,0.23571,0.247,-0.012614,0.19882,0.272,0.247,0.34376,0.272,-0.042396,0.40648,0.12245,0.23571,-0.042396,0.34376
0.36152,0.1859,0.091937,0.30523,0.30523,0.2963,0.30523,0.36152,0.30523,0.078803,0.2963,0.17799,0.1357,0.21216,0.26968,0.2963,0.26968,0.30523,0.21709,0.078803,0.26968,0.346,0.26968,0.091937,0.24048,0.30523,0.1357,0.346,0.30523,0.24048,0.17799,0.091937,0.1357,0.24048,0.26968,0.1357,0.21216,0.21216,0.091937,0.24048,0.36152,0.1859,0.078803,0.30523,0.078803,0.24048,0.21216,0.10989,0.1859,0.21216,0.1859,0.20891,0.21105,0.36152,0.346,0.36152,0.091937,0.17799,0.17799,0.26968,0.078803,0.10989,0.24048,0.1357,0.078803,0.078803,0.20891,0.1357,0.10989,0.30523,0.17799,0.17799,0.21216,0.346,0.20891,0.091937,0.20891,0.1859,0.1357,0.10989,0.078803,0.078803,0.2963,0.21216,0.17799,0.20891,0.078803,0.10989,0.17799,0.1859,0.21709,0.10989,0.26968,0.1859,0.10989,0.078803,0.1357,0.091937,0.36152,0.10989,0.17799,0.26968,0.346,0.17799,0.24048,0.21709,0.21709,0.17799,0.36152,0.36152,0.2963,0.21216,0.2963,0.1859,0.30523,0.30523,0.21216,0.21105,0.21709,0.091937,0.21216,0.21216,0.30523,0.2963,0.21105,0.21105,0.1859,0.36152,0.24048,0.1357,0.26968,0.24048,0.1859,0.1859,0.36152,0.078803,0.17799,0.21105,0.30523,0.091937,0.26968,0.17799,0.10989,0.1859,0.10989,0.10989,0.21105,0.091937,0.1859,0.30523,0.1859,0.21105,0.1859,0.091937,0.2963,0.078803,0.21216,0.078803,0.091937,0.26968,0.1859,0.10989,0.24048,0.21709,0.346,0.078803,0.17799,0.091937,0.078803,0.21709,0.21105,0.26968,0.1859,0.346,0.17799,0.30523,0.36152,0.17799,0.1859,0.24048,0.1859,0.26968,0.091937,0.36152,0.10989,0.078803,0.26968,0.2963,0.24048,0.1357,0.36152,0.2963,0.21105,0.36152,0.10989,0.30523,0.078803,0.26968,0.10989,0.21105
0.31582,0.24438,-0.023794,0.14872,0.14872,0.26702,0.14872,0.31582,0.14872,0.10379,0.26702,0.37661,0.15529,0.40716,0.094474,0.26702,0.094474,0.14872,0.50928,0.10379,0.094474,0.41178,0.094474,-0.023794,0.18395,0.14872,0.15529,0.41178,0.14872,0.18395,0.37661,-0.023794,0.15529,0.18395,0.094474,0.15529,0.40716,0.40716,-0.023794,0.18395,0.31582,0.24438,0.10379,0.14872,0.10379,0.18395,0.40716,0.25769,0.24438,0.40716,0.24438,0.013401,-0.097124,0.31582,0.41178,0.31582,-0.023794,0.37661,0.37661,0.094474,0.10379,0.25769,0.18395,0.15529,0.10379,0.10379,0.013401,0.15529,0.25769,0.14872,0.37661,0.37661,0.40716,0.41178,0.013401,-0.023794,0.013401,0.24438,0.15529,0.25769,0.10379,0.10379,0.26702,0.40716,0.37661,0.013401,0.10379,0.25769,0.37661,0.24438,0.50928,0.25769,0.094474,0.24438,0.25769,0.10379,0.15529,-0.023794,0.31582,0.25769,0.37661,0.094474,0.41178,0.37661,0.18395,0.50928,0.50928,0.37661,0.31582,0.31582,0.26702,0.40716,0.26702,0.24438,0.14872,0.14872,0.40716,-0.097124,0.50928,-0.023794,0.40716,0.40716,0.14872,0.26702,-0.097124,-0.097124,0.24438,0.31582,0.18395,0.15529,0.094474,0.18395,0.24438,0.24438,0.31582,0.10379,0.37661,-0.097124,0.14872,-0.023794,0.094474,0.37661,0.25769,0.24438,0.25769,0.25769,-0.097124,-0.023794,0.24438,0.14872,0.24438,-0.097124,0.24438,-0.023794,0.26702,0.10379,0.40716,0.10379,-0.023794,0.094474,0.24438,0.25769,0.18395,0.50928,0.41178,0.10379,0.37661,-0.023794,0.10379,0.50928,-0.097124,0.094474,0.24438,0.41178,0.37661,0.14872,0.31582,0.37661,0.24438,0.18395,0.24438,0.094474,-0.023794,0.31582,0.25769,0.10379,0.094474,0.26702,0.18395,0.15529,0.31582,0.26702,-0.097124,0.31582,0.25769,0.14872,0.10379,0.094474,0.25769,-0.097125
-0.03554,-0.071763,0.042771,-0.23113,-0.23113,-0.1943,-0.23113,-0.03554,-0.23113,0.082911,-0.1943,-0.026745,0.2801,0.16225,0.063392,-0.1943,0.063392,-0.23113,0.19476,0.082911,0.063392,0.023108,0.063392,0.042771,0.12223,-0.23113,0.2801,0.023108,-0.23113,0.12223,-0.026745,0.042771,0.2801,0.12223,0.063392,0.2801,0.16225,0.16225,0.042771,0.12223,-0.03554,-0.071763,0.082911,-0.23113,0.082911,0.12223,0.16225,0.31553,-0.071763,0.16225,-0.071763,-0.11509,-0.13378,-0.03554,0.023108,-0.03554,0.042771,-0.026745,-0.026745,0.063392,0.082911,0.31553,0.12223,0.2801,0.082911,0.082911,-0.11509,0.2801,0.31553,-0.23113,-0.026745,-0.026745,0.16225,0.023108,-0.11509,0.042771,-0.11509,-0.071763,0.2801,0.31553,0.082911,0.082911,-0.1943,0.16225,-0.026745,-0.11509,0.082911,0.31553,-0.026745,-0.071763,0.19476,0.31553,0.063392,-0.071763,0.31553,0.082911,0.2801,0.042771,-0.03554,0.31553,-0.026745,0.063392,0.023108,-0.026745,0.12223,0.19476,0.19476,-0.026745,-0.03554,-0.03554,-0.1943,0.16225,-0.1943,-0.071763,-0.23113,-0.23113,0.16225,-0.13378,0.19476,0.042771,0.16225,0.16225,-0.23113,-0.1943,-0.13378,-0.13378,-0.071763,-0.03554,0.12223,0.2801,0.063392,0.12223,-0.071763,-0.071763,-0.03554,0.082911,-0.026745,-0.13378,-0.23113,0.042771,0.063392,-0.026745,0.31553,-0.071763,0.31553,0.31553,-0.13378,0.042771,-0.071763,-0.23113,-0.071763,-0.13378,-0.071763,0.042771,-0.1943,0.082911,0.16225,0.082911,0.042771,0.063392,-0.071763,0.31553,0.12223,0.19476,0.023108,0.082911,-0.026745,0.042771,0.082911,0.19476,-0.13378,0.063392,-0.071763,0.023108,-0.026745,-0.23113,-0.03554,-0.026745,-0.071763,0.12223,-0.071763,0.063392,0.042771,-0.03554,0.31553,0.082911,0.063392,-0.1943,0.12223,0.2801,-0.03554,-0.1943,-0.13378,-0.03554,0.31553,-0.23113,0.082911,0.063392,0.31553,-0.13378
0.020781,-0.17143,0.0073738,-0.036157,-0.036157,-0.025327,-0.036157,0.020781,-0.036157,0.034063,-0.025327,-0.15303,0.10535,-0.071609,0.1798,-0.025327,0.1798,-0.036157,-0.031564,0.034063,0.1798,0.060829,0.1798,0.0073738,0.23323,-0.036157,0.10535,0.060829,-0.036157,0.23323,-0.15303,0.0073738,0.10535,0.23323,0.1798,0.10535,-0.071609,-0.071609,0.0073738,0.23323,0.020781,-0.17143,0.034063,-0.036157,0.034063,0.23323,-0.071609,0.15061,-0.17143,-0.071609,-0.17143,0.14506,0.12188,0.020781,0.060829,0.020781,0.0073738,-0.15303,-0.15303,0.1798,0.034063,0.15061,0.23323,0.10535,0.034063,0.034063,0.14506,0.10535,0.15061,-0.036157,-0.15303,-0.15303,-0.071609,0.060829,0.14506,0.0073738,0.14506,-0.17143,0.10535,0.15061,0.034063,0.034063,-0.025327,-0.071609,-0.15303,0.14506,0.034063,0.15061,-0.15303,-0.17143,-0.031564,0.15061,0.1798,-0.17143,0.15061,0.034063,0.10535,0.0073738,0.020781,0.15061,-0.15303,0.1798,0.060829,-0.15303,0.23323,-0.031564,-0.031564,-0.15303,0.020781,0.020781,-0.025327,-0.071609,-0.025327,-0.17143,-0.036157,-0.036157,-0.071609,0.12188,-0.031564,0.0073738,-0.071609,-0.071609,-0.036157,-0.025327,0.12188,0.12188,-0.17143,0.020781,0.23323,0.10535,0.1798,0.23323,-0.17143,-0.17143,0.020781,0.034063,-0.15303,0.12188,-0.036157,0.0073738,0.1798,-0.15303,0.15061,-0.17143,0.15061,0.15061,0.12188,0.0073738,-0.17143,-0.036157,-0.17143,0.12188,-0.17143,0.0073738,-0.025327,0.034063,-0.071609,0.034063,0.0073738,0.1798,-0.17143,0.15061,0.23323,-0.031564,0.060829,0.034063,-0.15303,0.0073738,0.034063,-0.031564,0.12188,0.1798,-0.17143,0.060829,-0.15303,-0.036157,0.020781,-0.15303,-0.17143,0.23323,-0.17143,0.1798,0.0073738,0.020781,0.15061,0.034063,0.1798,-0.025327,0.23323,0.10535,0.020781,-0.025327,0.12188,0.020781,0.15061,-0.036157,0.034063,0.1798,0.15061,0.12188
0.13106,-0.0090361,-0.022551,0.043016,0.043016,0.018914,0.043016,0.13106,0.043016,-0.019719,0.018914,-0.016383,0.075444,0.080812,0.12568,0.018914,0.12568,0.043016,0.098239,-0.019719,0.12568,0.13636,0.12568,-0.022551,0.13826,0.043016,0.075444,0.13636,0.043016,0.13826,-0.016383,-0.022551,0.075444,0.13826,0.12568,0.075444,0.080812,0.080812,-0.022551,0.13826,0.13106,-0.0090361,-0.019719,0.043016,-0.019719,0.13826,0.080812,0.08593,-0.0090361,0.080812,-0.0090361,0.036121,0.031962,0.13106,0.13636,0.13106,-0.022551,-0.016383,-0.016383,0.12568,-0.019719,0.08593,0.13826,0.075444,-0.019719,-0.019719,0.036121,0.075444,0.08593,0.043016,-0.016383,-0.016383,0.080812,0.13636,0.036121,-0.022551,0.036121,-0.0090361,0.075444,0.08593,-0.019719,-0.019719,0.018914,0.080812,-0.016383,0.036121,-0.019719,0.08593,-0.016383,-0.0090361,0.098239,0.08593,0.12568,-0.0090361,0.08593,-0.019719,0.075444,-0.022551,0.13106,0.08593,-0.016383,0.12568,0.13636,-0.016383,0.13826,0.098239,0.098239,-0.016383,0.13106,0.13106,0.018914,0.080812,0.018914,-0.0090361,0.043016,0.043016,0.080812,0.031962,0.098239,-0.022551,0.080812,0.080812,0.043016,0.018914,0.031962,0.031962,-0.0090361,0.13106,0.13826,0.075444,0.12568,0.13826,-0.0090361,-0.0090361,0.13106,-0.019719,-0.016383,0.031962,0.043016,-0.022551,0.12568,-0.016383,0.08593,-0.0090361,0.08593,0.08593,0.031962,-0.022551,-0.0090361,0.043016,-0.0090361,0.031962,-0.0090361,-0.022551,0.018914,-0.019719,0.080812,-0.019719,-0.022551,0.12568,-0.0090361,0.08593,0.13826,0.098239,0.13636,-0.019719,-0.016383,-0.022551,-0.019719,0.098239,0.031962,0.12568,-0.0090361,0.13636,-0.016383,0.043016,0.13106,-0.016383,-0.0090361,0.13826,-0.0090361,0.12568,-0.022551,0.13106,0.08593,-0.019719,0.12568,0.018914,0.13826,0.075444,0.13106,0.018914,0.031962,0.13106,0.08593,0.043016,-0.019719,0.12568,0.08593,0.031962
0.28291,0.14201,0.24294,0.31446,0.31446,0.19266,0.31446,0.28291,0.31446,0.10238,0.19266,-5.4464e-05,0.16851,0.094131,0.35606,0.19266,0.35606,0.31446,-0.037576,0.10238,0.35606,0.16407,0.35606,0.24294,0.24818,0.31446,0.16851,0.16407,0.31446,0.24818,-5.4464e-05,0.24294,0.16851,0.24818,0.35606,0.16851,0.094131,0.094131,0.24294,0.24818,0.28291,0.14201,0.10238,0.31446,0.10238,0.24818,0.094131,0.041931,0.14201,0.094131,0.14201,0.31611,0.4225,0.28291,0.16407,0.28291,0.24294,-5.4464e-05,-5.4464e-05,0.35606,0.10238,0.041931,0.24818,0.16851,0.10238,0.10238,0.31611,0.16851,0.041931,0.31446,-5.4464e-05,-5.4464e-05,0.094131,0.16407,0.31611,0.24294,0.31611,0.14201,0.16851,0.041931,0.10238,0.10238,0.19266,0.094131,-5.4464e-05,0.31611,0.10238,0.041931,-5.4464e-05,0.14201,-0.037576,0.041931,0.35606,0.14201,0.041931,0.10238,0.16851,0.24294,0.28291,0.041931,-5.4464e-05,0.35606,0.16407,-5.4464e-05,0.24818,-0.037576,-0.037576,-5.4464e-05,0.28291,0.28291,0.19266,0.094131,0.19266,0.14201,0.31446,0.31446,0.094131,0.4225,-0.037576,0.24294,0.094131,0.094131,0.31446,0.19266,0.4225,0.4225,0.14201,0.28291,0.24818,0.16851,0.35606,0.24818,0.14201,0.14201,0.28291,0.10238,-5.4464e-05,0.4225,0.31446,0.24294,0.35606,-5.4464e-05,0.041931,0.14201,0.041931,0.041931,0.4225,0.24294,0.14201,0.31446,0.14201,0.4225,0.14201,0.24294,0.19266,0.10238,0.094131,0.10238,0.24294,0.35606,0.14201,0.041931,0.24818,-0.037576,0.16407,0.10238,-5.4464e-05,0.24294,0.10238,-0.037576,0.4225,0.35606,0.14201,0.16407,-5.4475e-05,0.31446,0.28291,-5.4464e-05,0.14201,0.24818,0.14201,0.35606,0.24294,0.28291,0.041931,0.10238,0.35606,0.19266,0.24818,0.16851,0.28291,0.19266,0.4225,0.28291,0.041931,0.31446,0.10238,0.35606,0.041931,0.4225
-0.032231,-0.08879,-0.023785,0.051118,0.051118,0.099833,0.051118,-0.032231,0.051118,0.049192,0.099833,-0.032323,-0.077129,-0.1429,0.048706,0.099833,0.048706,0.051118,-0.062414,0.049192,0.048706,0.040076,0.048706,-0.023785,0.12273,0.051118,-0.077129,0.040076,0.051118,0.12273,-0.032323,-0.023785,-0.077129,0.12273,0.048706,-0.077129,-0.1429,-0.1429,-0.023785,0.12273,-0.032231,-0.08879,0.049192,0.051118,0.049192,0.12273,-0.1429,0.0073748,-0.08879,-0.1429,-0.08879,0.18554,0.11849,-0.032231,0.040076,-0.032231,-0.023785,-0.032323,-0.032323,0.048706,0.049192,0.0073748,0.12273,-0.077129,0.049192,0.049192,0.18554,-0.077129,0.0073748,0.051118,-0.032323,-0.032323,-0.1429,0.040076,0.18554,-0.023785,0.18554,-0.08879,-0.077129,0.0073748,0.049192,0.049192,0.099833,-0.1429,-0.032323,0.18554,0.049192,0.0073748,-0.032323,-0.08879,-0.062414,0.0073748,0.048706,-0.08879,0.0073748,0.049192,-0.077129,-0.023785,-0.032231,0.0073749,-0.032323,0.048706,0.040076,-0.032323,0.12273,-0.062414,-0.062414,-0.032323,-0.032231,-0.032231,0.099833,-0.1429,0.099833,-0.08879,0.051118,0.051118,-0.1429,0.11849,-0.062414,-0.023785,-0.1429,-0.1429,0.051118,0.099833,0.11849,0.11849,-0.08879,-0.032231,0.12273,-0.077129,0.048706,0.12273,-0.08879,-0.08879,-0.032231,0.049192,-0.032323,0.11849,0.051118,-0.023785,0.048706,-0.032323,0.0073748,-0.08879,0.0073748,0.0073748,0.11849,-0.023785,-0.08879,0.051118,-0.08879,0.11849,-0.08879,-0.023785,0.099833,0.049192,-0.1429,0.049192,-0.023785,0.048706,-0.08879,0.0073748,0.12273,-0.062414,0.040076,0.049192,-0.032323,-0.023785,0.049192,-0.062414,0.11849,0.048706,-0.08879,0.040076,-0.032323,0.051118,-0.032231,-0.032323,-0.08879,0.12273,-0.08879,0.048706,-0.023785,-0.032231,0.0073748,0.049192,0.048706,0.099833,0.12273,-0.077129,-0.032231,0.099833,0.11849,-0.032231,0.0073748,0.051118,0.049192,0.048706,0.0073749,0.11849
0.29292,0.048561,0.023415,0.21981,0.21981,0.24675,0.21981,0.29292,0.21981,0.077214,0.24675,0.091519,0.093565,0.12298,0.29289,0.24675,0.29289,0.21981,0.17185,0.077214,0.29289,0.32291,0.29289,0.023415,0.34045,0.21981,0.093565,0.32291,0.21981,0.34045,0.091519,0.023415,0.093565,0.34045,0.29289,0.093565,0.12298,0.12298,0.023415,0.34045,0.29292,0.048561,0.077214,0.21981,0.077214,0.34045,0.12298,0.14501,0.048561,0.12298,0.048561,0.27057,0.20792,0.29292,0.32291,0.29292,0.023415,0.091519,0.091519,0.29289,0.077214,0.14501,0.34045,0.093565,0.077214,0.077214,0.27057,0.093565,0.14501,0.21981,0.091519,0.091519,0.12298,0.32291,0.27057,0.023415,0.27057,0.048561,0.093565,0.14501,0.077214,0.077214,0.24675,0.12298,0.091519,0.27057,0.077214,0.14501,0.091519,0.048561,0.17185,0.14501,0.29289,0.048561,0.14501,0.077214,0.093565,0.023415,0.29292,0.14501,0.091519,0.29289,0.32291,0.091519,0.34045,0.17185,0.17185,0.091519,0.29292,0.29292,0.24675,0.12298,0.24675,0.048561,0.21981,0.21981,0.12298,0.20792,0.17185,0.023415,0.12298,0.12298,0.21981,0.24675,0.20792,0.20792,0.048561,0.29292,0.34045,0.093565,0.29289,0.34045,0.048561,0.048561,0.29292,0.077214,0.091519,0.20792,0.21981,0.023415,0.29289,0.091519,0.14501,0.048561,0.14501,0.14501,0.20792,0.023415,0.048561,0.21981,0.048561,0.20792,0.048561,0.023415,0.24675,0.077214,0.12298,0.077214,0.023415,0.29289,0.048561,0.14501,0.34045,0.17185,0.32291,0.077214,0.091519,0.023415,0.077214,0.17185,0.20792,0.29289,0.048561,0.32291,0.091519,0.21981,0.29292,0.091519,0.048561,0.34045,0.048561,0.29289,0.023415,0.29292,0.14501,0.077214,0.29289,0.24675,0.34045,0.093565,0.29292,0.24675,0.20792,0.29292,0.14501,0.21981,0.077214,0.29289,0.14501,0.20792
0.05673,0.29289,0.13224,0.024958,0.024958,-0.097842,0.024958,0.05673,0.024958,-0.021855,-0.097842,0.1696,0.20269,0.36031,-0.11675,-0.097842,-0.11675,0.024958,0.21661,-0.021855,-0.11675,-0.054359,-0.11675,0.13224,-0.24176,0.024958,0.20269,-0.054359,0.024958,-0.24176,0.1696,0.13224,0.20269,-0.24176,-0.11675,0.20269,0.36031,0.36031,0.13224,-0.24176,0.05673,0.29289,-0.021855,0.024958,-0.021855,-0.24176,0.36031,0.058803,0.29289,0.36031,0.29289,-0.32983,-0.15701,0.05673,-0.054359,0.05673,0.13224,0.1696,0.1696,-0.11675,-0.021855,0.058803,-0.24176,0.20269,-0.021855,-0.021855,-0.32983,0.20269,0.058803,0.024958,0.1696,0.1696,0.36031,-0.054359,-0.32983,0.13224,-0.32983,0.29289,0.20269,0.058803,-0.021855,-0.021855,-0.097842,0.36031,0.1696,-0.32983,-0.021855,0.058803,0.1696,0.29289,0.21661,0.058803,-0.11675,0.29289,0.058803,-0.021855,0.20269,0.13224,0.05673,0.058803,0.1696,-0.11675,-0.054359,0.1696,-0.24176,0.21661,0.21661,0.1696,0.05673,0.05673,-0.097842,0.36031,-0.097842,0.29289,0.024958,0.024958,0.36031,-0.15701,0.21661,0.13224,0.36031,0.36031,0.024958,-0.097842,-0.15701,-0.15701,0.29289,0.05673,-0.24176,0.20269,-0.11675,-0.24176,0.29289,0.29289,0.05673,-0.021855,0.1696,-0.15701,0.024958,0.13224,-0.11675,0.1696,0.058803,0.29289,0.058803,0.058803,-0.15701,0.13224,0.29289,0.024958,0.29289,-0.15701,0.29289,0.13224,-0.097842,-0.021855,0.36031,-0.021855,0.13224,-0.11675,0.29289,0.058803,-0.24176,0.21661,-0.054359,-0.021855,0.1696,0.13224,-0.021855,0.21661,-0.15701,-0.11675,0.29289,-0.054359,0.1696,0.024958,0.05673,0.1696,0.29289,-0.24176,0.29289,-0.11675,0.13224,0.05673,0.058803,-0.021855,-0.11675,-0.097842,-0.24176,0.20269,0.05673,-0.097842,-0.15701,0.05673,0.058803,0.024958,-0.021855,-0.11675,0.058803,-0.15701
-0.15677,-0.073269,0.038765,-0.082535,-0.082535,-0.1625,-0.082535,-0.15677,-0.082535,-0.037773,-0.1625,-0.15993,-0.039888,-0.15081,-0.032894,-0.1625,-0.032894,-0.082535,-0.23026,-0.037773,-0.032894,-0.24303,-0.032894,0.038765,-0.11061,-0.082535,-0.039888,-0.24303,-0.082535,-0.11061,-0.15993,0.038765,-0.039888,-0.11061,-0.032894,-0.039888,-0.15081,-0.15081,0.038765,-0.11061,-0.15677,-0.073269,-0.037773,-0.082535,-0.037773,-0.11061,-0.15081,-0.1192,-0.073269,-0.15081,-0.073269,-0.041601,0.0097757,-0.15677,-0.24303,-0.15677,0.038765,-0.15993,-0.15993,-0.032894,-0.037773,-0.1192,-0.11061,-0.039888,-0.037773,-0.037773,-0.041601,-0.039888,-0.1192,-0.082535,-0.15993,-0.15993,-0.15081,-0.24303,-0.041601,0.038765,-0.041601,-0.073269,-0.039888,-0.1192,-0.037773,-0.037773,-0.1625,-0.15081,-0.15993,-0.041601,-0.037773,-0.1192,-0.15993,-0.073269,-0.23026,-0.1192,-0.032894,-0.073269,-0.1192,-0.037773,-0.039888,0.038765,-0.15677,-0.1192,-0.15993,-0.032894,-0.24303,-0.15993,-0.11061,-0.23026,-0.23026,-0.15993,-0.15677,-0.15677,-0.1625,-0.15081,-0.1625,-0.073269,-0.082535,-0.082535,-0.15081,0.0097757,-0.23026,0.038765,-0.15081,-0.15081,-0.082535,-0.1625,0.0097757,0.0097757,-0.073269,-0.15677,-0.11061,-0.039888,-0.032894,-0.11061,-0.073269,-0.073269,-0.15677,-0.037773,-0.15993,0.0097757,-0.082535,0.038765,-0.032894,-0.15993,-0.1192,-0.073269,-0.1192,-0.1192,0.0097757,0.038765,-0.073269,-0.082535,-0.073269,0.0097757,-0.073269,0.038765,-0.1625,-0.037773,-0.15081,-0.037773,0.038765,-0.032894,-0.073269,-0.1192,-0.11061,-0.23026,-0.24303,-0.037773,-0.15993,0.038765,-0.037773,-0.23026,0.0097757,-0.032894,-0.073269,-0.24303,-0.15993,-0.082535,-0.15677,-0.15993,-0.073269,-0.11061,-0.073269,-0.032894,0.038765,-0.15677,-0.1192,-0.037773,-0.032894,-0.1625,-0.11061,-0.039888,-0.15677,-0.1625,0.0097757,-0.15677,-0.1192,-0.082535,-0.037773,-0.032894,-0.1192,0.0097757
0.046721,-0.10457,0.051033,-0.1005,-0.1005,-0.080258,-0.1005,0.046721,-0.1005,0.085943,-0.080258,-0.082051,0.16431,0.016315,0.18565,-0.080258,0.18565,-0.1005,0.040933,0.085943,0.18565,0.05598,0.18565,0.051033,0.20854,-0.1005,0.16431,0.05598,-0.1005,0.20854,-0.082051,0.051033,0.16431,0.20854,0.18565,0.16431,0.016315,0.016315,0.051033,0.20854,0.046721,-0.10457,0.085943,-0.1005,0.085943,0.20854,0.016315,0.19708,-0.10457,0.016315,-0.10457,0.084472,0.041,0.046721,0.05598,0.046721,0.051033,-0.082051,-0.082051,0.18565,0.085943,0.19708,0.20854,0.16431,0.085943,0.085943,0.084472,0.16431,0.19708,-0.1005,-0.082051,-0.082051,0.016315,0.05598,0.084472,0.051033,0.084472,-0.10457,0.16431,0.19708,0.085943,0.085943,-0.080258,0.016315,-0.082051,0.084472,0.085943,0.19708,-0.082051,-0.10457,0.040933,0.19708,0.18565,-0.10457,0.19708,0.085943,0.16431,0.051033,0.046721,0.19708,-0.082051,0.18565,0.05598,-0.082051,0.20854,0.040933,0.040933,-0.082051,0.046721,0.046721,-0.080258,0.016315,-0.080258,-0.10457,-0.1005,-0.1005,0.016315,0.041,0.040933,0.051033,0.016315,0.016315,-0.1005,-0.080258,0.041,0.041,-0.10457,0.046721,0.20854,0.16431,0.18565,0.20854,-0.10457,-0.10457,0.046721,0.085943,-0.082051,0.041,-0.1005,0.051033,0.18565,-0.082051,0.19708,-0.10457,0.19708,0.19708,0.041,0.051033,-0.10457,-0.1005,-0.10457,0.041,-0.10457,0.051033,-0.080258,0.085943,0.016315,0.085943,0.051033,0.18565,-0.10457,0.19708,0.20854,0.040933,0.05598,0.085943,-0.082051,0.051033,0.085943,0.040933,0.041,0.18565,-0.10457,0.05598,-0.082051,-0.1005,0.046721,-0.082051,-0.10457,0.20854,-0.10457,0.18565,0.051033,0.046721,0.19708,0.085943,0.18565,-0.080258,0.20854,0.16431,0.046721,-0.080258,0.041,0.046721,0.19708,-0.1005,0.085943,0.18565,0.19708,0.041
0.32619,0.26636,0.0099902,0.30835,0.30835,0.36997,0.30835,0.32619,0.30835,0.066575,0.36997,0.33085,-0.0029573,0.25796,0.10252,0.36997,0.10252,0.30835,0.29527,0.066575,0.10252,0.35636,0.10252,0.0099902,0.14298,0.30835,-0.0029573,0.35636,0.30835,0.14298,0.33085,0.0099902,-0.0029573,0.14298,0.10252,-0.0029573,0.25796,0.25796,0.0099902,0.14298,0.32619,0.26636,0.066575,0.30835,0.066575,0.14298,0.25796,0.055207,0.26636,0.25796,0.26636,0.15245,0.096452,0.32619,0.35636,0.32619,0.0099902,0.33085,0.33085,0.10252,0.066575,0.055207,0.14298,-0.0029573,0.066575,0.066575,0.15245,-0.0029573,0.055207,0.30835,0.33085,0.33085,0.25796,0.35636,0.15245,0.0099902,0.15245,0.26636,-0.0029573,0.055207,0.066575,0.066575,0.36997,0.25796,0.33085,0.15245,0.066575,0.055207,0.33085,0.26636,0.29527,0.055207,0.10252,0.26636,0.055207,0.066575,-0.0029573,0.0099902,0.32619,0.055207,0.33085,0.10252,0.35636,0.33085,0.14298,0.29527,0.29527,0.33085,0.32619,0.32619,0.36997,0.25796,0.36997,0.26636,0.30835,0.30835,0.25796,0.096452,0.29527,0.0099902,0.25796,0.25796,0.30835,0.36997,0.096452,0.096452,0.26636,0.32619,0.14298,-0.0029573,0.10252,0.14298,0.26636,0.26636,0.32619,0.066575,0.33085,0.096452,0.30835,0.0099902,0.10252,0.33085,0.055207,0.26636,0.055207,0.055207,0.096452,0.0099902,0.26636,0.30835,0.26636,0.096452,0.26636,0.0099902,0.36997,0.066575,0.25796,0.066575,0.0099902,0.10252,0.26636,0.055207,0.14298,0.29527,0.35636,0.066575,0.33085,0.0099902,0.066575,0.29527,0.096452,0.10252,0.26636,0.35636,0.33085,0.30835,0.32619,0.33085,0.26636,0.14298,0.26636,0.10252,0.0099902,0.32619,0.055207,0.066575,0.10252,0.36997,0.14298,-0.0029573,0.32619,0.36997,0.096452,0.32619,0.055207,0.30835,0.066575,0.10252,0.055207,0.096452
0.65418,0.55014,0.41403,0.72229,0.72229,0.48623,0.72229,0.65418,0.72229,0.13297,0.48623,0.28604,0.30884,0.46442,0.52174,0.48623,0.52174,0.72229,0.19645,0.13297,0.52174,0.39754,0.52174,0.41403,0.27422,0.72229,0.30884,0.39754,0.72229,0.27422,0.28604,0.41403,0.30884,0.27422,0.52174,0.30884,0.46442,0.46442,0.41403,0.27422,0.65418,0.55014,0.13297,0.72229,0.13297,0.27422,0.46442,0.043213,0.55014,0.46442,0.55014,0.3752,0.60432,0.65418,0.39754,0.65418,0.41403,0.28604,0.28604,0.52174,0.13297,0.043213,0.27422,0.30884,0.13297,0.13297,0.3752,0.30884,0.043213,0.72229,0.28604,0.28604,0.46442,0.39754,0.3752,0.41403,0.3752,0.55014,0.30884,0.043213,0.13297,0.13297,0.48623,0.46442,0.28604,0.3752,0.13297,0.043213,0.28604,0.55014,0.19645,0.043213,0.52174,0.55014,0.043213,0.13297,0.30884,0.41403,0.65418,0.043213,0.28604,0.52174,0.39754,0.28604,0.27422,0.19645,0.19645,0.28604,0.65418,0.65418,0.48623,0.46442,0.48623,0.55014,0.72229,0.72229,0.46442,0.60432,0.19645,0.41403,0.46442,0.46442,0.72229,0.48623,0.60432,0.60432,0.55014,0.65418,0.27422,0.30884,0.52174,0.27422,0.55014,0.55014,0.65418,0.13297,0.28604,0.60432,0.72229,0.41403,0.52174,0.28604,0.043213,0.55014,0.043213,0.043213,0.60432,0.41403,0.55014,0.72229,0.55014,0.60432,0.55014,0.41403,0.48623,0.13297,0.46442,0.13297,0.41403,0.52174,0.55014,0.043213,0.27422,0.19645,0.39754,0.13297,0.28604,0.41403,0.13297,0.19645,0.60432,0.52174,0.55014,0.39754,0.28604,0.72229,0.65418,0.28604,0.55014,0.27422,0.55014,0.52174,0.41403,0.65418,0.043213,0.13297,0.52174,0.48623,0.27422,0.30884,0.65418,0.48623,0.60432,0.65418,0.043213,0.72229,0.13297,0.52174,0.043213,0.60432
-0.47106,-0.34443,-0.17583,-0.37658,-0.37658,-0.33876,-0.37658,-0.47106,-0.37658,-0.092197,-0.33876,-0.29144,-0.26658,-0.45871,-0.33284,-0.33876,-0.33284,-0.37658,-0.35931,-0.092197,-0.33284,-0.41078,-0.33284,-0.17583,-0.26056,-0.37658,-0.26658,-0.41078,-0.37658,-0.26056,-0.29144,-0.17583,-0.26658,-0.26056,-0.33284,-0.26658,-0.45871,-0.45871,-0.17583,-0.26056,-0.47106,-0.34443,-0.092197,-0.37658,-0.092197,-0.26056,-0.45871,-0.18581,-0.34443,-0.45871,-0.34443,-0.16676,-0.26231,-0.47106,-0.41078,-0.47106,-0.17583,-0.29144,-0.29144,-0.33284,-0.092197,-0.18581,-0.26056,-0.26658,-0.092197,-0.092197,-0.16676,-0.26658,-0.18581,-0.37658,-0.29144,-0.29144,-0.45871,-0.41078,-0.16676,-0.17583,-0.16676,-0.34443,-0.26658,-0.18581,-0.092197,-0.092197,-0.33876,-0.45871,-0.29144,-0.16676,-0.092197,-0.18581,-0.29144,-0.34443,-0.35931,-0.18581,-0.33284,-0.34443,-0.18581,-0.092197,-0.26658,-0.17583,-0.47106,-0.18581,-0.29144,-0.33284,-0.41078,-0.29144,-0.26056,-0.35931,-0.35931,-0.29144,-0.47106,-0.47106,-0.33876,-0.45871,-0.33876,-0.34443,-0.37658,-0.37658,-0.45871,-0.26231,-0.35931,-0.17583,-0.45871,-0.45871,-0.37658,-0.33876,-0.26231,-0.26231,-0.34443,-0.47106,-0.26056,-0.26658,-0.33284,-0.26056,-0.34443,-0.34443,-0.47106,-0.092197,-0.29144,-0.26231,-0.37658,-0.17583,-0.33284,-0.29144,-0.18581,-0.34443,-0.18581,-0.18581,-0.26231,-0.17583,-0.34443,-0.37658,-0.34443,-0.26231,-0.34443,-0.17583,-0.33876,-0.092197,-0.45871,-0.092197,-0.17583,-0.33284,-0.34443,-0.18581,-0.26056,-0.35931,-0.41078,-0.092197,-0.29144,-0.17583,-0.092197,-0.35931,-0.26231,-0.33284,-0.34443,-0.41078,-0.29144,-0.37658,-0.47106,-0.29144,-0.34443,-0.26056,-0.34443,-0.33284,-0.17583,-0.47106,-0.18581,-0.092197,-0.33284,-0.33876,-0.26056,-0.26658,-0.47106,-0.33876,-0.26231,-0.47106,-0.18581,-0.37658,-0.092197,-0.33284,-0.18581,-0.26231
0.024148,0.11144,0.018745,0.073449,0.073449,0.13631,0.073449,0.024148,0.073449,0.069236,0.13631,0.164,-0.092498,0.019422,-0.047317,0.13631,-0.047317,0.073449,0.055363,0.069236,-0.047317,0.071571,-0.047317,0.018745,-0.006938,0.073449,-0.092498,0.071571,0.073449,-0.006938,0.164,0.018745,-0.092498,-0.006938,-0.047317,-0.092498,0.019422,0.019422,0.018745,-0.006938,0.024148,0.11144,0.069236,0.073449,0.069236,-0.006938,0.019422,-0.040707,0.11144,0.019422,0.11144,0.077749,0.034394,0.024148,0.071571,0.024148,0.018745,0.164,0.164,-0.047317,0.069236,-0.040707,-0.006938,-0.092498,0.069236,0.069236,0.077749,-0.092498,-0.040707,0.073449,0.164,0.164,0.019422,0.071571,0.077749,0.018745,0.077749,0.11144,-0.092498,-0.040707,0.069236,0.069236,0.13631,0.019422,0.164,0.077749,0.069236,-0.040707,0.164,0.11144,0.055363,-0.040707,-0.047317,0.11144,-0.040707,0.069236,-0.092498,0.018745,0.024148,-0.040707,0.164,-0.047317,0.071571,0.164,-0.006938,0.055363,0.055363,0.164,0.024148,0.024148,0.13631,0.019422,0.13631,0.11144,0.073449,0.073449,0.019422,0.034394,0.055363,0.018745,0.019422,0.019422,0.073449,0.13631,0.034394,0.034394,0.11144,0.024148,-0.006938,-0.092498,-0.047317,-0.006938,0.11144,0.11144,0.024148,0.069236,0.164,0.034394,0.073449,0.018745,-0.047317,0.164,-0.040707,0.11144,-0.040707,-0.040707,0.034394,0.018745,0.11144,0.073449,0.11144,0.034394,0.11144,0.018745,0.13631,0.069236,0.019422,0.069236,0.018745,-0.047317,0.11144,-0.040707,-0.006938,0.055363,0.071571,0.069236,0.164,0.018745,0.069236,0.055363,0.034394,-0.047317,0.11144,0.071571,0.164,0.073449,0.024148,0.164,0.11144,-0.006938,0.11144,-0.047317,0.018745,0.024148,-0.040707,0.069236,-0.047317,0.13631,-0.006938,-0.092498,0.024148,0.13631,0.034394,0.024148,-0.040707,0.073449,0.069236,-0.047317,-0.040707,0.034394
-0.097376,-0.22623,0.063105,-0.17338,-0.17338,-0.23713,-0.17338,-0.097376,-0.17338,0.025888,-0.23713,-0.28853,0.19587,-0.11846,0.16255,-0.23713,0.16255,-0.17338,-0.12956,0.025888,0.16255,-0.11952,0.16255,0.063105,0.13678,-0.17338,0.19587,-0.11952,-0.17338,0.13678,-0.28853,0.063105,0.19587,0.13678,0.16255,0.19587,-0.11846,-0.11846,0.063105,0.13678,-0.097376,-0.22623,0.025888,-0.17338,0.025888,0.13678,-0.11846,0.16072,-0.22623,-0.11846,-0.22623,0.03925,0.065845,-0.097376,-0.11952,-0.097376,0.063105,-0.28853,-0.28853,0.16255,0.025888,0.16072,0.13678,0.19587,0.025888,0.025888,0.03925,0.19587,0.16072,-0.17338,-0.28853,-0.28853,-0.11846,-0.11952,0.03925,0.063105,0.03925,-0.22623,0.19587,0.16072,0.025888,0.025888,-0.23713,-0.11846,-0.28853,0.03925,0.025888,0.16072,-0.28853,-0.22623,-0.12956,0.16072,0.16255,-0.22623,0.16072,0.025888,0.19587,0.063105,-0.097376,0.16072,-0.28853,0.16255,-0.11952,-0.28853,0.13678,-0.12956,-0.12956,-0.28853,-0.097376,-0.097376,-0.23713,-0.11846,-0.23713,-0.22623,-0.17338,-0.17338,-0.11846,0.065845,-0.12956,0.063105,-0.11846,-0.11846,-0.17338,-0.23713,0.065845,0.065845,-0.22623,-0.097376,0.13678,0.19587,0.16255,0.13678,-0.22623,-0.22623,-0.097376,0.025888,-0.28853,0.065845,-0.17338,0.063105,0.16255,-0.28853,0.16072,-0.22623,0.16072,0.16072,0.065845,0.063105,-0.22623,-0.17338,-0.22623,0.065845,-0.22623,0.063105,-0.23713,0.025888,-0.11846,0.025888,0.063105,0.16255,-0.22623,0.16072,0.13678,-0.12956,-0.11952,0.025888,-0.28853,0.063105,0.025888,-0.12956,0.065845,0.16255,-0.22623,-0.11952,-0.28853,-0.17338,-0.097376,-0.28853,-0.22623,0.13678,-0.22623,0.16255,0.063105,-0.097376,0.16072,0.025888,0.16255,-0.23713,0.13678,0.19587,-0.097376,-0.23713,0.065845,-0.097376,0.16072,-0.17338,0.025888,0.16255,0.16072,0.065845
-0.62579,-0.29796,-0.23529,-0.52044,-0.52044,-0.43875,-0.52044,-0.62579,-0.52044,-0.14838,-0.43875,-0.21842,-0.32041,-0.39786,-0.55563,-0.43875,-0.55563,-0.52044,-0.3226,-0.14838,-0.55563,-0.55401,-0.55563,-0.23529,-0.49119,-0.52044,-0.32041,-0.55401,-0.52044,-0.49119,-0.21842,-0.23529,-0.32041,-0.49119,-0.55563,-0.32041,-0.39786,-0.39786,-0.23529,-0.49119,-0.62579,-0.29796,-0.14838,-0.52044,-0.14838,-0.49119,-0.39786,-0.23532,-0.29796,-0.39786,-0.29796,-0.40666,-0.47484,-0.62579,-0.55401,-0.62579,-0.23529,-0.21842,-0.21842,-0.55563,-0.14838,-0.23532,-0.49119,-0.32041,-0.14838,-0.14838,-0.40666,-0.32041,-0.23532,-0.52044,-0.21842,-0.21842,-0.39786,-0.55401,-0.40666,-0.23529,-0.40666,-0.29796,-0.32041,-0.23532,-0.14838,-0.14838,-0.43875,-0.39786,-0.21842,-0.40666,-0.14838,-0.23532,-0.21842,-0.29796,-0.3226,-0.23532,-0.55563,-0.29796,-0.23532,-0.14838,-0.32041,-0.23529,-0.62579,-0.23532,-0.21842,-0.55563,-0.55401,-0.21842,-0.49119,-0.3226,-0.3226,-0.21842,-0.62579,-0.62579,-0.43875,-0.39786,-0.43875,-0.29796,-0.52044,-0.52044,-0.39786,-0.47484,-0.3226,-0.23529,-0.39786,-0.39786,-0.52044,-0.43875,-0.47484,-0.47484,-0.29796,-0.62579,-0.49119,-0.32041,-0.55563,-0.49119,-0.29796,-0.29796,-0.62579,-0.14838,-0.21842,-0.47484,-0.52044,-0.23529,-0.55563,-0.21842,-0.23532,-0.29796,-0.23532,-0.23532,-0.47484,-0.23529,-0.29796,-0.52044,-0.29796,-0.47484,-0.29796,-0.23529,-0.43875,-0.14838,-0.39786,-0.14838,-0.23529,-0.55563,-0.29796,-0.23532,-0.49119,-0.3226,-0.55401,-0.14838,-0.21842,-0.23529,-0.14838,-0.3226,-0.47484,-0.55563,-0.29796,-0.55401,-0.21842,-0.52044,-0.62579,-0.21842,-0.29796,-0.49119,-0.29796,-0.55563,-0.23529,-0.62579,-0.23532,-0.14838,-0.55563,-0.43875,-0.49119,-0.32041,-0.62579,-0.43875,-0.47484,-0.62579,-0.23532,-0.52044,-0.14838,-0.55563,-0.23532,-0.47484
0.52396,0.41928,0.020257,0.51439,0.51439,0.5697,0.51439,0.52396,0.51439,0.072676,0.5697,0.48687,0.0048473,0.41236,0.14865,0.5697,0.14865,0.51439,0.45606,0.072676,0.14865,0.56845,0.14865,0.020257,0.20642,0.51439,0.0048473,0.56845,0.51439,0.20642,0.48687,0.020257,0.0048473,0.20642,0.14865,0.0048473,0.41236,0.41236,0.020257,0.20642,0.52396,0.41928,0.072676,0.51439,0.072676,0.20642,0.41236,0.061189,0.41928,0.41236,0.41928,0.21712,0.16857,0.52396,0.56845,0.52396,0.020257,0.48687,0.48687,0.14865,0.072676,0.061189,0.20642,0.0048473,0.072676,0.072676,0.21712,0.0048473,0.061189,0.51439,0.48687,0.48687,0.41236,0.56845,0.21712,0.020257,0.21712,0.41928,0.0048473,0.061189,0.072676,0.072676,0.5697,0.41236,0.48687,0.21712,0.072676,0.061189,0.48687,0.41928,0.45606,0.061189,0.14865,0.41928,0.061189,0.072676,0.0048473,0.020257,0.52396,0.061189,0.48687,0.14865,0.56845,0.48687,0.20642,0.45606,0.45606,0.48687,0.52396,0.52396,0.5697,0.41236,0.5697,0.41928,0.51439,0.51439,0.41236,0.16857,0.45606,0.020257,0.41236,0.41236,0.51439,0.5697,0.16857,0.16857,0.41928,0.52396,0.20642,0.0048473,0.14865,0.20642,0.41928,0.41928,0.52396,0.072676,0.48687,0.16857,0.51439,0.020257,0.14865,0.48687,0.061189,0.41928,0.061189,0.061189,0.16857,0.020257,0.41928,0.51439,0.41928,0.16857,0.41928,0.020257,0.5697,0.072676,0.41236,0.072676,0.020257,0.14865,0.41928,0.061189,0.20642,0.45606,0.56845,0.072676,0.48687,0.020257,0.072676,0.45606,0.16857,0.14865,0.41928,0.56845,0.48687,0.51439,0.52396,0.48687,0.41928,0.20642,0.41928,0.14865,0.020257,0.52396,0.061189,0.072676,0.14865,0.5697,0.20642,0.0048473,0.52396,0.5697,0.16857,0.52396,0.061189,0.51439,0.072676,0.14865,0.061189,0.16857
-0.11533,-0.30017,-0.065768,-0.17798,-0.17798,-0.18001,-0.17798,-0.11533,-0.17798,-0.070862,-0.18001,-0.30859,-0.031061,-0.2372,0.09464,-0.18001,0.09464,-0.17798,-0.25191,-0.070862,0.09464,-0.12269,0.09464,-0.065768,0.10428,-0.17798,-0.031061,-0.12269,-0.17798,0.10428,-0.30859,-0.065768,-0.031061,0.10428,0.09464,-0.031061,-0.2372,-0.2372,-0.065768,0.10428,-0.11533,-0.30017,-0.070862,-0.17798,-0.070862,0.10428,-0.2372,-0.020434,-0.30017,-0.2372,-0.30017,0.065039,0.067657,-0.11533,-0.12269,-0.11533,-0.065768,-0.30859,-0.30859,0.09464,-0.070862,-0.020434,0.10428,-0.031061,-0.070862,-0.070862,0.065039,-0.031061,-0.020434,-0.17798,-0.30859,-0.30859,-0.2372,-0.12269,0.065039,-0.065768,0.065039,-0.30017,-0.031061,-0.020434,-0.070862,-0.070862,-0.18001,-0.2372,-0.30859,0.065039,-0.070862,-0.020434,-0.30859,-0.30017,-0.25191,-0.020434,0.09464,-0.30017,-0.020434,-0.070862,-0.031061,-0.065768,-0.11533,-0.020434,-0.30859,0.09464,-0.12269,-0.30859,0.10428,-0.25191,-0.25191,-0.30859,-0.11533,-0.11533,-0.18001,-0.2372,-0.18001,-0.30017,-0.17798,-0.17798,-0.2372,0.067657,-0.25191,-0.065768,-0.2372,-0.2372,-0.17798,-0.18001,0.067657,0.067657,-0.30017,-0.11533,0.10428,-0.031061,0.09464,0.10428,-0.30017,-0.30017,-0.11533,-0.070862,-0.30859,0.067657,-0.17798,-0.065768,0.09464,-0.30859,-0.020434,-0.30017,-0.020434,-0.020434,0.067657,-0.065768,-0.30017,-0.17798,-0.30017,0.067657,-0.30017,-0.065768,-0.18001,-0.070862,-0.2372,-0.070862,-0.065768,0.09464,-0.30017,-0.020434,0.10428,-0.25191,-0.12269,-0.070862,-0.30859,-0.065768,-0.070862,-0.25191,0.067657,0.09464,-0.30017,-0.12269,-0.30859,-0.17798,-0.11533,-0.30859,-0.30017,0.10428,-0.30017,0.09464,-0.065768,-0.11533,-0.020434,-0.070862,0.09464,-0.18001,0.10428,-0.031061,-0.11533,-0.18001,0.067657,-0.11533,-0.020434,-0.17798,-0.070862,0.09464,-0.020434,0.067657
-0.35143,-0.38354,-0.18258,-0.46706,-0.46706,-0.39609,-0.46706,-0.35143,-0.46706,-0.084968,-0.39609,-0.302,-0.0384,-0.246,-0.1592,-0.39609,-0.1592,-0.46706,-0.15286,-0.084968,-0.1592,-0.25387,-0.1592,-0.18258,-0.068392,-0.46706,-0.0384,-0.25387,-0.46706,-0.068392,-0.302,-0.18258,-0.0384,-0.068392,-0.1592,-0.0384,-0.246,-0.246,-0.18258,-0.068392,-0.35143,-0.38354,-0.084968,-0.46706,-0.084968,-0.068392,-0.246,0.056713,-0.38354,-0.246,-0.38354,-0.20553,-0.27343,-0.35143,-0.25387,-0.35143,-0.18258,-0.302,-0.302,-0.1592,-0.084968,0.056713,-0.068392,-0.0384,-0.084968,-0.084968,-0.20553,-0.0384,0.056713,-0.46706,-0.302,-0.302,-0.246,-0.25387,-0.20553,-0.18258,-0.20553,-0.38354,-0.0384,0.056713,-0.084968,-0.084968,-0.39609,-0.246,-0.302,-0.20553,-0.084968,0.056713,-0.302,-0.38354,-0.15286,0.056713,-0.1592,-0.38354,0.056713,-0.084968,-0.0384,-0.18258,-0.35143,0.056713,-0.302,-0.1592,-0.25387,-0.302,-0.068392,-0.15286,-0.15286,-0.302,-0.35143,-0.35143,-0.39609,-0.246,-0.39609,-0.38354,-0.46706,-0.46706,-0.246,-0.27343,-0.15286,-0.18258,-0.246,-0.246,-0.46706,-0.39609,-0.27343,-0.27343,-0.38354,-0.35143,-0.068392,-0.0384,-0.1592,-0.068392,-0.38354,-0.38354,-0.35143,-0.084968,-0.302,-0.27343,-0.46706,-0.18258,-0.1592,-0.302,0.056713,-0.38354,0.056713,0.056713,-0.27343,-0.18258,-0.38354,-0.46706,-0.38354,-0.27343,-0.38354,-0.18258,-0.39609,-0.084968,-0.246,-0.084968,-0.18258,-0.1592,-0.38354,0.056713,-0.068392,-0.15286,-0.25387,-0.084968,-0.302,-0.18258,-0.084968,-0.15286,-0.27343,-0.1592,-0.38354,-0.25387,-0.302,-0.46706,-0.35143,-0.302,-0.38354,-0.068392,-0.38354,-0.1592,-0.18258,-0.35143,0.056713,-0.084968,-0.1592,-0.39609,-0.068392,-0.0384,-0.35143,-0.39609,-0.27343,-0.35143,0.056713,-0.46706,-0.084968,-0.1592,0.056713,-0.27343
