-0.0057338,-0.1698,0.20634,0.0027146,-0.25841,0.063501,-0.037747,0.051594,0.090154,0.17405,0.061436,0.23405,0.071569,-0.16531,-0.15456,0.063134,0.068197,0.1743,-0.11936,0.1263,-0.14968,0.18713,0.032687,0.18663,-0.035066,0.060313,-0.17901,0.10401,0.15184,0.010136,0.020832,0.076677,0.095476,0.19621,0.20996,0.07319,-0.1078,0.094072,0.10863,0.16503,0.10506,0.14817,0.052269,0.034191,0.09983,0.084166,-0.0099955,0.033017,0.20016,0.010437,0.060251,0.19817,0.1866,0.10661,-0.018493,0.075072,0.20346,0.053915,-0.12558,-0.045357,0.066496,0.1386,-0.14805,0.15424,-0.075045,0.0099213,0.13514,-0.0084721,-0.067652,-0.0056075,-0.12466,0.12933,0.12519,0.21207,0.16029,0.13044,0.10167,0.14438,-0.046492,0.17217,0.038675,0.2445,0.20664,-0.066953,0.052274,-0.1902,0.135,0.064583,-0.14691,0.056912,0.20702,0.16491,0.071788,0.11165,0.045222,0.19296,0.19979,0.1895,0.0041435,0.074603,0.15503,0.045189,0.10902,-0.083781,-0.25068,0.11278,0.006709,0.06702,-0.1395,0.14227,0.049141,-0.032505,0.15098,0.21049,-0.00070887,-0.085652,-0.027578,-0.069651,0.14898,0.1081,0.19407,-0.10905,-0.10086,0.04717,0.026392,-0.16728,-0.065291,0.12433,-0.030281,0.11757,-0.12975,-0.0018488,-0.00258,-0.01367,0.15116,-0.020718,-0.1903,0.038909,0.038209,0.11743,-0.041795,0.11093,0.1104,0.00972,0.034566,-0.015575,0.13311,0.13431,0.05856,0.018406,-0.11988,0.15425,0.018935,-0.14976,-0.061826,0.026209,0.040021,0.17114,0.12457,0.035644,0.052215,-0.082864,0.1083,0.066095,0.19052,-0.029129,0.019983,-0.01192,0.10545,0.055132,0.091115,0.09565,-0.15451,-0.11444,0.079411,-0.013317,-0.16268,0.12908,0.13638,0.089985,-0.15828,0.013877,0.17519,-0.09565,0.1222,0.0094306,-0.052697,0.032044,0.065164,-0.20645,0.19602,0.088892,-0.10616,0.078576,-0.0028836,0.11678,-0.19388,0.092752,-0.072126,-0.059486
0.032374,-0.0057874,0.14184,-0.10036,0.032177,-0.07528,0.064492,-0.013996,0.038689,0.024149,-0.051269,0.19653,0.28017,0.050317,-0.065008,0.26723,0.24616,0.15451,0.11646,0.092642,-0.1125,0.084897,0.010921,0.069217,0.030436,-0.087981,0.066688,-0.056052,0.31727,0.31963,0.15934,0.11869,0.1119,0.057707,0.22221,0.31571,0.1809,0.4133,0.20902,0.12564,0.087392,0.36232,0.11657,0.059535,-0.02336,-0.033776,0.11471,0.21312,0.20339,0.087985,0.13781,0.11231,0.045106,0.11949,-0.17309,-0.013604,0.094157,0.096717,0.072868,0.012006,-0.096993,0.083267,0.11551,0.079311,0.20936,0.1479,0.23888,-0.05461,-0.20702,0.071331,0.048284,0.085398,0.10575,0.092293,0.10869,0.23284,0.2011,-0.0033129,0.019794,0.038724,0.33439,0.20197,0.15471,0.10431,0.09787,0.062333,0.0064627,0.046241,-0.018399,0.13422,0.17177,0.02201,0.084502,0.094505,-0.016506,0.15414,0.15915,0.082635,0.12919,0.30489,0.1926,-0.053387,0.077417,-0.035199,0.038033,0.14405,0.051841,0.16196,0.0066401,-0.016262,0.20296,-0.046999,0.042655,0.10062,0.17963,0.1186,0.17315,-0.13365,0.04567,0.16617,0.065221,0.0029529,0.18097,0.16036,0.12865,-0.019413,0.10405,0.016142,0.011786,0.098238,-0.073296,0.029337,0.1786,-0.12757,0.060501,0.19649,0.05824,0.14672,-0.016716,0.027495,0.14423,0.0034048,-0.0013478,0.19726,0.18363,0.031011,0.22852,0.020805,0.01677,-0.15225,-0.092685,0.094348,-0.15609,-0.1143,0.016172,0.067798,0.051517,0.07235,-0.029817,0.26509,0.036234,-0.033593,0.060868,0.04378,0.11424,0.14357,0.12026,0.039969,0.0092028,0.19863,0.13257,0.29799,0.071848,0.11589,-0.081887,0.18479,0.06276,0.068673,0.35983,0.24747,0.027708,-0.13795,0.31663,0.013265,0.094006,-0.10339,0.095569,0.067601,-0.0002241,-0.00606,0.10107,0.015882,-0.12599,-0.078148,0.032606,0.083415,0.026228,0.072379,0.15058,-0.15421
-0.047075,-0.56324,0.66629,0.067875,-0.92772,0.31836,-0.17714,0.199,0.31102,0.68888,0.27487,0.72315,0.1232,-0.58038,-0.49573,0.096057,0.12284,0.54867,-0.48365,0.41141,-0.46416,0.64364,0.10805,0.65904,-0.1508,0.32578,-0.63498,0.5598,0.40337,-0.13522,-0.014681,0.21138,0.28502,0.71701,0.63483,0.11879,-0.53712,0.20002,0.28705,0.53256,0.33511,0.37991,0.12183,0.085073,0.41317,0.35576,-0.10438,0.0053215,0.61179,-0.017311,0.14081,0.65937,0.69843,0.32231,0.035141,0.29419,0.69471,0.13823,-0.47249,-0.1776,0.41424,0.46383,-0.58493,0.52554,-0.42204,-0.04897,0.37127,-0.0079999,-0.15274,-0.066823,-0.45561,0.42756,0.39911,0.72861,0.52633,0.35672,0.26484,0.59884,-0.18537,0.64351,-0.018397,0.75153,0.65923,-0.29794,0.13152,-0.66582,0.52922,0.20743,-0.49155,0.1302,0.65067,0.64339,0.21171,0.35545,0.17552,0.61342,0.63369,0.65485,-0.060725,0.12696,0.46183,0.20634,0.35636,-0.2861,-0.83283,0.33218,-0.012107,0.15433,-0.48042,0.6808,0.069714,-0.10182,0.54805,0.71358,-0.10341,-0.37004,-0.19809,-0.19245,0.53655,0.30416,0.69454,-0.385,-0.4951,0.08169,0.020518,-0.5502,-0.29213,0.46887,-0.1245,0.37532,-0.41778,-0.031323,-0.10975,0.020273,0.53017,-0.1863,-0.66204,0.057708,0.14793,0.42827,-0.23279,0.42714,0.43062,-0.073774,0.024423,-0.081885,0.36807,0.50537,0.20382,0.20977,-0.3793,0.51415,0.29924,-0.46379,-0.23623,0.050983,0.11137,0.59565,0.56605,-0.0071994,0.16659,-0.28377,0.36496,0.21477,0.63091,-0.1874,0.0012257,-0.073396,0.39767,0.093822,0.25789,0.20722,-0.56267,-0.46628,0.49823,-0.15236,-0.58114,0.43862,0.33974,0.20325,-0.54629,0.15658,0.4831,-0.34691,0.39522,0.098882,-0.24452,0.072671,0.2424,-0.66367,0.66116,0.32407,-0.32174,0.41923,-0.036841,0.38172,-0.64752,0.29801,-0.34458,-0.14524
-0.062621,0.081916,-0.21379,-0.10266,0.017428,-0.11758,-0.022024,-0.12283,-0.14586,-0.12622,-0.126,-0.22516,-0.06642,0.07831,0.052417,-0.064518,-0.077597,-0.19629,0.04343,-0.16847,0.025681,-0.19043,-0.1046,-0.17985,-0.033134,-0.11086,0.077002,-0.060642,-0.11402,9.8627e-05,-0.058497,-0.1241,-0.14257,-0.16111,-0.20408,-0.049438,-0.0051541,0.027601,-0.12945,-0.19198,-0.15379,-0.076834,-0.10087,-0.096047,-0.13579,-0.13284,-0.038461,-0.055786,-0.20393,-0.065431,-0.10355,-0.20429,-0.15068,-0.1508,-0.11102,-0.13557,-0.1962,-0.10711,0.053777,-0.027606,-0.078475,-0.17541,0.045443,-0.1816,-0.0018262,-0.050544,-0.14198,-0.082937,-0.10087,-0.053034,0.053055,-0.17037,-0.16706,-0.19384,-0.18868,-0.14034,-0.12562,-0.12109,-0.024315,-0.15554,-0.0091815,-0.22925,-0.21473,0.012163,-0.10524,0.080476,-0.1446,-0.12627,0.060903,-0.10114,-0.21418,-0.13792,-0.12643,-0.15809,-0.11871,-0.20748,-0.21106,-0.18913,-0.049217,-0.056755,-0.1748,-0.12055,-0.15737,-0.003354,0.082144,-0.15141,-0.070411,-0.10386,0.059954,-0.059389,-0.074183,-0.058301,-0.16689,-0.20041,-0.033352,0.026673,-0.011828,-0.057659,-0.16857,-0.14197,-0.17305,0.032461,0.0060681,-0.084495,-0.071764,0.077523,0.010757,-0.15392,-0.043058,-0.16215,0.026499,-0.067327,-0.031897,-0.099278,-0.17521,-0.013981,0.083074,-0.079823,-0.11364,-0.15724,-0.0040386,-0.14806,-0.14594,-0.038731,-0.065602,-0.052937,-0.14437,-0.15566,-0.12507,-0.10484,0.0086366,-0.18426,-0.069982,0.024775,-0.0097934,-0.086278,-0.10336,-0.18292,-0.099279,-0.04142,-0.11727,-0.00372,-0.15722,-0.12785,-0.2025,-0.014831,-0.06733,-0.054369,-0.14937,-0.081351,-0.1345,-0.078967,0.068558,0.04191,-0.052071,-0.021514,0.074229,-0.16922,-0.0703,-0.097504,0.07617,-0.11064,-0.13112,0.022459,-0.16568,-0.10696,-0.0014375,-0.092133,-0.13084,0.10698,-0.19943,-0.14446,-0.020682,-0.096706,-0.065455,-0.16243,0.09661,-0.14581,0.017212,-0.076418
-0.00060203,0.13708,-0.16605,0.031132,0.046376,-0.0035582,0.018663,-0.031003,-0.075652,-0.04822,-0.017859,-0.20648,-0.14109,0.10256,0.15077,-0.13098,-0.1302,-0.17021,0.046587,-0.11938,0.15766,-0.11873,-0.02713,-0.10236,0.026695,0.005383,0.091114,0.01004,-0.21061,-0.098099,-0.063388,-0.099407,-0.1109,-0.079832,-0.21573,-0.14894,-0.0089979,-0.15747,-0.15439,-0.15066,-0.10652,-0.20994,-0.078323,-0.044379,-0.040187,-0.032662,-0.02188,-0.090489,-0.20394,-0.031975,-0.092001,-0.14194,-0.069917,-0.12138,0.063071,-0.042564,-0.12236,-0.073299,0.075579,0.0413,0.020386,-0.11808,0.048819,-0.11787,-0.02601,-0.050108,-0.18302,0.026381,0.10071,-0.01228,0.088066,-0.11656,-0.12561,-0.11573,-0.1389,-0.17793,-0.14647,-0.038976,0.040077,-0.074204,-0.12237,-0.21079,-0.17579,0.027399,-0.072287,0.094147,-0.058323,-0.063655,0.1303,-0.087963,-0.1875,-0.056752,-0.083378,-0.11339,-0.026086,-0.17405,-0.17828,-0.11564,-0.039044,-0.14842,-0.18024,-0.010625,-0.10385,0.088108,0.094012,-0.13527,-0.017658,-0.10541,0.11561,0.00015071,-0.10168,0.04523,-0.088348,-0.12648,-0.051377,0.032268,-0.028276,0.095466,-0.091406,-0.14013,-0.092799,0.096965,-0.0052665,-0.087351,-0.058946,0.14219,0.026354,-0.069666,0.027681,-0.11823,0.13508,-0.0032421,-0.049498,0.049742,-0.1035,-0.042214,0.098087,-0.075786,-0.0214,-0.077847,-0.0066344,-0.060272,-0.056694,-0.065829,-0.083042,0.0087738,-0.17861,-0.072246,-0.047928,0.04267,0.1314,-0.12839,0.048343,0.158,0.054664,-0.040021,-0.046678,-0.11099,-0.017785,-0.10741,-0.050966,0.0869,-0.095123,-0.063733,-0.14457,-0.01585,-0.050556,0.0028277,-0.063918,-0.10576,-0.1155,-0.16485,0.085153,0.045674,0.023179,-0.043207,0.093194,-0.10668,-0.20192,-0.14934,0.11445,0.037883,-0.22508,0.083346,-0.11833,0.027895,0.020368,-0.045091,-0.044608,0.15018,-0.13197,-0.063443,0.12544,0.0045632,-0.0032602,-0.11049,0.12514,-0.092702,0.0090865,0.089865
-0.0027883,0.085943,-0.089985,-0.071737,0.11612,-0.10791,0.033484,-0.06448,-0.062257,-0.11463,-0.092995,-0.091578,0.064521,0.11541,0.048594,0.066121,0.053798,-0.0596,0.12526,-0.05715,0.03022,-0.10237,-0.038007,-0.10853,0.014348,-0.11184,0.13609,-0.11558,0.012571,0.12382,0.045585,-0.010525,-0.026089,-0.11368,-0.060297,0.074475,0.16209,0.052288,0.010645,-0.067024,-0.045396,0.019917,0.0037849,-0.013906,-0.10566,-0.10036,0.042416,0.064421,-0.058817,0.015346,0.0093202,-0.097154,-0.11422,-0.029547,-0.080835,-0.081644,-0.10766,-0.0072609,0.10005,0.011696,-0.11662,-0.070951,0.1471,-0.084037,0.15408,0.046939,0.0039212,-0.042642,-0.047459,0.016783,0.083846,-0.063262,-0.0493,-0.11214,-0.072432,0.0050528,0.011954,-0.11825,0.016184,-0.11353,0.10597,-0.099802,-0.084567,0.076105,-0.0056473,0.14102,-0.11133,-0.040492,0.063199,0.0096585,-0.077491,-0.11601,-0.024895,-0.046035,-0.061244,-0.074039,-0.077142,-0.10467,0.040846,0.070305,-0.028243,-0.081427,-0.053565,0.014039,0.15613,-0.021379,-0.00072959,0.016726,0.070707,-0.10683,0.048002,-0.023296,-0.10182,-0.10917,0.071727,0.099584,0.088636,-0.030608,-0.098981,-0.0078056,-0.11244,0.047914,0.15703,0.028722,0.026157,0.077219,0.074727,-0.099581,0.0022854,-0.048079,0.028669,-0.0066961,0.072551,-0.070207,-0.092297,0.097269,0.13857,0.027283,-0.05634,-0.088206,0.081934,-0.097838,-0.10025,0.073584,0.048629,0.0026047,0.0015754,-0.1034,-0.05245,-0.10342,0.015579,-0.075844,-0.089378,0.029819,0.023984,-0.0047146,-0.021712,-0.098777,-0.11991,0.087007,-0.03763,0.014151,-0.062351,-0.042838,-0.091025,0.072026,0.02594,0.004802,-0.090517,0.041848,-0.012861,0.051816,0.12146,0.12086,-0.11271,0.084328,0.12154,-0.072493,0.029888,0.038738,0.096182,-0.096627,-0.0068953,0.044257,-0.053558,-0.078443,0.060663,-0.0084434,-0.066617,0.11326,-0.10067,-0.074552,-0.0033056,-0.11882,-0.004434,-0.055614,0.12172,-0.045216,0.11038,-0.043753
0.017769,-0.2521,0.38065,0.061743,-0.30372,0.18679,-0.045111,0.13837,0.20079,0.34196,0.17127,0.40723,0.13205,-0.25396,-0.2207,0.11745,0.12854,0.32683,-0.19431,0.25608,-0.20733,0.36107,0.094717,0.36164,-0.035657,0.18676,-0.2749,0.26196,0.26616,0.0069524,0.049865,0.15894,0.19508,0.37098,0.36687,0.13297,-0.1914,0.17833,0.2047,0.31749,0.21781,0.25864,0.11375,0.088542,0.2395,0.21206,-0.0014618,0.066351,0.35696,0.039776,0.12567,0.37369,0.35917,0.21432,0.037243,0.18606,0.38301,0.11978,-0.19671,-0.051592,0.21153,0.28065,-0.23797,0.30922,-0.14178,0.031016,0.24687,0.027715,-0.061318,0.012414,-0.19129,0.2633,0.25118,0.3935,0.31308,0.23966,0.19328,0.30918,-0.054676,0.34341,0.065777,0.41937,0.37834,-0.10278,0.11652,-0.28884,0.29373,0.14933,-0.216,0.11995,0.37493,0.33395,0.15555,0.22858,0.12614,0.35724,0.36682,0.36472,0.022702,0.1361,0.28701,0.13735,0.22743,-0.11227,-0.34358,0.22128,0.038022,0.13508,-0.20835,0.29853,0.097521,-0.019578,0.31186,0.39192,0.0070802,-0.13793,-0.042328,-0.074746,0.30786,0.20936,0.37057,-0.15931,-0.17913,0.098622,0.063991,-0.24627,-0.099802,0.27239,-0.024387,0.23878,-0.1821,0.02547,0.00371,0.034497,0.30821,-0.033275,-0.28878,0.08496,0.11204,0.25628,-0.063941,0.25143,0.25198,0.024362,0.072557,-0.00023241,0.24471,0.28885,0.14429,0.12227,-0.16433,0.30583,0.14514,-0.20724,-0.08124,0.072144,0.10102,0.33865,0.28558,0.065665,0.12746,-0.11093,0.23001,0.1528,0.3617,-0.040604,0.053176,0.0052048,0.23904,0.10906,0.18352,0.17434,-0.24121,-0.18618,0.23343,-0.017375,-0.25186,0.26687,0.24055,0.16785,-0.24024,0.10132,0.30087,-0.13862,0.24824,0.07721,-0.076172,0.083167,0.16192,-0.30324,0.37211,0.20459,-0.13855,0.22339,0.023038,0.24058,-0.29067,0.19779,-0.12013,-0.052799
-0.01457,0.1754,-0.28895,-0.00028872,0.2868,-0.10088,0.017148,-0.080731,-0.13814,-0.26636,-0.093604,-0.32911,-0.17132,0.16005,0.17872,-0.1561,-0.15567,-0.25692,0.10405,-0.19048,0.19141,-0.26384,-0.058962,-0.26475,0.02136,-0.09927,0.17344,-0.20345,-0.28507,-0.10524,-0.074032,-0.13397,-0.15578,-0.28182,-0.31297,-0.18792,0.10457,-0.28915,-0.19429,-0.2413,-0.16343,-0.3052,-0.10341,-0.069594,-0.15293,-0.12879,-0.026617,-0.10208,-0.29685,-0.045912,-0.11781,-0.2769,-0.27313,-0.17085,0.046357,-0.11394,-0.28265,-0.1014,0.11511,0.03772,-0.13256,-0.20455,0.14092,-0.2236,0.050674,-0.058034,-0.2348,0.0068166,0.13388,-0.022857,0.11823,-0.19331,-0.19106,-0.29278,-0.23347,-0.22734,-0.18372,-0.22731,0.037279,-0.25241,-0.15312,-0.34085,-0.29155,0.043478,-0.099589,0.18549,-0.20365,-0.10584,0.15659,-0.11291,-0.29561,-0.24898,-0.12135,-0.17269,-0.071677,-0.27713,-0.28535,-0.26685,-0.046911,-0.18491,-0.24428,-0.068434,-0.16694,0.094004,0.24968,-0.18326,-0.033895,-0.13162,0.14261,-0.25951,-0.11967,0.03595,-0.22018,-0.29027,-0.051722,0.063301,-0.016618,0.10695,-0.2171,-0.18261,-0.27565,0.1118,0.08781,-0.10681,-0.074105,0.17671,0.041573,-0.18493,0.019766,-0.18057,0.15596,-0.01873,-0.049155,0.028893,-0.21933,-0.029657,0.18542,-0.093504,-0.062081,-0.17437,0.0062441,-0.16632,-0.16606,-0.068774,-0.096709,-0.0022419,-0.22915,-0.19913,-0.09379,-0.029349,0.15194,-0.22473,-0.067843,0.19223,0.055993,-0.061245,-0.07543,-0.24463,-0.20942,-0.12007,-0.088352,0.092528,-0.16405,-0.10742,-0.26862,-0.0091596,-0.064421,-0.0085931,-0.15784,-0.126,-0.15455,-0.2084,0.14665,0.098077,-0.17341,-0.036894,0.15607,-0.19133,-0.28952,-0.18312,0.15666,-0.015609,-0.31217,0.09475,-0.18563,-0.0099913,0.028371,-0.068467,-0.10079,0.20867,-0.27405,-0.13462,0.14847,-0.13909,-0.018126,-0.17746,0.1911,-0.14572,0.042949,0.10083
0.033165,0.051255,-0.065027,0.16631,0.05746,0.14636,-0.005915,0.088946,0.043911,0.023872,0.12376,-0.1212,-0.19978,0.00082519,0.10741,-0.18733,-0.16191,-0.061932,-0.064097,-0.0031627,0.15722,-0.017659,0.062725,-0.0084985,0.027836,0.15922,-0.0098214,0.12386,-0.22791,-0.28748,-0.084395,-0.030205,-0.020914,-0.011026,-0.13193,-0.24325,-0.13568,-0.38539,-0.11254,-0.036365,0.001818,-0.28759,-0.03356,0.01682,0.094945,0.10653,-0.04825,-0.13666,-0.11126,-0.016672,-0.052236,-0.041025,0.0032754,-0.026725,0.24208,0.089608,-0.034246,-0.014103,-0.023664,0.043486,0.17195,0.0027822,-0.05999,0.0016965,-0.16434,-0.075925,-0.1398,0.11789,0.27211,-0.0046757,-0.0012433,0.0025149,-0.014166,-0.040524,-0.021981,-0.13395,-0.10577,0.061568,0.035616,0.018299,-0.28687,-0.13212,-0.074281,-0.049947,-0.01558,-0.002747,0.060284,0.035147,0.06131,-0.049563,-0.087349,0.032591,0.0009636,-0.0042585,0.09057,-0.067651,-0.074348,-0.017904,-0.058832,-0.22891,-0.092937,0.12523,0.010509,0.08261,0.046376,-0.048721,0.017438,-0.074338,0.037473,0.071592,-0.12105,0.1049,0.028466,-0.043138,-0.11117,-0.065744,-0.11126,0.18765,0.027321,-0.070162,-0.012336,0.041953,-0.13281,-0.077995,-0.052195,0.063622,-0.049457,0.057469,0.047202,-0.0075049,0.11615,0.037092,-0.11062,0.1919,0.016192,-0.13423,0.00062182,-0.066645,0.08982,0.050594,-0.084856,0.070917,0.074778,-0.12672,-0.10523,0.032021,-0.12916,0.050571,0.061391,0.22828,0.13701,-0.0094272,0.25247,0.15918,0.035942,0.0069701,0.025762,-0.00075063,0.091218,-0.1942,0.042487,0.081156,0.024599,0.037607,-0.037946,-0.081524,-0.045687,0.024217,0.067434,-0.11479,-0.040759,-0.21391,-0.019763,-0.063781,0.15821,-0.11991,-0.0104,0.016016,-0.28537,-0.15731,0.019556,0.20864,-0.22753,0.033382,-0.0040395,0.17056,-0.039148,0.0085934,0.077456,0.059148,-0.032867,0.063587,0.17408,0.14868,0.033658,0.0051815,0.02805,0.01447,-0.095948,0.21212
-0.030803,-0.23936,0.31756,-0.09488,-0.32486,0.0058301,-0.048268,0.016291,0.096561,0.22564,0.011717,0.383,0.2204,-0.19159,-0.26386,0.20196,0.19265,0.27648,-0.09402,0.1754,-0.28795,0.2621,0.0049151,0.25537,-0.066932,-0.0027111,-0.19225,0.099119,0.33679,0.19894,0.080447,0.12316,0.14391,0.26989,0.36094,0.24908,-0.034089,0.3602,0.21758,0.24808,0.14319,0.36205,0.090925,0.034571,0.08172,0.053277,0.016038,0.13083,0.33821,0.02252,0.11366,0.29142,0.25007,0.1631,-0.16298,0.048928,0.29242,0.081214,-0.13453,-0.090428,0.016189,0.18794,-0.12294,0.20883,0.022617,0.060517,0.26926,-0.08444,-0.24795,-0.0068524,-0.1524,0.17583,0.18091,0.30642,0.23245,0.25967,0.20397,0.16541,-0.086897,0.22176,0.23497,0.3999,0.32404,-0.052074,0.079818,-0.20709,0.14892,0.066203,-0.22409,0.10734,0.33271,0.20614,0.097148,0.15609,0.0063963,0.30346,0.316,0.26504,0.041553,0.24205,0.2697,-0.012599,0.1432,-0.16449,-0.29388,0.18522,-0.0040097,0.13678,-0.19842,0.17805,0.14175,-0.11019,0.18738,0.30651,0.071043,-0.059905,0.038864,-0.20591,0.18547,0.19167,0.26713,-0.1683,-0.025542,0.1117,0.066939,-0.24662,-0.050565,0.13508,-0.072746,0.16628,-0.24113,-0.027881,0.068346,-0.13143,0.19533,0.063495,-0.2104,0.093213,-0.003053,0.12968,0.0029411,0.10928,0.10652,0.094709,0.11223,-0.043499,0.2606,0.15252,0.042065,-0.093435,-0.24166,0.21632,-0.072266,-0.28913,-0.10685,0.029459,0.03732,0.23143,0.12832,0.17204,0.044402,-0.16243,0.13339,0.066843,0.28044,0.015409,0.054067,-0.033679,0.1036,0.14578,0.14996,0.25936,-0.16376,-0.089757,0.05443,0.061888,-0.17907,0.1668,0.34774,0.21865,-0.2022,-0.097297,0.36435,-0.14664,0.1704,-0.087331,-0.043538,0.0366,0.041926,-0.27777,0.28312,0.083024,-0.24536,0.035368,-0.027199,0.15717,-0.23949,0.11824,-0.021823,-0.2054
-0.030626,-0.24498,0.29122,-0.044203,-0.27134,0.030057,-0.068928,0.039821,0.10501,0.19187,0.039507,0.34012,0.12713,-0.21638,-0.24034,0.11337,0.11457,0.25094,-0.13861,0.16877,-0.23797,0.24411,0.019895,0.23527,-0.071797,0.019585,-0.21664,0.070203,0.23552,0.098441,0.030994,0.10315,0.12936,0.23773,0.31058,0.13919,-0.068703,0.19185,0.16469,0.23087,0.13791,0.2329,0.067081,0.030912,0.093139,0.071727,-0.020786,0.060742,0.29549,0.0018751,0.082421,0.26997,0.2194,0.14701,-0.089767,0.069497,0.26811,0.066005,-0.16846,-0.088946,0.013666,0.18263,-0.15737,0.20148,-0.032669,0.013646,0.20685,-0.048556,-0.14646,-0.02373,-0.17794,0.1709,0.17056,0.27716,0.21947,0.19942,0.15338,0.14642,-0.089193,0.20145,0.11839,0.35414,0.2953,-0.094239,0.063818,-0.22751,0.14494,0.071748,-0.22305,0.076932,0.29981,0.1829,0.089749,0.14885,0.030851,0.2766,0.28715,0.24578,0.0015116,0.13748,0.23021,0.020157,0.14099,-0.14753,-0.2821,0.16061,-0.0097593,0.09649,-0.20806,0.13061,0.079316,-0.079895,0.18159,0.27983,0.0088918,-0.10809,-0.024302,-0.13924,0.1808,0.15746,0.24081,-0.17325,-0.070781,0.0677,0.032131,-0.24628,-0.092444,0.13895,-0.068259,0.15806,-0.21097,-0.025634,0.0063031,-0.070424,0.1901,-0.0070572,-0.2308,0.053345,0.02154,0.13594,-0.051302,0.11809,0.11528,0.027179,0.055193,-0.044684,0.20278,0.15218,0.056802,-0.05267,-0.20016,0.20685,-0.067129,-0.23813,-0.11039,0.020856,0.037863,0.2192,0.10961,0.080916,0.052278,-0.1461,0.13554,0.073335,0.26097,-0.036945,0.021468,-0.038074,0.11434,0.086557,0.12678,0.16104,-0.1947,-0.13515,0.030487,-0.004001,-0.20692,0.16544,0.21931,0.14416,-0.22067,-0.04644,0.26536,-0.15447,0.16347,-0.037323,-0.080301,0.029223,0.061215,-0.28225,0.26246,0.096526,-0.18467,0.038865,-0.026562,0.15324,-0.25468,0.11712,-0.079101,-0.12924
0.011306,-0.16563,0.33193,-0.1184,-0.040365,-0.094924,0.014942,0.0046086,0.092147,0.071352,-0.046653,0.43149,0.31064,-0.084174,-0.2097,0.29323,0.27655,0.30726,0.042008,0.1862,-0.23997,0.22474,0.02118,0.19385,-0.01552,-0.12332,-0.056585,-0.14575,0.40625,0.37895,0.15619,0.16709,0.17849,0.16692,0.4177,0.34533,0.21804,0.43116,0.28147,0.26367,0.16139,0.42773,0.14211,0.071196,-0.0033226,-0.019517,0.087375,0.22002,0.38862,0.077799,0.16952,0.28045,0.13279,0.19706,-0.21053,0.01392,0.25424,0.12468,-0.032445,-0.041372,-0.18874,0.18487,0.050228,0.19154,0.24004,0.13637,0.33463,-0.073467,-0.24144,0.048186,-0.065823,0.17995,0.20042,0.25709,0.23759,0.32464,0.26743,0.014055,-0.035187,0.1205,0.36897,0.4522,0.34828,0.038324,0.1243,-0.065937,0.051026,0.082641,-0.1595,0.16304,0.36789,0.075831,0.1288,0.17522,-0.001576,0.32989,0.34438,0.22219,0.11294,0.3356,0.32059,-0.049913,0.15331,-0.11703,-0.10956,0.22768,0.040246,0.19828,-0.12647,-0.07485,0.22104,-0.083353,0.12812,0.27246,0.16382,0.049731,0.14411,-0.18364,0.13314,0.24342,0.18709,-0.1049,0.19388,0.17874,0.13053,-0.17888,0.038912,0.072593,-0.028622,0.18482,-0.19152,0.011744,0.16165,-0.15332,0.15998,0.17764,-0.075152,0.1586,-0.0055146,0.090577,0.10101,0.047795,0.038895,0.18951,0.19093,0.0016607,0.32426,0.082476,0.045367,-0.22145,-0.19643,0.21296,-0.3072,-0.24126,-0.051719,0.072264,0.068251,0.1918,-0.054492,0.27885,0.062379,-0.11483,0.13257,0.08111,0.27545,0.1064,0.11699,0.013141,0.057076,0.22168,0.19451,0.34234,-0.043573,0.040765,-0.20234,0.16425,-0.061853,0.15791,0.41676,0.29546,-0.11437,-0.17806,0.43129,-0.083297,0.18416,-0.12167,0.036582,0.077151,0.02852,-0.1959,0.26019,0.061297,-0.20704,-0.13324,0.013939,0.16692,-0.13761,0.13404,0.10201,-0.19429
-0.033115,0.24026,-0.43536,-0.010953,0.39171,-0.14107,0.0096901,-0.12153,-0.20447,-0.37063,-0.13574,-0.48701,-0.2543,0.22141,0.23433,-0.2345,-0.23488,-0.38089,0.13303,-0.28227,0.24354,-0.39472,-0.093047,-0.39318,0.016608,-0.13625,0.24131,-0.24482,-0.4005,-0.14991,-0.1215,-0.20259,-0.23291,-0.41336,-0.45379,-0.27199,0.11136,-0.36004,-0.28796,-0.35876,-0.24294,-0.41664,-0.1601,-0.11028,-0.21647,-0.18366,-0.053604,-0.16165,-0.43442,-0.079127,-0.18102,-0.41777,-0.39416,-0.25451,0.043521,-0.16673,-0.42721,-0.15629,0.15205,0.039758,-0.16359,-0.30277,0.18354,-0.33125,0.043683,-0.098834,-0.34226,-0.0012788,0.15054,-0.046366,0.15643,-0.2862,-0.28338,-0.44456,-0.34708,-0.33244,-0.2735,-0.31085,0.039002,-0.36425,-0.21527,-0.50343,-0.43722,0.046127,-0.15385,0.26039,-0.2889,-0.15974,0.20905,-0.17409,-0.44002,-0.35071,-0.1834,-0.25648,-0.10904,-0.4132,-0.42584,-0.39928,-0.082547,-0.26984,-0.35845,-0.10247,-0.24758,0.11762,0.3653,-0.27255,-0.060661,-0.20106,0.19077,-0.31937,-0.18578,0.038075,-0.32139,-0.44123,-0.091123,0.074285,-0.041706,0.12933,-0.31761,-0.27182,-0.40836,0.1446,0.095171,-0.16682,-0.12023,0.23983,0.043391,-0.26708,0.014933,-0.26797,0.20092,-0.038704,-0.087509,0.026457,-0.32313,-0.060616,0.261,-0.14789,-0.095938,-0.25439,-0.0084094,-0.23958,-0.23831,-0.11528,-0.1537,-0.016072,-0.33512,-0.28729,-0.14132,-0.047651,0.19315,-0.33356,-0.079453,0.24431,0.065206,-0.099215,-0.11789,-0.36279,-0.27468,-0.18493,-0.13491,0.11562,-0.24261,-0.16179,-0.40356,-0.030194,-0.10641,-0.025205,-0.22907,-0.19439,-0.23186,-0.30269,0.19997,0.12458,-0.20086,-0.070497,0.21494,-0.28253,-0.39742,-0.27212,0.21478,-0.031617,-0.43457,0.1203,-0.27521,-0.023815,0.024687,-0.10917,-0.14988,0.2957,-0.41293,-0.19781,0.1848,-0.18084,-0.03802,-0.263,0.27112,-0.21708,0.043372,0.11878
0.02951,-0.35559,0.54416,0.12089,-0.7457,0.35549,-0.069163,0.22546,0.3077,0.65416,0.302,0.56532,0.16803,-0.39065,-0.30385,0.14434,0.16313,0.46111,-0.3396,0.37437,-0.29095,0.55709,0.14904,0.58087,-0.048726,0.37079,-0.45073,0.62058,0.38787,-0.070724,0.052923,0.22265,0.27729,0.64226,0.51208,0.17166,-0.45827,0.29681,0.28023,0.45609,0.31739,0.39429,0.15633,0.12956,0.42133,0.3716,-0.01534,0.068064,0.49753,0.052001,0.17049,0.55281,0.6387,0.30418,0.088243,0.30729,0.59067,0.16878,-0.30788,-0.069183,0.48599,0.41706,-0.44139,0.46677,-0.34489,0.026453,0.34314,0.057441,-0.093738,0.014672,-0.28556,0.38845,0.36257,0.61857,0.45645,0.33212,0.26365,0.59233,-0.074842,0.59348,0.052159,0.58084,0.53513,-0.16956,0.16374,-0.47672,0.51301,0.22425,-0.30086,0.1626,0.52536,0.61025,0.22435,0.33168,0.20616,0.50498,0.51719,0.56752,0.017982,0.17586,0.39981,0.23937,0.33538,-0.15213,-0.62137,0.30996,0.056068,0.18099,-0.29574,0.70833,0.11881,-0.015689,0.50472,0.60033,-0.019426,-0.23551,-0.099094,-0.10038,0.49293,0.28976,0.6146,-0.22381,-0.40449,0.12676,0.080311,-0.34338,-0.16469,0.45046,-0.02936,0.34604,-0.25086,0.0414,-0.02459,0.077981,0.47936,-0.093641,-0.46969,0.10848,0.18328,0.40904,-0.12307,0.41955,0.42528,0.0037058,0.083204,0.0031958,0.3393,0.48067,0.22488,0.27264,-0.22749,0.45209,0.40224,-0.2912,-0.11299,0.10365,0.1498,0.52643,0.58781,0.057711,0.19329,-0.15029,0.34572,0.23026,0.53116,-0.084728,0.065728,0.0097115,0.39032,0.13717,0.25648,0.23795,-0.38705,-0.32265,0.58233,-0.061495,-0.39833,0.40195,0.36347,0.22451,-0.3523,0.20965,0.4416,-0.19585,0.36182,0.14903,-0.12444,0.12003,0.25943,-0.43105,0.5605,0.3243,-0.19521,0.47014,0.037256,0.35368,-0.4345,0.29125,-0.22461,-0.068382
-0.026005,-0.067495,0.11633,-0.18267,0.012732,-0.18361,0.011029,-0.086053,-0.023726,-0.059081,-0.14169,0.18664,0.25026,0.0064094,-0.13221,0.23727,0.21256,0.12339,0.095081,0.043586,-0.17806,0.038561,-0.052525,0.015947,-0.027522,-0.20546,0.035407,-0.20201,0.28356,0.34832,0.11765,0.071536,0.064741,-0.00082022,0.20512,0.29027,0.22615,0.38402,0.17237,0.087807,0.036402,0.32441,0.068418,0.0037951,-0.11606,-0.12555,0.067813,0.17956,0.18311,0.036285,0.092348,0.077473,-0.022258,0.074153,-0.26609,-0.091444,0.054521,0.046072,0.030983,-0.047745,-0.2462,0.032366,0.10969,0.027877,0.24387,0.10519,0.20594,-0.124,-0.27446,0.017774,-0.0021486,0.034715,0.059415,0.054202,0.066349,0.19925,0.16344,-0.10243,-0.039131,-0.032318,0.33475,0.19607,0.13157,0.062045,0.047354,0.031694,-0.079516,-0.012624,-0.081802,0.088276,0.15105,-0.060665,0.032361,0.045173,-0.087943,0.12721,0.13475,0.035737,0.083742,0.27749,0.16138,-0.1373,0.024332,-0.098449,0.0078912,0.10248,-0.0044268,0.11933,-0.052793,-0.1393,0.1656,-0.11255,-0.024134,0.065175,0.14519,0.085807,0.14385,-0.1998,-0.019438,0.1264,0.010757,-0.057296,0.21074,0.1175,0.082091,-0.083553,0.061424,-0.060581,-0.048276,0.049938,-0.13894,-0.029515,0.1443,-0.2098,0.001965,0.1736,0.024702,0.10228,-0.086834,-0.042263,0.10905,-0.076844,-0.084156,0.16497,0.14468,-0.027289,0.19515,-0.055517,-0.048139,-0.2798,-0.15757,0.04757,-0.32716,-0.17974,-0.042918,0.013287,-0.0055242,0.019231,-0.148,0.24287,-0.023924,-0.096749,0.0035974,-0.015668,0.078269,0.1054,0.072723,-0.017365,-0.066578,0.16027,0.08789,0.2657,0.036338,0.091999,-0.24316,0.15505,0.02446,0.01328,0.32277,0.21244,-0.025728,-0.24488,0.28553,-0.045744,0.045054,-0.18991,0.048961,0.013002,-0.070842,-0.068005,0.062231,-0.053697,-0.18932,-0.21001,-0.02582,0.031862,-0.024404,0.018144,0.12817,-0.22309
0.031912,-0.26746,0.40005,0.18331,-0.55963,0.32954,-0.070159,0.21505,0.25208,0.49842,0.28692,0.38817,-0.021886,-0.32494,-0.1814,-0.030911,-0.00060858,0.31986,-0.31126,0.2789,-0.13187,0.42963,0.14201,0.45051,-0.03133,0.34173,-0.37735,0.46977,0.12529,-0.21299,-0.030633,0.13701,0.18714,0.49387,0.3198,-0.046308,-0.40061,-0.042825,0.1245,0.33099,0.23471,0.085289,0.082833,0.096807,0.35826,0.32806,-0.057709,-0.053643,0.32094,0.01471,0.080798,0.4188,0.491,0.20521,0.199,0.27556,0.45426,0.10591,-0.26892,-0.036169,0.4033,0.31828,-0.38234,0.35986,-0.3407,-0.04476,0.15592,0.10948,0.098605,-0.0053988,-0.23852,0.29402,0.26222,0.47638,0.33935,0.15114,0.1161,0.46183,-0.045997,0.46196,-0.14467,0.39859,0.38575,-0.17559,0.10099,-0.39574,0.41246,0.18179,-0.21191,0.076549,0.3674,0.47279,0.15956,0.24263,0.20172,0.35902,0.36724,0.43823,-0.039711,-0.034687,0.2408,0.24417,0.25475,-0.073201,-0.49656,0.19489,0.041262,0.073458,-0.22332,0.51619,-0.0060649,0.046919,0.39981,0.46089,-0.10123,-0.23445,-0.15895,0.040381,0.39048,0.163,0.47515,-0.15977,-0.37077,0.029305,0.011801,-0.24838,-0.17157,0.36775,-0.0031125,0.25251,-0.12905,0.043616,-0.10465,0.16797,0.37608,-0.16769,-0.38946,0.023243,0.18439,0.33418,-0.1613,0.34964,0.35502,-0.094016,-0.021967,0.011155,0.16076,0.38779,0.19854,0.29976,-0.094049,0.34202,0.35646,-0.13055,-0.075333,0.070295,0.11832,0.40882,0.45823,-0.095885,0.16263,-0.072785,0.27135,0.188,0.39989,-0.13096,0.0052124,0.010724,0.32692,0.011912,0.15669,0.019553,-0.33046,-0.29865,0.44737,-0.13687,-0.33586,0.31254,0.063349,0.048564,-0.28306,0.25953,0.17108,-0.14283,0.26783,0.20464,-0.13444,0.083917,0.23389,-0.33349,0.42843,0.27545,-0.040746,0.3959,0.038122,0.2666,-0.35106,0.2215,-0.24132,0.079368
-0.066234,-0.057207,-0.089559,-0.061025,0.022219,-0.090916,-0.065609,-0.0738,-0.080825,-0.13149,-0.080739,-0.095296,-0.0922,-0.062481,-0.044319,-0.089529,-0.088652,-0.092112,-0.061434,-0.086032,-0.033456,-0.093065,-0.070425,-0.098057,-0.063075,-0.096226,-0.059747,-0.16603,-0.11257,-0.074647,-0.07685,-0.08139,-0.083351,-0.11172,-0.1025,-0.096754,-0.024379,-0.13789,-0.091806,-0.089805,-0.083447,-0.12172,-0.078171,-0.072829,-0.094273,-0.08839,-0.071223,-0.081251,-0.098798,-0.071583,-0.080388,-0.089833,-0.11657,-0.085052,-0.050856,-0.080272,-0.092972,-0.077304,-0.063301,-0.060569,-0.13401,-0.087343,-0.051535,-0.089388,-0.043205,-0.075038,-0.098561,-0.060079,-0.024369,-0.068857,-0.061876,-0.086275,-0.086321,-0.094967,-0.089079,-0.097213,-0.090168,-0.12506,-0.061185,-0.10904,-0.091062,-0.095559,-0.090741,-0.066737,-0.077155,-0.058717,-0.10351,-0.076624,-0.053596,-0.079756,-0.093036,-0.11927,-0.079041,-0.084463,-0.07235,-0.091656,-0.091826,-0.094042,-0.0734,-0.095549,-0.095564,-0.074021,-0.083708,-0.052295,-0.0447,-0.087256,-0.068945,-0.082713,-0.057403,-0.1819,-0.082869,-0.056669,-0.095298,-0.0919,-0.075431,-0.065865,-0.072088,-0.03994,-0.093709,-0.088304,-0.10353,-0.056409,-0.039347,-0.080056,-0.07574,-0.054485,-0.066812,-0.092881,-0.06199,-0.085255,-0.043307,-0.066494,-0.075175,-0.054713,-0.091099,-0.07308,-0.059889,-0.078244,-0.070802,-0.087851,-0.070028,-0.090718,-0.091918,-0.077398,-0.079828,-0.065034,-0.097128,-0.095866,-0.075082,-0.085224,-0.040257,-0.088703,-0.1375,-0.033008,-0.05972,-0.072244,-0.073227,-0.093022,-0.13606,-0.084443,-0.074411,-0.052573,-0.083558,-0.076797,-0.089798,-0.07113,-0.074538,-0.066067,-0.08718,-0.083419,-0.083991,-0.09864,-0.061975,-0.062457,-0.16732,-0.074068,-0.062105,-0.086504,-0.11851,-0.09228,-0.061047,-0.070772,-0.11714,-0.057932,-0.085625,-0.06355,-0.066973,-0.072971,-0.076637,-0.061103,-0.090952,-0.081517,-0.035362,-0.11938,-0.066585,-0.08478,-0.062985,-0.081423,-0.066367,-0.038588
-0.012339,0.10108,-0.18314,0.034052,0.14449,-0.014969,-0.0031405,-0.032314,-0.078189,-0.12213,-0.023188,-0.22353,-0.17044,0.075404,0.11815,-0.15878,-0.15276,-0.17547,0.025237,-0.1224,0.13414,-0.14823,-0.030083,-0.1415,0.0084963,-0.0081662,0.075034,-0.057089,-0.23928,-0.14969,-0.082175,-0.10367,-0.11282,-0.143,-0.22608,-0.18809,-0.0058388,-0.2456,-0.16348,-0.15728,-0.10802,-0.25725,-0.086363,-0.050685,-0.057885,-0.044249,-0.042252,-0.11372,-0.21182,-0.045666,-0.10066,-0.16538,-0.13404,-0.12295,0.075689,-0.04707,-0.15933,-0.079291,0.046525,0.022603,-0.011819,-0.12469,0.041241,-0.13068,-0.039844,-0.069757,-0.19346,0.023532,0.11886,-0.027837,0.056203,-0.12079,-0.12765,-0.16233,-0.14707,-0.18785,-0.15549,-0.093982,0.020322,-0.12312,-0.17483,-0.23123,-0.1898,-0.00029596,-0.078652,0.081784,-0.090231,-0.065493,0.095235,-0.096878,-0.19872,-0.11417,-0.086104,-0.11498,-0.027204,-0.18373,-0.18918,-0.14831,-0.057991,-0.18394,-0.18377,-0.012142,-0.10597,0.065786,0.11876,-0.13745,-0.02864,-0.11546,0.081129,-0.10116,-0.12057,0.036769,-0.1131,-0.16508,-0.075747,0.0051572,-0.054719,0.093931,-0.11333,-0.14429,-0.14381,0.066023,-0.011212,-0.10106,-0.073353,0.10567,-0.0012297,-0.087944,0.012538,-0.12003,0.10794,-0.013825,-0.074017,0.055329,-0.12081,-0.069471,0.083378,-0.089589,-0.022571,-0.088945,-0.033016,-0.075176,-0.07292,-0.090573,-0.10207,-0.0050247,-0.18753,-0.095335,-0.049426,0.043604,0.1097,-0.13754,0.040072,0.13487,0.031814,-0.048524,-0.051408,-0.13553,-0.074046,-0.13896,-0.053317,0.064591,-0.09834,-0.065442,-0.16314,-0.041127,-0.065424,-0.01106,-0.074485,-0.12288,-0.11895,-0.19477,0.061492,0.02276,-0.031348,-0.069341,0.069069,-0.1132,-0.24895,-0.16818,0.081591,0.041527,-0.25286,0.054053,-0.12075,0.030884,-0.0057846,-0.052467,-0.046557,0.11685,-0.15926,-0.067736,0.11394,-0.025095,-0.014398,-0.11303,0.097854,-0.094165,-0.016478,0.094995
-0.063433,0.54474,-0.83598,-0.3068,0.99377,-0.58005,0.12004,-0.39691,-0.49151,-0.92905,-0.51403,-0.84244,-0.059172,0.60883,0.40686,-0.03978,-0.091173,-0.682,0.53091,-0.57027,0.32292,-0.85527,-0.26827,-0.88294,0.061449,-0.59638,0.68588,-0.81302,-0.34281,0.2898,-0.0023844,-0.30765,-0.402,-0.95325,-0.71113,-0.017792,0.61971,0.0067133,-0.31937,-0.68894,-0.48247,-0.26402,-0.20149,-0.20253,-0.65438,-0.59561,0.070346,0.01866,-0.70637,-0.056124,-0.20694,-0.85391,-0.93628,-0.4406,-0.32845,-0.50998,-0.91011,-0.23731,0.4897,0.079786,-0.69307,-0.6409,0.64821,-0.71806,0.51434,0.029627,-0.38956,-0.17918,-0.13663,-0.0090621,0.45126,-0.59555,-0.54469,-0.95179,-0.69585,-0.37856,-0.30037,-0.84443,0.09541,-0.87915,0.1656,-0.86725,-0.8147,0.29783,-0.22828,0.72128,-0.76758,-0.36091,0.44345,-0.19714,-0.78665,-0.88395,-0.33584,-0.50124,-0.37066,-0.76019,-0.77954,-0.87008,0.028903,-0.038696,-0.54159,-0.43511,-0.51607,0.17486,0.91237,-0.43149,-0.090735,-0.20295,0.45029,-0.91292,-0.066818,-0.059448,-0.76942,-0.92841,0.12059,0.39577,0.2289,-0.022453,-0.75423,-0.37853,-0.92569,0.32807,0.57698,-0.11724,-0.069584,0.51646,0.29055,-0.69404,0.01477,-0.52217,0.30357,-0.084951,0.12735,-0.27216,-0.73704,0.23317,0.71479,-0.099708,-0.33767,-0.63929,0.24849,-0.65387,-0.66086,0.099572,-0.029208,-0.022139,-0.39609,-0.73315,-0.37933,-0.51325,0.23916,-0.69279,-0.61393,0.32071,0.1549,-0.15475,-0.24066,-0.8066,-0.8176,0.080092,-0.31938,0.17333,-0.53936,-0.3717,-0.8178,0.1932,-0.053016,-0.025492,-0.61579,-0.09929,-0.35206,-0.13945,0.60025,0.50988,-0.76343,0.18334,0.61758,-0.62185,-0.22236,-0.18464,0.54991,-0.44118,-0.4317,0.28904,-0.54963,-0.34609,0.22609,-0.18117,-0.43853,0.67333,-0.86485,-0.5241,0.13946,-0.68986,-0.075694,-0.54187,0.67763,-0.4497,0.38732,-0.097129
-0.16811,-0.14532,-0.066186,-0.323,-0.04048,-0.30114,-0.11813,-0.23547,-0.18515,-0.17968,-0.27637,0.013231,0.10783,-0.070495,-0.23194,0.092213,0.060646,-0.058635,-0.0090649,-0.13052,-0.29776,-0.13206,-0.20415,-0.14657,-0.15893,-0.31447,-0.040522,-0.2551,0.15096,0.24072,-0.031775,-0.096415,-0.10719,-0.1514,0.035663,0.16387,0.076659,0.36672,0.0039103,-0.092802,-0.13502,0.22509,-0.092805,-0.15114,-0.24647,-0.25824,-0.07163,0.030713,0.0074543,-0.11119,-0.070837,-0.10151,-0.16362,-0.10011,-0.41458,-0.23801,-0.11888,-0.11553,-0.062682,-0.17613,-0.31778,-0.14029,0.0067154,-0.14323,0.099159,-0.040899,0.04032,-0.2659,-0.44836,-0.12394,-0.09504,-0.13824,-0.11638,-0.11809,-0.11186,0.032526,-0.0049399,-0.21276,-0.16659,-0.17505,0.23009,0.026385,-0.050825,-0.055399,-0.1138,-0.040067,-0.2126,-0.17326,-0.17187,-0.074025,-0.029924,-0.18813,-0.13322,-0.12788,-0.23698,-0.055246,-0.047494,-0.13365,-0.060764,0.14506,-0.016021,-0.27717,-0.146,-0.21724,-0.038924,-0.073129,-0.15069,-0.044617,-0.14192,-0.20058,0.010882,-0.24939,-0.17872,-0.11048,0.0037137,-0.026541,0.010223,-0.34403,-0.17641,-0.047289,-0.14729,-0.16014,0.071137,-0.040555,-0.070422,-0.16524,-0.056631,-0.20715,-0.18232,-0.12421,-0.24991,-0.17293,0.0033724,-0.35266,-0.16219,0.037676,-0.045615,-0.05384,-0.23574,-0.19722,-0.019128,-0.22058,-0.22501,0.021243,-0.007666,-0.16598,0.027036,-0.20122,-0.20373,-0.39613,-0.27784,-0.12769,-0.41374,-0.30023,-0.16443,-0.13949,-0.16165,-0.14752,-0.23668,0.10298,-0.18141,-0.21563,-0.1634,-0.1762,-0.10113,-0.026974,-0.077738,-0.1572,-0.21553,0.0032895,-0.083483,0.12646,-0.0476,-0.012795,-0.28896,0.017368,-0.055141,-0.15568,0.22099,0.056135,-0.10487,-0.37371,0.15459,-0.15322,-0.12897,-0.32833,-0.073772,-0.14156,-0.22295,-0.13,-0.11385,-0.20866,-0.32466,-0.29793,-0.16888,-0.14007,-0.088643,-0.1498,0.0073861,-0.37414
-0.088076,-0.044125,-0.12555,-0.062069,-0.17682,-0.044689,-0.085899,-0.083542,-0.099873,-0.014137,-0.063285,-0.14789,-0.1557,-0.071776,-0.033061,-0.15304,-0.15108,-0.13965,-0.10366,-0.11875,-0.032878,-0.088795,-0.091213,-0.072178,-0.079333,-0.036202,-0.089615,0.023074,-0.16519,-0.15569,-0.12354,-0.12687,-0.12717,-0.043587,-0.15895,-0.15735,-0.16614,-0.12213,-0.15302,-0.12743,-0.11876,-0.15645,-0.12154,-0.10381,-0.056173,-0.060487,-0.10521,-0.13842,-0.15493,-0.10441,-0.12832,-0.10707,-0.035562,-0.13025,-0.05375,-0.078226,-0.086825,-0.11706,-0.078298,-0.072843,-0.0025268,-0.11113,-0.11966,-0.10283,-0.15703,-0.11822,-0.16152,-0.070952,-0.06035,-0.096293,-0.06681,-0.11466,-0.1247,-0.077913,-0.11931,-0.16012,-0.15035,-0.019783,-0.073958,-0.047327,-0.15345,-0.14813,-0.13325,-0.091802,-0.11701,-0.09166,-0.050918,-0.10419,-0.042555,-0.12673,-0.14195,-0.030012,-0.11663,-0.12119,-0.08324,-0.13608,-0.13719,-0.084795,-0.11227,-0.1575,-0.15398,-0.068982,-0.11433,-0.05421,-0.11501,-0.13827,-0.095483,-0.13526,-0.050567,0.037862,-0.13959,-0.067277,-0.074706,-0.088949,-0.12436,-0.097587,-0.11951,-0.05286,-0.079102,-0.14376,-0.059013,-0.0544,-0.15302,-0.13021,-0.11787,-0.03984,-0.091866,-0.071222,-0.077213,-0.12227,-0.037987,-0.0885,-0.12379,-0.058388,-0.090338,-0.12802,-0.087516,-0.12515,-0.083491,-0.084499,-0.10831,-0.070375,-0.06682,-0.13072,-0.13226,-0.085067,-0.1598,-0.067387,-0.094194,-0.03475,-0.039783,-0.11267,-0.008681,-0.032948,-0.068883,-0.10397,-0.10293,-0.087823,-0.0048237,-0.14926,-0.1003,-0.054682,-0.1069,-0.10343,-0.11203,-0.10946,-0.11428,-0.087893,-0.078201,-0.14006,-0.13273,-0.16021,-0.083618,-0.10156,0.022214,-0.12438,-0.079626,-0.10571,-0.15698,-0.1554,-0.058178,-0.046973,-0.16536,-0.059676,-0.11997,-0.060233,-0.090811,-0.10528,-0.087095,-0.044747,-0.098475,-0.089157,-0.044,-0.016048,-0.088892,-0.11597,-0.062277,-0.11351,-0.11202,-0.055143
-0.030143,-0.062003,0.053951,-0.051717,-0.16052,-0.033338,-0.028639,-0.027951,-0.0093259,0.052716,-0.030671,0.059043,0.020176,-0.060126,-0.059344,0.017497,0.013783,0.033448,-0.037097,0.0096277,-0.060337,0.048878,-0.028106,0.05172,-0.033646,-0.036477,-0.067779,-0.001473,0.029357,0.037065,-0.0059473,-0.0038459,0.00012613,0.066614,0.044374,0.027227,-0.023324,0.041931,0.013696,0.029514,0.00078199,0.031762,-0.0088793,-0.020427,-0.010118,-0.019222,-0.017105,0.0053375,0.042423,-0.019312,-0.0044226,0.053188,0.059576,0.0042385,-0.068587,-0.020769,0.062095,-0.011477,-0.043856,-0.037499,-0.033525,0.015255,-0.050459,0.024441,-0.0047076,-0.0091003,0.02183,-0.044435,-0.071547,-0.023916,-0.045901,0.010666,0.0098951,0.071768,0.027291,0.020387,0.011458,0.025376,-0.036468,0.044329,0.0358,0.062475,0.051936,-0.026049,-0.011611,-0.074644,0.014267,-0.016158,-0.05607,-0.0055025,0.049525,0.041225,-0.0093635,0.0037886,-0.029852,0.043667,0.047098,0.051488,-0.013057,0.02498,0.02507,-0.03579,0.0013987,-0.047756,-0.12653,0.0083688,-0.025561,0.00020432,-0.05295,0.034813,0.0045954,-0.045202,0.024069,0.067215,-0.0038355,-0.02717,-0.0074861,-0.059783,0.022325,0.0091443,0.060906,-0.0469,-0.020157,-0.0028668,-0.010669,-0.061289,-0.025826,0.0059877,-0.035995,0.006339,-0.056312,-0.030166,-0.004194,-0.058306,0.023111,-0.0015387,-0.074235,-0.0061379,-0.03139,0.0020876,-0.015105,-0.0025268,-0.0030058,0.00062416,-0.00021631,-0.031464,0.020636,0.012787,-0.021721,-0.062552,-0.056805,0.024066,-0.067201,-0.060411,-0.038684,-0.020402,-0.020632,0.03719,0.011124,0.01689,-0.02045,-0.047472,-0.00021592,-0.016102,0.046904,-0.013778,-0.012838,-0.029649,-0.0052527,0.0044133,0.0012454,0.023822,-0.054878,-0.035444,-0.02125,-0.0036821,-0.058843,0.0098723,0.031767,0.015791,-0.057646,-0.058934,0.031669,-0.043575,0.0079353,-0.051639,-0.025417,-0.019545,-0.022274,-0.076322,0.05357,-0.012181,-0.059105,-0.025227,-0.029773,0.0049752,-0.073261,-0.0048907,-0.018508,-0.063151
-0.010287,-0.069991,0.1683,-0.11172,0.030987,-0.11632,0.0079163,-0.037795,0.014824,0.007489,-0.078213,0.21843,0.17412,-0.018385,-0.098348,0.16586,0.14887,0.14466,0.062889,0.07241,-0.11665,0.1074,-0.019637,0.089649,-0.015674,-0.13873,0.0024773,-0.16363,0.19508,0.29425,0.083842,0.06676,0.069743,0.075761,0.2007,0.20291,0.20619,0.27209,0.13195,0.12084,0.057772,0.2128,0.058165,0.015322,-0.05159,-0.062092,0.048059,0.1267,0.18715,0.030537,0.074173,0.14084,0.051541,0.079679,-0.17792,-0.036592,0.12954,0.045372,0.0091123,-0.029405,-0.19679,0.072695,0.076721,0.079266,0.21292,0.074706,0.15719,-0.071165,-0.16823,0.016577,-0.014753,0.068889,0.080743,0.13437,0.10607,0.15243,0.12518,-0.037095,-0.024403,0.040451,0.25778,0.23038,0.17519,0.039496,0.045708,-0.0029688,-0.01212,0.013267,-0.070432,0.070993,0.18291,0.009233,0.042553,0.065872,-0.040326,0.16131,0.17033,0.10682,0.059946,0.19306,0.1477,-0.076102,0.052499,-0.064758,-0.029456,0.097588,0.004932,0.091548,-0.051403,-0.10519,0.11746,-0.066202,0.04073,0.14203,0.10261,0.056555,0.10275,-0.11961,0.043463,0.10804,0.087821,-0.046401,0.18226,0.086732,0.061553,-0.078232,0.039172,0.0013838,-0.0275,0.071483,-0.0948,-0.011786,0.102,-0.13109,0.060199,0.12652,-0.0093634,0.076031,-0.04085,0.012789,0.07585,-0.015883,-0.02199,0.11697,0.10277,-0.012614,0.15155,0.0088845,-0.010856,-0.21055,-0.10158,0.091317,-0.29987,-0.11734,-0.029039,0.019357,0.011024,0.083754,-0.089767,0.17435,0.0028043,-0.063662,0.039563,0.011841,0.13521,0.073222,0.054739,-0.0060095,-0.0095651,0.11449,0.080897,0.18245,0.0080079,0.060367,-0.2112,0.11074,-0.0034407,0.05572,0.21276,0.15002,-0.039615,-0.16805,0.20123,-0.036693,0.071078,-0.11779,0.031393,0.020409,-0.024285,-0.08532,0.12971,-0.0056635,-0.11491,-0.15069,-0.0097109,0.060673,-0.050523,0.041789,0.092064,-0.13467
0.032816,0.3499,-0.34834,-0.057239,0.56356,-0.21526,0.12046,-0.12852,-0.18888,-0.38855,-0.18118,-0.3679,-0.052787,0.36346,0.30923,-0.036986,-0.057405,-0.30159,0.31836,-0.23876,0.28679,-0.34535,-0.069103,-0.35492,0.10057,-0.22521,0.395,-0.37148,-0.21906,0.14858,0.022579,-0.12413,-0.16814,-0.38393,-0.33727,-0.043052,0.37949,-0.061413,-0.16282,-0.29542,-0.19818,-0.19732,-0.06898,-0.050289,-0.25693,-0.22612,0.077165,0.015402,-0.32788,0.017966,-0.079221,-0.34768,-0.38137,-0.18889,-0.051528,-0.18584,-0.3631,-0.08081,0.30551,0.11664,-0.29649,-0.26592,0.37913,-0.29561,0.30959,0.043935,-0.20904,-0.00087768,0.071682,0.048898,0.2934,-0.24759,-0.23148,-0.37579,-0.29353,-0.2013,-0.15026,-0.3543,0.12232,-0.35784,0.061069,-0.37686,-0.34562,0.20178,-0.076526,0.41036,-0.31195,-0.12738,0.30975,-0.07285,-0.34256,-0.36523,-0.12685,-0.20886,-0.11431,-0.3285,-0.33624,-0.3502,0.049869,-0.050826,-0.25966,-0.13888,-0.21062,0.18331,0.48974,-0.19295,0.011625,-0.08575,0.30489,-0.41983,-0.027991,0.061793,-0.31169,-0.36854,0.083318,0.24889,0.14526,0.11207,-0.30562,-0.1757,-0.37096,0.24805,0.34755,-0.039851,-0.0031758,0.34218,0.19806,-0.27778,0.081856,-0.21935,0.26267,0.02228,0.087392,-0.030185,-0.30012,0.14105,0.40748,-0.025639,-0.097103,-0.25442,0.16424,-0.25821,-0.26115,0.065878,-0.00053501,0.05548,-0.20798,-0.29557,-0.12799,-0.1734,0.23736,-0.28899,-0.26608,0.28638,0.15508,-0.02784,-0.067596,-0.32762,-0.35125,0.031913,-0.10334,0.18194,-0.2167,-0.13203,-0.33686,0.13447,0.0086244,0.05065,-0.241,-0.04403,-0.15093,-0.10425,0.35665,0.30774,-0.3525,0.11654,0.36546,-0.25465,-0.17429,-0.1084,0.34301,-0.12695,-0.26209,0.22523,-0.23021,-0.078439,0.16674,-0.041734,-0.15318,0.39995,-0.34962,-0.19892,0.19749,-0.28474,0.026153,-0.22383,0.39514,-0.17845,0.23755,0.077381
0.10686,-0.058853,0.17544,0.34991,-0.28445,0.43658,0.0013339,0.28174,0.24648,0.38675,0.37357,0.10846,-0.18143,-0.15382,0.04677,-0.17533,-0.12962,0.14433,-0.22912,0.1991,0.11914,0.25884,0.20609,0.28754,0.062555,0.46489,-0.20544,0.53692,-0.1084,-0.42568,-0.064085,0.093302,0.13051,0.31844,0.071753,-0.23988,-0.41166,-0.3518,-0.0050755,0.18112,0.18294,-0.17902,0.059942,0.12632,0.38512,0.37969,-0.039286,-0.1371,0.091344,0.04034,0.037351,0.2173,0.34158,0.13269,0.44036,0.32079,0.2481,0.095322,-0.14655,0.076461,0.54428,0.22721,-0.28075,0.24781,-0.39364,-0.063108,-0.015256,0.24736,0.38089,0.042056,-0.099503,0.2143,0.17658,0.25286,0.20412,-0.01221,-0.002548,0.41776,0.061941,0.34213,-0.36082,0.10241,0.15777,-0.11628,0.090879,-0.20976,0.37256,0.19605,-0.014848,0.038047,0.13511,0.37696,0.14237,0.17931,0.27542,0.15445,0.14994,0.26388,-0.040421,-0.2181,0.074213,0.3455,0.20445,0.0931,-0.22485,0.10143,0.094768,0.0082545,-0.046503,0.49621,-0.089869,0.19295,0.31239,0.23821,-0.13958,-0.17542,-0.1787,0.26597,0.30442,0.060877,0.29982,-0.0023424,-0.37705,-0.021047,-0.0020017,-0.034662,-0.11306,0.33558,0.1009,0.18019,0.087794,0.11826,-0.14119,0.36518,0.27845,-0.2123,-0.20022,-0.011761,0.26373,0.30371,-0.14865,0.34338,0.3528,-0.15261,-0.082231,0.093064,-0.0023908,0.33879,0.23785,0.51769,0.12866,0.22264,0.6159,0.12152,0.044071,0.099736,0.14903,0.27241,0.46622,-0.22807,0.19411,0.091948,0.23173,0.20254,0.21199,-0.12449,0.0015627,0.084157,0.3233,-0.072081,0.091294,-0.16637,-0.18427,-0.21919,0.57163,-0.17373,-0.17583,0.24236,-0.19338,-0.094177,-0.10368,0.45695,-0.079342,-0.00078546,0.19236,0.37025,-0.07689,0.10942,0.279,-0.089818,0.23466,0.28607,0.19585,0.49946,0.11114,0.20369,-0.13714,0.192,-0.21853,0.3162
0.024022,-0.20742,0.33642,0.097478,-0.43031,0.20709,-0.040222,0.14268,0.18527,0.38168,0.18436,0.33822,0.046252,-0.23825,-0.1528,0.037448,0.053792,0.27018,-0.20467,0.22127,-0.12493,0.34623,0.096571,0.35943,-0.021174,0.21095,-0.27508,0.31152,0.15471,-0.072894,0.012398,0.12101,0.15605,0.39407,0.28429,0.0363,-0.23889,0.049762,0.13321,0.27235,0.18551,0.13445,0.081622,0.076944,0.2471,0.2205,-0.018238,0.0096209,0.28158,0.026102,0.085488,0.34521,0.38566,0.17147,0.092528,0.18757,0.37196,0.093043,-0.18641,-0.029176,0.24619,0.25026,-0.25885,0.28356,-0.18822,-0.00045615,0.16191,0.056985,0.020003,0.0076034,-0.16988,0.23129,0.21165,0.392,0.27482,0.15726,0.12549,0.3371,-0.034252,0.35713,-0.026691,0.34881,0.3268,-0.10628,0.08982,-0.29171,0.30158,0.13483,-0.16623,0.081582,0.31454,0.35875,0.12868,0.19348,0.13229,0.30322,0.31153,0.35322,-0.0017212,0.042255,0.21552,0.15273,0.19822,-0.066695,-0.38398,0.16978,0.035582,0.086188,-0.1691,0.37102,0.04025,0.015168,0.30515,0.38039,-0.032046,-0.1459,-0.074708,-0.0076758,0.29834,0.15143,0.38023,-0.12129,-0.22056,0.054705,0.034461,-0.19534,-0.10339,0.26902,-0.0058308,0.2021,-0.11529,0.031508,-0.034722,0.080744,0.29127,-0.074403,-0.28822,0.047065,0.11969,0.24594,-0.084524,0.25006,0.25261,-0.022429,0.02452,0.0090337,0.16333,0.28704,0.1391,0.16192,-0.093718,0.27303,0.1877,-0.12429,-0.056138,0.060231,0.090234,0.32344,0.32018,-0.0074373,0.11815,-0.066035,0.20647,0.13873,0.32874,-0.062849,0.027681,0.010992,0.23417,0.051741,0.13878,0.07798,-0.23544,-0.19528,0.27973,-0.055832,-0.24293,0.24136,0.11864,0.088028,-0.21109,0.14023,0.18739,-0.10613,0.21292,0.11152,-0.078491,0.069854,0.16043,-0.26251,0.35049,0.19642,-0.062318,0.2515,0.028461,0.20908,-0.2677,0.17144,-0.14096,0.015183
0.042949,-0.068586,0.23981,-0.028236,-0.00044456,0.035054,0.045494,0.053771,0.10721,0.14711,0.043139,0.29595,0.24872,-0.020478,-0.10681,0.23443,0.22102,0.22619,0.047799,0.15941,-0.13963,0.19256,0.054255,0.18253,0.025075,0.027719,-0.010118,0.077091,0.32292,0.2652,0.13698,0.14276,0.1504,0.17735,0.29449,0.27972,0.10347,0.40506,0.2178,0.20298,0.1428,0.36093,0.12704,0.082728,0.084943,0.068662,0.092222,0.17979,0.27489,0.086015,0.14455,0.21582,0.16568,0.16175,-0.090014,0.070852,0.20674,0.11621,0.011804,0.0076366,0.034095,0.16233,0.03957,0.17016,0.1346,0.12394,0.25404,-0.010202,-0.15566,0.066892,-0.0065455,0.15747,0.1659,0.20908,0.19023,0.24699,0.20848,0.12193,0.011987,0.15739,0.2867,0.30793,0.24828,0.058613,0.11591,-0.016473,0.12174,0.094306,-0.067301,0.14044,0.25949,0.14428,0.12006,0.15094,0.047984,0.23858,0.24639,0.19237,0.10878,0.27074,0.23665,0.029358,0.13997,-0.045028,-0.041348,0.17992,0.061914,0.16342,-0.044651,0.10757,0.18068,-0.021502,0.1489,0.21459,0.14043,0.061266,0.12408,-0.10216,0.14925,0.19031,0.1827,-0.032425,0.10454,0.15141,0.12005,-0.07832,0.05915,0.11935,0.016078,0.15682,-0.098417,0.043408,0.13887,-0.056968,0.15825,0.14391,-0.020402,0.13823,0.042976,0.12009,0.097494,0.10444,0.10195,0.15763,0.16013,0.036418,0.24574,0.12799,0.074563,-0.040854,-0.10638,0.17837,-0.035767,-0.14104,0.0012797,0.082805,0.081687,0.17646,0.099514,0.22019,0.080852,-0.043422,0.13075,0.093956,0.21245,0.10256,0.11132,0.044002,0.10326,0.18084,0.15971,0.2752,0.00099735,0.048934,0.052425,0.1385,-0.0091346,0.14845,0.35199,0.23349,-0.036472,-0.038944,0.33745,-0.018369,0.1575,-0.024562,0.058913,0.08614,0.070321,-0.085193,0.20746,0.094893,-0.12143,0.049083,0.044759,0.14824,-0.05105,0.12669,0.089977,-0.10921
0.027944,-0.13109,0.34209,-0.099741,-0.26565,-0.033588,0.037226,0.022802,0.10654,0.21436,-0.0086125,0.42856,0.32338,-0.072848,-0.17393,0.30423,0.28528,0.3061,0.033853,0.19317,-0.21487,0.26839,0.033773,0.25724,0.0065607,-0.050913,-0.071437,0.042041,0.42723,0.36643,0.16711,0.16986,0.1801,0.27232,0.41327,0.36493,0.11739,0.51133,0.28183,0.26891,0.16649,0.47062,0.14836,0.081322,0.055893,0.029375,0.1037,0.22899,0.38341,0.091508,0.1744,0.30653,0.24685,0.19761,-0.19662,0.041802,0.30352,0.13104,-0.015984,-0.017784,-0.055595,0.19865,0.0073732,0.21477,0.17656,0.14887,0.33548,-0.058052,-0.2556,0.064926,-0.039736,0.18992,0.20392,0.31949,0.24804,0.32508,0.26809,0.13865,-0.011171,0.21294,0.38251,0.44937,0.35266,0.05749,0.13086,-0.088138,0.12778,0.091864,-0.12274,0.16846,0.36699,0.19116,0.13391,0.17957,0.015608,0.33168,0.34586,0.27093,0.12685,0.35288,0.3156,-0.022724,0.16112,-0.089066,-0.2001,0.22612,0.054779,0.20236,-0.092378,0.14807,0.22883,-0.06561,0.17975,0.32064,0.17466,0.06017,0.15308,-0.1752,0.1793,0.24181,0.26979,-0.071624,0.12239,0.18597,0.14108,-0.14185,0.058294,0.12131,-0.007918,0.18904,-0.16049,0.027673,0.17253,-0.13866,0.19466,0.18255,-0.091783,0.16705,0.01041,0.12349,0.11418,0.093737,0.088688,0.19906,0.2,0.020077,0.32383,0.13835,0.058638,-0.16037,-0.17089,0.22777,-0.17933,-0.21667,-0.025015,0.083394,0.077995,0.23328,0.088388,0.28752,0.072577,-0.086887,0.14499,0.090734,0.29574,0.12088,0.1287,0.030997,0.093209,0.22866,0.19523,0.35847,-0.041756,0.037045,-0.018952,0.1733,-0.058324,0.17443,0.45758,0.30252,-0.088224,-0.14023,0.45219,-0.05173,0.19001,-0.099658,0.05783,0.087382,0.047081,-0.16805,0.29483,0.083351,-0.19239,-0.022068,0.030077,0.17458,-0.12456,0.14084,0.10338,-0.19101
-0.061297,0.10865,-0.27475,-0.088321,0.2536,-0.21,-0.020929,-0.14546,-0.18541,-0.32919,-0.18075,-0.29419,-0.16533,0.11617,0.10308,-0.15119,-0.15655,-0.25529,0.097379,-0.21665,0.11145,-0.27607,-0.11297,-0.28521,-0.025263,-0.2204,0.13987,-0.35955,-0.27893,-0.035352,-0.090294,-0.16001,-0.18162,-0.30822,-0.29028,-0.17384,0.1756,-0.26378,-0.20176,-0.24869,-0.19419,-0.29762,-0.1309,-0.11055,-0.23628,-0.21366,-0.052367,-0.10514,-0.27919,-0.079623,-0.14058,-0.27406,-0.31232,-0.19361,-0.065752,-0.18296,-0.28388,-0.13331,0.082881,-0.013117,-0.2934,-0.23127,0.14478,-0.24827,0.11539,-0.076281,-0.23544,-0.062014,0.039185,-0.060177,0.075337,-0.22109,-0.21391,-0.2907,-0.24674,-0.22927,-0.19295,-0.31296,-0.011775,-0.29746,-0.11045,-0.2999,-0.27507,0.020087,-0.13127,0.14914,-0.27298,-0.15056,0.091002,-0.1365,-0.27687,-0.31051,-0.15553,-0.20069,-0.13636,-0.26755,-0.27175,-0.27923,-0.069789,-0.17397,-0.24444,-0.15008,-0.2001,0.032375,0.19371,-0.20017,-0.076243,-0.14934,0.084572,-0.38787,-0.12794,-0.028327,-0.26334,-0.28532,-0.058273,0.049491,-0.018641,0.027972,-0.25863,-0.19643,-0.29655,0.056231,0.14272,-0.12467,-0.098511,0.10688,0.017882,-0.24469,-0.031245,-0.20669,0.083601,-0.066296,-0.055647,-0.063757,-0.25275,-0.022876,0.14586,-0.11415,-0.12575,-0.22691,-0.004869,-0.23261,-0.23555,-0.071569,-0.10809,-0.049054,-0.23105,-0.25669,-0.14774,-0.17374,0.078384,-0.24409,-0.267,0.11211,0.0059658,-0.1001,-0.11848,-0.2679,-0.32306,-0.10685,-0.13583,0.031248,-0.20263,-0.15288,-0.26877,-0.023108,-0.09059,-0.053356,-0.2196,-0.13583,-0.17652,-0.20347,0.11525,0.089552,-0.35157,-0.038124,0.11932,-0.22482,-0.2818,-0.18573,0.10313,-0.13483,-0.3022,0.042722,-0.21213,-0.10256,0.00032985,-0.10743,-0.16182,0.13292,-0.27598,-0.19121,0.072053,-0.27529,-0.064874,-0.20784,0.13164,-0.18185,0.043831,0.015803
0.062779,-0.56682,0.8206,0.36207,-1.0207,0.63419,-0.14346,0.43042,0.51459,0.95542,0.56232,0.77877,-0.027878,-0.66164,-0.38933,-0.041852,0.020418,0.66248,-0.59959,0.57839,-0.27413,0.87128,0.28715,0.9045,-0.06982,0.65237,-0.74815,0.84425,0.22825,-0.4085,-0.041508,0.29474,0.39601,0.97482,0.63966,-0.088643,-0.69257,-0.19763,0.27072,0.68525,0.48899,0.11727,0.18354,0.20261,0.69901,0.64174,-0.10553,-0.081657,0.65177,0.037917,0.18219,0.85652,0.96114,0.43339,0.41244,0.54873,0.9209,0.22789,-0.54318,-0.083204,0.74165,0.65497,-0.7199,0.7356,-0.5964,-0.07205,0.32553,0.21335,0.23923,-0.0072983,-0.49311,0.60733,0.54676,0.96197,0.70045,0.31808,0.25494,0.8797,-0.1025,0.90867,-0.28855,0.79305,0.79106,-0.34706,0.21796,-0.78324,0.80617,0.37465,-0.45431,0.17308,0.7516,0.91515,0.336,0.50598,0.40349,0.73918,0.75434,0.88684,-0.065535,-0.061364,0.50167,0.48128,0.52762,-0.16584,-0.96374,0.41411,0.085897,0.16953,-0.47416,0.93095,0.011941,0.084737,0.80004,0.93537,-0.17895,-0.45652,-0.29282,0.08268,0.78389,0.35025,0.94706,-0.34334,-0.65433,0.079922,0.03971,-0.52951,-0.33915,0.73075,-0.01395,0.52634,-0.28001,0.086655,-0.18586,0.33609,0.76178,-0.30405,-0.77532,0.065917,0.36877,0.67178,-0.3056,0.69291,0.7011,-0.16207,-0.020969,0.019177,0.3378,0.76913,0.403,0.58653,-0.20383,0.70369,0.67851,-0.27069,-0.16461,0.14924,0.24559,0.82779,0.8543,-0.16557,0.33375,-0.16491,0.55762,0.38681,0.8199,-0.24602,0.024683,0.019942,0.65247,0.047585,0.33621,0.044321,-0.66033,-0.5773,0.79918,-0.24751,-0.67552,0.64069,0.081205,0.11579,-0.58949,0.51161,0.30891,-0.30622,0.55647,0.40371,-0.26714,0.17742,0.4703,-0.69989,0.87323,0.55546,-0.084652,0.73921,0.075777,0.55236,-0.7233,0.45987,-0.45595,0.16888
0.090203,0.03641,0.17952,0.032396,0.037273,0.026968,0.097236,0.074088,0.10133,0.088068,0.049668,0.21267,0.18596,0.061527,0.024488,0.18115,0.17358,0.16966,0.1087,0.13113,0.013741,0.14362,0.085346,0.13321,0.085602,0.013986,0.06668,-0.0030935,0.20573,0.23352,0.13884,0.13174,0.13253,0.12498,0.20551,0.19974,0.17357,0.23533,0.16711,0.15549,0.12484,0.21559,0.1274,0.1046,0.061283,0.056921,0.11927,0.15996,0.19602,0.11206,0.13584,0.1627,0.11183,0.13744,-0.0089836,0.072858,0.15509,0.1206,0.083631,0.077591,-0.020074,0.12965,0.10761,0.13131,0.18323,0.13364,0.18178,0.056264,-0.0086652,0.10413,0.072987,0.12863,0.13626,0.15738,0.14689,0.17893,0.16332,0.06477,0.080098,0.10631,0.22051,0.22042,0.18446,0.10833,0.1208,0.060769,0.079987,0.1025,0.041318,0.13415,0.19035,0.089293,0.11855,0.12892,0.073012,0.17753,0.18253,0.143,0.12615,0.19528,0.17466,0.052137,0.12135,0.05459,0.024551,0.14739,0.098688,0.14498,0.05244,0.028024,0.15698,0.058269,0.10878,0.16196,0.14553,0.1128,0.14234,0.023245,0.11067,0.15366,0.13167,0.060684,0.16467,0.14187,0.12837,0.032875,0.10844,0.08925,0.079757,0.13161,0.030849,0.089546,0.14505,0.020373,0.12029,0.15377,0.057987,0.13616,0.073067,0.096891,0.12841,0.080865,0.077346,0.15317,0.14888,0.08851,0.17839,0.092321,0.089144,-0.027366,0.028206,0.13867,-0.078455,0.013253,0.076145,0.10673,0.1022,0.13154,0.036664,0.18197,0.097245,0.055307,0.11383,0.1016,0.16034,0.1289,0.12466,0.092167,0.08528,0.15596,0.13905,0.19269,0.076102,0.1087,-0.02832,0.14772,0.068862,0.12078,0.21374,0.1759,0.053742,-0.0016846,0.21155,0.067747,0.13084,0.028737,0.10668,0.10733,0.080923,0.018996,0.15604,0.089519,0.021596,0.0056,0.090617,0.12529,0.03883,0.11671,0.13082,0.014719
0.043668,0.075829,-0.061094,0.089841,0.18404,0.068319,0.034243,0.05232,0.026272,-0.04372,0.061569,-0.080279,-0.043062,0.06013,0.087422,-0.038312,-0.030127,-0.037808,0.024753,-0.0012023,0.10009,-0.045144,0.047544,-0.046265,0.045444,0.073639,0.063037,0.025308,-0.060947,-0.085909,0.00074719,0.0084693,0.0058777,-0.063365,-0.065147,-0.058652,-0.0033767,-0.11789,-0.022552,-0.028547,0.0088739,-0.076036,0.012772,0.032159,0.036189,0.047287,0.016495,-0.018603,-0.058212,0.024872,0.0054634,-0.054777,-0.053376,0.00063794,0.12422,0.045667,-0.062544,0.018512,0.040887,0.051897,0.070158,-0.0060405,0.035603,-0.015799,-0.02467,0.0047921,-0.036415,0.07301,0.13587,0.030951,0.04844,-0.0012983,-0.00336,-0.07413,-0.023387,-0.033713,-0.019036,-0.0073286,0.049389,-0.033693,-0.080418,-0.087031,-0.061051,0.021701,0.018385,0.070599,0.0053511,0.031408,0.072936,0.0069228,-0.061346,-0.028535,0.019003,0.0047406,0.054393,-0.050462,-0.055731,-0.047922,0.011331,-0.053395,-0.033407,0.066657,0.009698,0.069256,0.13076,-0.0072262,0.03673,-0.0025733,0.064167,-0.024651,-0.014677,0.071119,-0.010264,-0.06988,-0.0070804,0.01799,-0.005527,0.10273,-0.0086821,-0.011294,-0.056956,0.059806,-0.0056766,-0.00039601,0.010933,0.078483,0.021694,0.013467,0.051399,0.0015238,0.085667,0.044467,-0.0067532,0.1017,-0.011611,-0.015157,0.071237,0.0044651,0.055665,0.016138,0.0058653,0.024419,0.02558,-0.013535,-0.0078073,0.044533,-0.033353,0.0053197,0.041371,0.11441,0.090454,-0.017559,0.1203,0.10064,0.051304,0.030328,0.033959,-0.029487,0.011249,-0.040158,0.036777,0.068679,0.013775,0.031783,-0.047501,0.0061277,0.01394,0.041458,0.0265,-0.013337,0.0016151,-0.049351,0.050171,0.023747,0.050887,-0.0097221,0.055892,0.0019435,-0.074476,-0.031364,0.063445,0.1064,-0.065876,0.054927,0.00042731,0.090731,0.02411,0.029873,0.044837,0.090542,-0.05334,0.032595,0.10038,0.059211,0.043456,0.005094,0.078622,0.016779,0.0041951,0.11142
0.10225,-0.28088,0.59222,0.18777,-0.6311,0.40236,0.0081375,0.28628,0.36646,0.66397,0.35342,0.62312,0.2473,-0.29431,-0.24081,0.22601,0.24543,0.52247,-0.22991,0.43426,-0.22702,0.58897,0.21689,0.60573,0.024501,0.41809,-0.34065,0.64314,0.45246,-0.0032925,0.13702,0.29781,0.34871,0.65685,0.57811,0.24391,-0.32854,0.30751,0.35919,0.51228,0.38232,0.44361,0.23376,0.20249,0.45918,0.41545,0.066669,0.1547,0.56299,0.12942,0.24929,0.59202,0.6519,0.37472,0.17013,0.36006,0.61964,0.24394,-0.2141,0.0024737,0.53003,0.46989,-0.31823,0.51164,-0.22582,0.11052,0.41962,0.1256,-0.00035831,0.091157,-0.20082,0.44537,0.42597,0.64323,0.50901,0.40917,0.34301,0.60836,-0.0024817,0.6116,0.11778,0.63801,0.58753,-0.081003,0.2392,-0.36463,0.53966,0.29122,-0.23139,0.24135,0.58273,0.62469,0.29573,0.39635,0.26832,0.56104,0.57285,0.59726,0.10047,0.25061,0.47202,0.29688,0.397,-0.084346,-0.50357,0.3831,0.13006,0.26122,-0.221,0.71639,0.20298,0.053436,0.53682,0.62956,0.069949,-0.13788,-0.0047736,-0.026291,0.52738,0.36617,0.63388,-0.15219,-0.2783,0.20851,0.16088,-0.27282,-0.076544,0.48728,0.04223,0.40989,-0.18672,0.11375,0.065005,0.14952,0.51857,0.0026965,-0.36005,0.18978,0.24708,0.45343,-0.030939,0.45949,0.46396,0.09308,0.16787,0.0761,0.41613,0.51349,0.28857,0.34529,-0.16208,0.50225,0.49177,-0.22711,-0.040833,0.17807,0.22126,0.56046,0.60632,0.14379,0.26113,-0.082395,0.40357,0.29653,0.57411,0.0045243,0.14592,0.08331,0.43497,0.22055,0.33143,0.31186,-0.28392,-0.21531,0.61753,0.0312,-0.29674,0.4541,0.41489,0.30459,-0.2677,0.27775,0.50401,-0.12313,0.42333,0.21463,-0.040421,0.19399,0.31844,-0.35106,0.5957,0.37821,-0.12512,0.50792,0.10992,0.41431,-0.34172,0.35634,-0.12163,0.0097652
-0.095989,0.16619,-0.33361,-0.3058,0.30405,-0.38108,0.016104,-0.27821,-0.27841,-0.40636,-0.34743,-0.28856,0.11391,0.23778,0.049096,0.11047,0.067731,-0.26648,0.2462,-0.27053,-0.034335,-0.37739,-0.20536,-0.39255,-0.038776,-0.3911,0.28024,-0.39069,0.027184,0.30432,0.034096,-0.13877,-0.1855,-0.40932,-0.21673,0.16782,0.30112,0.30435,-0.067967,-0.29208,-0.23871,0.11223,-0.092775,-0.1385,-0.37452,-0.36308,0.032214,0.088946,-0.23308,-0.048623,-0.078001,-0.36064,-0.40837,-0.19602,-0.37134,-0.32164,-0.38833,-0.12489,0.19899,-0.044687,-0.40236,-0.3049,0.28945,-0.33589,0.29127,0.039729,-0.071363,-0.21682,-0.32997,-0.039775,0.16295,-0.28588,-0.25028,-0.40006,-0.30737,-0.072243,-0.066545,-0.40307,-0.031044,-0.40175,0.26925,-0.29135,-0.31593,0.13214,-0.1199,0.29156,-0.38962,-0.21864,0.10676,-0.076478,-0.29149,-0.40489,-0.17832,-0.24105,-0.26935,-0.29653,-0.29956,-0.38288,0.024255,0.14738,-0.17746,-0.32087,-0.26004,-0.037353,0.33797,-0.17225,-0.093337,-0.056232,0.13036,-0.38194,0.040795,-0.15701,-0.37414,-0.39015,0.10815,0.18844,0.15311,-0.21264,-0.36806,-0.13092,-0.40353,0.067892,0.29438,-0.018357,-0.022279,0.1414,0.1285,-0.36562,-0.07565,-0.24682,-0.0078384,-0.10836,0.11046,-0.31339,-0.3542,0.17355,0.28712,-0.021526,-0.25587,-0.3413,0.13959,-0.36026,-0.365,0.11294,0.041774,-0.077783,-0.083763,-0.37465,-0.2485,-0.40758,-0.055636,-0.31651,-0.41011,-0.037082,-0.0054216,-0.11026,-0.1619,-0.36954,-0.40119,0.16288,-0.20834,-0.036768,-0.28152,-0.22511,-0.34726,0.11319,-0.021336,-0.072283,-0.34448,0.02215,-0.14714,0.095243,0.2479,0.23703,-0.39036,0.14142,0.24969,-0.30792,0.12669,0.026666,0.19454,-0.38068,-0.0096496,0.057156,-0.26122,-0.32327,0.091261,-0.12247,-0.28502,0.22708,-0.37114,-0.30709,-0.13222,-0.40111,-0.1015,-0.26602,0.25248,-0.23645,0.20757,-0.2636
0.0037185,0.27084,-0.30337,-0.11256,0.48153,-0.21986,0.087997,-0.14247,-0.17885,-0.34536,-0.19308,-0.28506,0.032606,0.3156,0.19404,0.038531,0.011607,-0.24233,0.28924,-0.20711,0.14636,-0.32195,-0.086318,-0.33395,0.058676,-0.22619,0.35629,-0.2855,-0.074578,0.22029,0.040538,-0.095952,-0.13605,-0.35991,-0.23305,0.061388,0.33226,0.13877,-0.090848,-0.25045,-0.17154,-0.025882,-0.050812,-0.05506,-0.24706,-0.22461,0.069699,0.056162,-0.23818,0.010778,-0.051498,-0.31723,-0.3525,-0.15131,-0.13751,-0.18944,-0.34221,-0.067633,0.26249,0.065128,-0.25394,-0.23675,0.34472,-0.26822,0.29121,0.054021,-0.11357,-0.05323,-0.068606,0.030499,0.23972,-0.21813,-0.19534,-0.35865,-0.25578,-0.11048,-0.08419,-0.31404,0.072798,-0.33204,0.16065,-0.28946,-0.29181,0.17488,-0.063677,0.37246,-0.28983,-0.12357,0.22204,-0.047575,-0.27642,-0.33146,-0.11044,-0.17866,-0.13159,-0.27188,-0.27768,-0.32798,0.052049,0.04834,-0.18113,-0.16109,-0.18625,0.10127,0.45775,-0.14497,-0.0069172,-0.04764,0.23093,-0.31752,0.016202,-0.0011868,-0.29101,-0.34833,0.099356,0.22385,0.15005,0.0014354,-0.28498,-0.12075,-0.35025,0.17478,0.31601,-0.010584,0.0077916,0.25417,0.17139,-0.26217,0.036454,-0.1869,0.14903,-0.0059076,0.10241,-0.1024,-0.27739,0.1552,0.36856,-0.0040704,-0.11766,-0.24007,0.15598,-0.24666,-0.24947,0.091635,0.030857,0.021753,-0.11817,-0.27728,-0.13317,-0.20509,0.11799,-0.25643,-0.23588,0.14494,0.098923,-0.033836,-0.071978,-0.30403,-0.29943,0.09369,-0.10657,0.10084,-0.19716,-0.12829,-0.30283,0.1296,0.014507,0.02094,-0.23137,0.0012848,-0.11338,0.0016203,0.31586,0.27897,-0.26696,0.12969,0.32249,-0.23035,-0.010626,-0.028689,0.28212,-0.17415,-0.10647,0.15881,-0.19855,-0.12941,0.13998,-0.045317,-0.15907,0.32936,-0.32351,-0.1937,0.069685,-0.25622,-0.0016339,-0.19636,0.34246,-0.15912,0.22395,-0.034459
0.027534,-0.28126,0.45678,0.025842,-0.22963,0.11872,-0.030469,0.13078,0.21491,0.28946,0.13243,0.52189,0.22296,-0.24287,-0.26774,0.20572,0.21107,0.40467,-0.13544,0.29756,-0.25758,0.38929,0.10094,0.37269,-0.031299,0.10415,-0.24085,0.12097,0.36773,0.15818,0.10329,0.2076,0.24389,0.36124,0.4808,0.2315,-0.029462,0.25869,0.28503,0.37855,0.25676,0.35312,0.15788,0.11199,0.19626,0.17147,0.033896,0.13915,0.46191,0.068679,0.17753,0.42643,0.33524,0.26737,-0.02062,0.17002,0.4183,0.15792,-0.17598,-0.054221,0.078123,0.31554,-0.15662,0.33888,0.0076968,0.079771,0.33966,0.011879,-0.096197,0.033765,-0.1878,0.30042,0.2996,0.42577,0.36345,0.33017,0.27024,0.24163,-0.05537,0.32109,0.18826,0.54048,0.46277,-0.071328,0.15479,-0.25444,0.25606,0.16961,-0.2476,0.17018,0.46888,0.28986,0.19158,0.27108,0.11878,0.43841,0.45224,0.39009,0.06436,0.23215,0.37514,0.10775,0.26125,-0.13438,-0.30731,0.28433,0.055385,0.19509,-0.22807,0.17535,0.16695,-0.034377,0.30826,0.43351,0.069136,-0.092951,0.021807,-0.10703,0.30849,0.27859,0.3734,-0.17639,-0.038875,0.15505,0.10788,-0.28185,-0.068687,0.25532,-0.024339,0.28323,-0.22315,0.034932,0.06553,-0.0060322,0.32252,0.043248,-0.25987,0.13614,0.10599,0.25401,-0.013545,0.22967,0.2255,0.093082,0.13502,0.0075889,0.33516,0.2704,0.15139,0.022342,-0.20449,0.34676,-0.01708,-0.25753,-0.085765,0.097197,0.12237,0.35814,0.18951,0.15869,0.14363,-0.13248,0.25451,0.17196,0.41592,0.0074021,0.093564,0.016184,0.22631,0.17767,0.23904,0.26784,-0.21249,-0.13086,0.075049,0.049652,-0.22943,0.29318,0.33474,0.25248,-0.24834,0.030267,0.40827,-0.14988,0.29054,0.036184,-0.050096,0.10895,0.15859,-0.33543,0.41489,0.20439,-0.17623,0.11642,0.033298,0.27729,-0.29633,0.22956,-0.054609,-0.087123
0.069346,0.10517,0.017195,0.039073,0.15375,-0.021693,0.085201,0.029758,0.026445,-0.050322,0.0034031,-0.00082389,0.054729,0.10297,0.1177,0.061107,0.059461,0.020139,0.11647,0.026711,0.13041,0.010266,0.047617,0.0018178,0.080492,-0.033478,0.10761,-0.13106,-0.0056831,0.095551,0.076874,0.048768,0.040531,-0.014699,-0.0034637,0.046172,0.18427,-0.054722,0.040451,0.021703,0.032921,-0.027164,0.058418,0.056785,-0.016083,-0.0079288,0.082656,0.076984,0.0058694,0.071138,0.057827,0.016764,-0.024721,0.037445,0.046452,0.013763,0.011883,0.054813,0.10444,0.082419,-0.094798,0.020888,0.12995,0.015409,0.16117,0.079837,0.025196,0.0573,0.10774,0.074877,0.10163,0.02422,0.029347,0.010236,0.020774,0.028317,0.043802,-0.054931,0.083476,-0.019321,0.062951,-0.0061956,0.015625,0.09884,0.05567,0.10691,-0.022705,0.040482,0.10658,0.058789,0.012352,-0.03746,0.045396,0.031921,0.032974,0.017122,0.015647,0.0088279,0.07948,0.048231,0.022376,0.018158,0.029344,0.094282,0.10311,0.037618,0.067139,0.057417,0.10306,-0.13294,0.068456,0.07185,-0.0012152,0.013786,0.088838,0.10687,0.099418,0.093322,0.0018209,0.040583,-0.0044806,0.099578,0.16316,0.065802,0.070627,0.10786,0.098359,-0.0038506,0.076701,0.030569,0.11321,0.067257,0.089499,0.048503,0.0090169,0.1015,0.10509,0.067782,0.037297,0.007839,0.098811,-0.0032243,-0.0065177,0.08663,0.073654,0.073171,0.027561,-0.0074788,0.035626,-0.019904,0.11357,0.019418,-0.094772,0.13104,0.088209,0.061608,0.052733,0.0082365,-0.07999,0.077718,0.043883,0.093929,0.025329,0.039185,0.017444,0.094097,0.072045,0.072925,0.0047883,0.065364,0.044736,0.036687,0.10701,0.11453,-0.1403,0.095395,0.10521,0.01984,-0.017088,0.047652,0.10213,0.0079121,-0.021297,0.096852,0.028283,0.031456,0.093623,0.059118,0.026272,0.10172,0.014651,0.018586,0.11392,-0.069513,0.068188,0.027923,0.099243,0.034466,0.11219,0.088244
-0.080293,-0.12703,-0.01898,-0.035125,-0.078518,-0.036309,-0.10491,-0.0426,-0.043187,-0.035829,-0.03464,-0.015805,-0.13397,-0.13208,-0.10491,-0.13294,-0.12527,-0.037696,-0.13033,-0.043196,-0.084572,-0.021482,-0.056588,-0.022743,-0.091757,-0.038986,-0.13001,-0.056113,-0.11409,-0.11845,-0.11485,-0.075205,-0.063586,-0.026576,-0.039499,-0.14134,-0.10464,-0.14267,-0.093454,-0.034555,-0.050954,-0.13251,-0.086048,-0.073091,-0.033592,-0.034014,-0.1115,-0.12707,-0.038644,-0.094046,-0.090278,-0.01906,-0.029409,-0.060794,-0.029544,-0.036668,-0.017964,-0.077867,-0.12988,-0.089128,-0.054617,-0.035928,-0.12385,-0.029765,-0.11459,-0.11511,-0.091042,-0.050211,-0.023762,-0.094675,-0.12627,-0.040049,-0.047433,-0.017202,-0.032762,-0.091199,-0.09398,-0.037155,-0.092459,-0.028418,-0.13647,-0.010862,-0.021136,-0.12526,-0.079057,-0.12913,-0.031668,-0.055304,-0.11688,-0.090501,-0.024887,-0.032735,-0.065123,-0.050196,-0.043893,-0.027947,-0.025626,-0.021142,-0.1111,-0.13907,-0.061307,-0.036238,-0.046288,-0.087052,-0.1154,-0.06642,-0.082246,-0.096155,-0.12113,-0.052975,-0.11851,-0.061756,-0.028011,-0.016083,-0.12747,-0.13048,-0.13136,-0.04415,-0.028283,-0.077125,-0.023571,-0.11023,-0.1141,-0.10458,-0.10206,-0.12333,-0.12484,-0.031208,-0.082857,-0.048654,-0.091518,-0.077512,-0.12767,-0.032554,-0.028549,-0.1339,-0.13018,-0.10323,-0.046061,-0.033065,-0.12844,-0.032451,-0.032444,-0.1292,-0.11768,-0.08393,-0.087979,-0.030232,-0.048579,-0.044273,-0.079709,-0.032262,-0.076,-0.083871,-0.097211,-0.07968,-0.067616,-0.024723,-0.043487,-0.13794,-0.057134,-0.087286,-0.042138,-0.053893,-0.021871,-0.12562,-0.10174,-0.085738,-0.033588,-0.1147,-0.073229,-0.13147,-0.13131,-0.13079,-0.062481,-0.13122,-0.13168,-0.036341,-0.13604,-0.11701,-0.12972,-0.034544,-0.10149,-0.1088,-0.045353,-0.033829,-0.11951,-0.077017,-0.041862,-0.13584,-0.019313,-0.038437,-0.060548,-0.045677,-0.07917,-0.04471,-0.13432,-0.051696,-0.13207,-0.03467
0.038487,-0.081188,0.19386,0.11647,-0.348,0.21082,-0.0062738,0.12763,0.14366,0.3281,0.17452,0.16032,0.011637,-0.12207,-0.03949,0.0082791,0.022811,0.1576,-0.12939,0.15145,-0.017363,0.23574,0.08934,0.25758,0.010871,0.22534,-0.15762,0.34852,0.065517,-0.11792,0.011121,0.08485,0.10724,0.30169,0.13556,-0.002771,-0.22131,-0.019952,0.0756,0.16978,0.1308,0.047445,0.061179,0.067681,0.21899,0.19945,-0.0010072,-0.00011825,0.1428,0.031115,0.060086,0.21678,0.30666,0.11474,0.13867,0.16212,0.24711,0.071535,-0.098154,0.0090048,0.2954,0.17271,-0.17753,0.19598,-0.17677,0.0047785,0.084661,0.074993,0.081244,0.022153,-0.079794,0.15996,0.14183,0.26364,0.17791,0.083599,0.072779,0.30243,0.0047142,0.28186,-0.064714,0.1579,0.18228,-0.055402,0.069337,-0.16808,0.2525,0.10771,-0.058087,0.058289,0.16843,0.30075,0.095957,0.1339,0.1206,0.1727,0.17375,0.24242,0.0070827,0.0038715,0.1204,0.14769,0.14142,-0.0046839,-0.23915,0.1084,0.042697,0.05658,-0.066793,0.38453,0.021649,0.045749,0.23122,0.24756,-0.021925,-0.086112,-0.050454,0.046192,0.2239,0.093634,0.27956,-0.041205,-0.1915,0.037618,0.030005,-0.070785,-0.053462,0.21618,0.023171,0.13816,-0.021793,0.043687,-0.023552,0.11047,0.21046,-0.056397,-0.16222,0.035035,0.11146,0.19185,-0.050318,0.20665,0.21141,-0.01889,0.014843,0.029332,0.087455,0.2291,0.11726,0.21734,-0.008067,0.1827,0.30814,-0.016727,-0.0075765,0.055716,0.077587,0.22738,0.31318,-0.023217,0.098742,-0.0046022,0.15157,0.11083,0.20616,-0.035407,0.027071,0.02915,0.19058,0.029604,0.092872,0.028533,-0.13087,-0.12167,0.343,-0.039697,-0.13148,0.17223,0.040055,0.043495,-0.096028,0.17435,0.078452,-0.035267,0.14593,0.12947,-0.035681,0.061833,0.13697,-0.10603,0.22751,0.15871,0.013298,0.27291,0.041245,0.1466,-0.12738,0.12562,-0.09322,0.065562
0.058997,-0.16396,0.31176,0.21454,-0.30863,0.29838,-0.030141,0.21086,0.22516,0.37722,0.26881,0.2789,-0.073361,-0.22118,-0.072742,-0.073256,-0.040854,0.24567,-0.22127,0.23242,-0.010931,0.34498,0.14988,0.35943,0.010524,0.30641,-0.25909,0.34767,0.011345,-0.22773,-0.029164,0.11406,0.15543,0.38166,0.21395,-0.11129,-0.2721,-0.18901,0.070653,0.26376,0.19967,-0.050201,0.072483,0.10092,0.30837,0.29146,-0.035572,-0.065934,0.22523,0.028548,0.063907,0.33323,0.37883,0.16723,0.25372,0.25351,0.36024,0.096715,-0.18433,0.012658,0.32935,0.26476,-0.26421,0.29653,-0.25053,-0.036105,0.080683,0.14621,0.20768,0.018053,-0.15599,0.24584,0.21594,0.37398,0.27478,0.080058,0.067569,0.36014,0.0024823,0.36513,-0.19248,0.28295,0.29655,-0.12212,0.092528,-0.27036,0.33788,0.17016,-0.11558,0.061808,0.27576,0.36822,0.14217,0.20385,0.20189,0.27628,0.28075,0.3509,-0.026268,-0.096432,0.16828,0.2413,0.21776,0.00020088,-0.31981,0.15102,0.060233,0.049793,-0.13283,0.36283,-0.026452,0.096843,0.32897,0.36382,-0.088851,-0.16874,-0.12874,0.12811,0.32261,0.118,0.37337,-0.081372,-0.26087,0.016296,0.013497,-0.14431,-0.11904,0.31054,0.038408,0.21048,-0.027891,0.068993,-0.091021,0.21449,0.31113,-0.14217,-0.26623,0.016338,0.18932,0.28665,-0.12213,0.30025,0.30421,-0.089646,-0.031121,0.043345,0.089544,0.32285,0.19071,0.29967,0.0081396,0.28021,0.31623,-0.0089619,-0.019259,0.07788,0.11993,0.33228,0.35403,-0.11883,0.15831,-7.3886e-05,0.23444,0.17557,0.31905,-0.099578,0.011106,0.040215,0.28446,-0.011176,0.12493,-0.053165,-0.22829,-0.21283,0.33722,-0.11651,-0.23082,0.26361,-0.063662,-0.0048188,-0.18527,0.27501,0.044311,-0.071312,0.22351,0.2298,-0.088657,0.088505,0.22101,-0.21561,0.34204,0.24731,0.064787,0.32869,0.06373,0.22533,-0.2361,0.19353,-0.18057,0.16589
-0.067756,-0.45034,0.454,0.034658,-0.70976,0.2298,-0.16773,0.12487,0.20433,0.49973,0.19068,0.469,0.034181,-0.47419,-0.3874,0.016173,0.038005,0.36165,-0.4068,0.27247,-0.35535,0.45542,0.051456,0.47124,-0.14512,0.23822,-0.51832,0.41288,0.22169,-0.16667,-0.054227,0.11701,0.17298,0.51736,0.39886,0.026168,-0.44984,0.068182,0.16023,0.35779,0.21485,0.19824,0.050698,0.028901,0.2959,0.25211,-0.11735,-0.044354,0.3906,-0.050213,0.06257,0.45947,0.50513,0.1998,0.021091,0.19968,0.49255,0.064955,-0.39358,-0.16349,0.31054,0.31508,-0.48351,0.36426,-0.36755,-0.078728,0.21473,-0.029794,-0.11881,-0.085782,-0.37734,0.28644,0.26043,0.51916,0.35753,0.20566,0.14545,0.43649,-0.16999,0.46492,-0.078805,0.48427,0.44361,-0.26269,0.059824,-0.54133,0.38204,0.12318,-0.39378,0.05511,0.43041,0.46692,0.12151,0.22916,0.10691,0.4099,0.42305,0.46476,-0.085932,0.033603,0.2881,0.13656,0.2329,-0.23924,-0.66011,0.20313,-0.043265,0.069971,-0.38993,0.49346,0.0039596,-0.10141,0.39015,0.50516,-0.12214,-0.31943,-0.19302,-0.15891,0.38048,0.17898,0.49932,-0.31741,-0.41954,0.016824,-0.025511,-0.43744,-0.25823,0.33285,-0.12386,0.24368,-0.32992,-0.055692,-0.1268,0.0015541,0.37226,-0.18635,-0.5381,0.00041235,0.085505,0.29854,-0.21672,0.30216,0.30578,-0.10159,-0.02747,-0.09368,0.21437,0.36079,0.12434,0.15846,-0.29927,0.35171,0.23607,-0.35473,-0.20762,0.0025374,0.049539,0.42103,0.41492,-0.059315,0.093209,-0.23771,0.24253,0.12914,0.43684,-0.18222,-0.039114,-0.088094,0.27771,0.022007,0.14977,0.091598,-0.46331,-0.39338,0.37188,-0.15947,-0.47648,0.2985,0.17245,0.095444,-0.44406,0.11179,0.27291,-0.29014,0.25974,0.059494,-0.22123,0.018804,0.1568,-0.52666,0.46445,0.21834,-0.25339,0.31051,-0.060113,0.25137,-0.52208,0.18887,-0.30292,-0.12117
-0.014425,0.28244,-0.33605,-0.20167,0.5627,-0.35805,0.096278,-0.21504,-0.24077,-0.49138,-0.30239,-0.28714,0.090529,0.35565,0.18129,0.095605,0.059621,-0.2639,0.357,-0.25155,0.119,-0.39521,-0.13283,-0.42263,0.050864,-0.37725,0.41303,-0.50602,-0.030304,0.32568,0.070552,-0.10574,-0.15672,-0.46794,-0.2252,0.12739,0.47372,0.17979,-0.070069,-0.28716,-0.21005,0.024145,-0.052162,-0.076986,-0.37064,-0.34172,0.090959,0.10475,-0.23798,0.01215,-0.045843,-0.36985,-0.47291,-0.17223,-0.24444,-0.2793,-0.41081,-0.079301,0.30372,0.052953,-0.45561,-0.29274,0.43147,-0.33392,0.41705,0.083006,-0.088328,-0.11112,-0.14257,0.030271,0.26737,-0.2686,-0.2312,-0.43025,-0.30224,-0.086334,-0.06457,-0.47014,0.064372,-0.4496,0.24531,-0.28794,-0.31669,0.21211,-0.074108,0.43009,-0.41583,-0.1669,0.22471,-0.042346,-0.29184,-0.46843,-0.13592,-0.21576,-0.20145,-0.29629,-0.29975,-0.40408,0.074695,0.11159,-0.17959,-0.25617,-0.2327,0.082536,0.51551,-0.15523,-0.021001,-0.033395,0.24257,-0.52906,0.054436,-0.043621,-0.38794,-0.4119,0.147,0.27637,0.20635,-0.056234,-0.37753,-0.11866,-0.44689,0.17794,0.43952,0.010122,0.021892,0.2597,0.20787,-0.36634,0.018665,-0.22424,0.12893,-0.027065,0.15036,-0.19232,-0.35732,0.22034,0.42255,0.01357,-0.18309,-0.32805,0.20365,-0.35218,-0.35944,0.14295,0.066364,0.0069014,-0.096356,-0.38496,-0.1907,-0.3596,0.089571,-0.31085,-0.4493,0.11713,0.094073,-0.048293,-0.10059,-0.38293,-0.47934,0.16163,-0.14927,0.082435,-0.25408,-0.17382,-0.35285,0.1717,0.027172,0.0087486,-0.3266,0.035549,-0.12172,0.056075,0.3668,0.34358,-0.49863,0.18528,0.37,-0.29239,0.041578,0.01241,0.30757,-0.30178,-0.066274,0.16278,-0.24041,-0.22626,0.16776,-0.062314,-0.23171,0.34497,-0.38477,-0.27107,0.028008,-0.4354,-0.020834,-0.24256,0.37414,-0.20098,0.28967,-0.10313
-0.16091,-0.13558,-0.1706,-0.13598,-0.030037,-0.12854,-0.1663,-0.14547,-0.15239,-0.14927,-0.13571,-0.16992,-0.17887,-0.12929,-0.144,-0.17977,-0.18047,-0.16725,-0.14576,-0.16017,-0.1442,-0.16552,-0.15294,-0.16399,-0.16195,-0.12507,-0.11638,-0.10789,-0.17085,-0.14556,-0.17731,-0.16783,-0.16493,-0.16517,-0.1679,-0.17331,-0.14125,-0.12288,-0.17554,-0.16492,-0.16022,-0.16357,-0.16995,-0.16205,-0.13733,-0.13658,-0.17273,-0.18041,-0.16857,-0.16884,-0.17235,-0.16931,-0.15948,-0.16516,-0.13198,-0.14271,-0.17078,-0.16657,-0.14715,-0.15949,-0.11204,-0.15889,-0.1283,-0.15933,-0.15236,-0.1763,-0.17441,-0.14562,-0.1381,-0.16712,-0.14908,-0.15907,-0.1621,-0.17405,-0.16311,-0.17467,-0.17562,-0.13812,-0.16055,-0.15515,-0.15596,-0.1698,-0.17018,-0.16554,-0.16693,-0.10864,-0.14354,-0.15622,-0.14461,-0.17215,-0.1696,-0.14877,-0.16259,-0.16099,-0.14577,-0.16852,-0.16921,-0.16599,-0.17442,-0.17568,-0.16987,-0.13792,-0.15833,-0.15325,-0.053757,-0.16811,-0.16327,-0.17491,-0.14584,-0.11614,-0.17991,-0.14967,-0.15328,-0.17324,-0.17782,-0.16018,-0.17417,-0.14128,-0.15366,-0.17131,-0.16572,-0.15349,-0.14531,-0.17632,-0.17371,-0.1381,-0.1659,-0.14634,-0.15903,-0.16128,-0.14735,-0.16008,-0.17762,-0.13474,-0.15638,-0.17482,-0.10977,-0.17526,-0.14666,-0.14892,-0.17145,-0.14366,-0.14249,-0.17902,-0.17907,-0.16133,-0.17415,-0.14751,-0.15102,-0.1238,-0.14689,-0.16114,-0.11343,-0.14415,-0.15975,-0.16432,-0.15994,-0.16081,-0.12637,-0.17813,-0.15563,-0.15345,-0.15549,-0.15559,-0.16762,-0.17346,-0.17293,-0.16257,-0.14533,-0.17938,-0.16849,-0.17697,-0.13212,-0.14834,-0.10168,-0.17643,-0.12864,-0.15648,-0.16464,-0.17929,-0.13658,-0.12785,-0.16803,-0.15623,-0.16047,-0.1343,-0.16775,-0.16372,-0.14675,-0.11684,-0.16861,-0.14786,-0.14433,-0.11955,-0.16073,-0.15899,-0.1161,-0.1585,-0.16321,-0.13836
-0.041527,0.15307,-0.42062,0.19261,-0.016942,0.12577,-0.07442,-0.0001029,-0.12695,-0.10741,0.070547,-0.55486,-0.56315,0.02836,0.25256,-0.53317,-0.49549,-0.41695,-0.14203,-0.25776,0.32804,-0.28111,-0.033557,-0.24228,-0.014125,0.15805,-0.010462,0.12635,-0.68426,-0.65283,-0.2966,-0.26635,-0.26961,-0.20955,-0.57554,-0.63399,-0.34096,-0.82554,-0.45822,-0.35277,-0.23146,-0.75708,-0.24202,-0.12325,0.00048521,0.026688,-0.18943,-0.40899,-0.53246,-0.1555,-0.2875,-0.35075,-0.17261,-0.29296,0.34059,-0.013773,-0.31182,-0.20718,-0.037696,0.02736,0.20528,-0.24805,-0.14425,-0.25008,-0.39586,-0.26697,-0.53464,0.11584,0.4179,-0.11214,0.014772,-0.24578,-0.28222,-0.31112,-0.31512,-0.51982,-0.43792,-0.040171,0.014286,-0.15833,-0.67078,-0.57594,-0.44699,-0.13244,-0.20791,0.0011754,-0.074312,-0.12302,0.16181,-0.27816,-0.48066,-0.10951,-0.19955,-0.2501,0.0087024,-0.43312,-0.44927,-0.27683,-0.22719,-0.61312,-0.47001,0.080814,-0.21537,0.14244,0.052299,-0.3436,-0.086783,-0.33739,0.10825,0.038426,-0.39994,0.12087,-0.16664,-0.33163,-0.32241,-0.15442,-0.29568,0.29767,-0.17304,-0.38001,-0.23268,0.093727,-0.32552,-0.31841,-0.24316,0.17843,-0.13282,-0.096928,0.015438,-0.26186,0.24637,-0.03926,-0.31929,0.25177,-0.20758,-0.34879,0.012679,-0.28655,0.01368,-0.11965,-0.22814,-0.064055,-0.053033,-0.36387,-0.35275,-0.031017,-0.51446,-0.1103,-0.063343,0.3061,0.27067,-0.28149,0.36326,0.33101,0.033095,-0.13168,-0.11341,-0.24399,0.035238,-0.51599,-0.095015,0.13888,-0.18264,-0.11957,-0.34932,-0.23344,-0.22257,-0.050119,-0.075043,-0.39608,-0.30397,-0.61119,-0.026414,-0.14106,0.19471,-0.32659,-0.0023421,-0.2121,-0.7462,-0.51333,0.076267,0.26652,-0.70112,0.064497,-0.2573,0.19539,-0.1233,-0.13612,-0.035105,0.17627,-0.32391,-0.080933,0.31367,0.14674,-0.044279,-0.23272,0.095731,-0.19353,-0.23108,0.325
