-0.34125,-0.17074,-0.13128,-0.23281,-0.35969,-0.27809,-0.033499,-0.046565,-0.15733,-0.40073,-0.24024,-0.29648,0.041223,-0.2455,0.089369,-0.24333,0.05861,0.068613,0.2455,0.30589,0.23391,-0.043971,0.01989,-0.18378,0.015862,0.0059493,-0.35897,0.23339,-0.11091,0.12388,0.15565,0.16978,-0.1844,0.0041176,-0.31679,-0.10664,-0.28469,-0.41841,-0.21863,0.11105,0.082405,-0.091803,0.14564,-0.19502,-0.16558,-0.28857,-0.060539,0.116,-0.030927,-0.020194,-0.27349,-0.20173,-0.27747,0.081769,0.28055,-0.08061,0.10829,-0.15919,-0.071249,-0.081813,-0.21488,-0.076302,0.0076927,0.25474,-0.023038,0.18495,0.30965,0.23211,0.12281,-0.35225,-0.027227,0.099617,-0.055641,-0.27936,0.25362,-0.40183,0.10112,-0.15202,-0.10429,0.31118,-0.20391,-0.23098,-0.32131,-0.22289,-0.08959,-0.14212,0.0040448,0.22766,-0.034749,-0.35327,-0.039124,0.22814,-0.42107,0.009332,0.070181,-0.13984,-0.17037,-0.30587,0.11566,-0.39787
-0.22777,-0.092931,0.3355,-0.19776,-0.257,-0.00099239,-0.12994,-0.24351,0.16663,-0.29267,0.090641,-0.11117,-0.053403,0.094532,0.23553,-0.15848,-0.18409,0.040923,0.32562,-0.10509,0.12907,-0.27028,-0.19778,0.022746,0.13986,-0.24085,-0.11807,0.095696,0.0479,0.14109,0.36921,0.059288,-0.10877,0.058619,-0.11287,0.16225,0.05956,-0.052549,0.16798,-0.19996,0.014522,0.098789,-0.0077934,-0.15659,-0.18334,-0.22815,0.029825,0.070737,0.15968,0.14831,0.24795,0.10939,-0.12766,0.17525,-0.099178,-0.1982,-0.079177,-0.26425,0.15967,0.21997,0.0083283,0.13477,0.19492,-0.0083143,0.31003,0.16173,0.36964,-0.002667,-0.060778,-0.28459,-0.091201,-0.2131,-0.17698,-0.045429,0.19132,-0.26607,0.2299,0.19766,-0.18105,0.077664,-0.077446,-0.14222,-0.049167,-0.22441,0.14598,-0.25023,0.0010524,0.064401,0.042258,-0.14307,0.30489,0.023861,-0.35769,0.16592,0.32345,-0.26363,-0.15421,0.036967,0.33689,-0.30114
0.14251,0.068189,-0.33008,0.15555,0.15381,-0.027039,0.093563,0.20353,-0.16858,0.14453,-0.10208,0.064395,0.01195,-0.10626,-0.24353,0.11982,0.13499,-0.076066,-0.27497,0.069962,-0.14164,0.22746,0.15311,-0.036868,-0.15828,0.19727,0.039427,-0.11573,-0.062443,-0.16421,-0.30608,-0.094533,0.082176,-0.08488,0.057918,-0.16718,-0.082243,-0.055058,-0.17072,0.14594,-0.053927,-0.11038,-0.037456,0.12465,0.15044,0.16542,-0.051077,-0.10485,-0.17157,-0.16239,-0.24998,-0.11608,0.084809,-0.19282,0.058476,0.16306,0.028799,0.21609,-0.16775,-0.22234,-0.025313,-0.14458,-0.20638,-0.026258,-0.30818,-0.17626,-0.2623,-0.035556,0.010865,0.17171,0.056139,0.16031,0.14097,0.011913,-0.18254,0.1215,-0.23841,-0.19762,0.1482,-0.076134,0.05274,0.10765,0.00077403,0.17889,-0.15361,0.20842,-0.033066,-0.091874,-0.065429,0.064263,-0.3032,-0.058514,0.16819,-0.18078,-0.31644,0.21811,0.12397,-0.068308,-0.31955,0.15503
-0.097234,-0.057198,-0.11517,-0.046142,-0.098513,-0.11071,-0.0021456,0.047259,-0.08666,-0.13628,-0.10636,-0.10366,0.0051393,-0.10839,-0.0055033,-0.067512,0.043363,0.0030252,0.051167,0.092336,0.059288,0.072461,0.038088,-0.080563,-0.023953,0.05846,-0.13177,0.059736,-0.058881,0.01611,-0.069233,0.037815,-0.058381,-0.021004,-0.1127,-0.069099,-0.11799,-0.14692,-0.10667,0.06466,0.010324,-0.057718,0.034422,-0.048054,-0.025922,-0.057869,-0.039908,0.017527,-0.04249,-0.037603,-0.13249,-0.095557,-0.091669,-0.0024024,0.086759,0.0094127,0.031308,0.038021,-0.05664,-0.067392,-0.08954,-0.055917,-0.032116,0.071303,-0.065971,0.039042,0.088796,0.063587,0.03315,-0.056042,-0.0098288,0.067262,0.0072137,-0.10631,0.066741,-0.14508,-4.5249e-05,-0.088452,-0.0061128,0.086492,-0.07252,-0.067388,-0.12199,-0.02508,-0.061592,0.027309,-0.014816,0.058583,-0.032608,-0.12649,-0.070069,0.060597,-0.13735,-0.028625,-0.035879,0.042598,-0.039587,-0.12305,-0.024825,-0.12526
0.40905,0.19515,-0.16562,0.32067,0.44546,0.17023,0.13124,0.2233,-0.022739,0.49311,0.077271,0.27836,0.020173,0.075881,-0.22937,0.29502,0.11251,-0.071088,-0.3999,-0.046884,-0.23576,0.23553,0.14772,0.10745,-0.10987,0.18757,0.29528,-0.20832,0.043682,-0.18298,-0.3445,-0.14787,0.21693,-0.041025,0.28623,-0.047703,0.11788,0.19959,0.0043408,0.094507,-0.059857,-0.0079816,-0.081197,0.26308,0.26426,0.38006,0.02478,-0.12462,-0.09336,-0.091978,-0.046694,0.045371,0.28591,-0.18045,-0.052269,0.21606,-0.0021761,0.30906,-0.067405,-0.10636,0.1359,-0.045333,-0.1449,-0.12835,-0.20709,-0.23635,-0.4768,-0.1263,-0.025589,0.45961,0.096453,0.11123,0.18298,0.21099,-0.29531,0.45626,-0.2333,-0.049979,0.21993,-0.21121,0.20261,0.27377,0.22487,0.33337,-0.045567,0.29174,0.0030277,-0.18032,-0.0021703,0.32221,-0.19381,-0.14704,0.57714,-0.12472,-0.27601,0.29571,0.24479,0.14217,-0.31493,0.5049
0.73129,0.40791,-0.60919,0.70194,0.7947,0.21358,0.38572,0.68013,-0.18445,0.76001,0.016782,0.45878,0.13801,0.0092122,-0.54407,0.59444,0.41583,-0.091818,-0.82652,0.10268,-0.36002,0.74563,0.49073,0.14794,-0.26429,0.61153,0.40685,-0.29206,0.047128,-0.34933,-1.0377,-0.20011,0.45297,-0.074188,0.44784,-0.21083,0.082105,0.1565,-0.15582,0.39718,-0.0464,-0.080623,-0.046629,0.57813,0.63301,0.78846,0.046665,-0.19233,-0.26834,-0.25198,-0.31267,-0.03492,0.50878,-0.39724,0.088887,0.60035,0.13331,0.85742,-0.23371,-0.36353,0.19135,-0.17345,-0.38271,-0.086662,-0.64168,-0.4224,-0.8841,-0.095449,0.081835,0.94065,0.28929,0.43887,0.5217,0.31222,-0.48658,0.66261,-0.53832,-0.25771,0.57897,-0.2335,0.38505,0.55092,0.29724,0.7782,-0.18774,0.80035,0.052526,-0.22858,-0.0034357,0.47537,-0.61256,-0.14753,0.91163,-0.31748,-0.76555,0.83666,0.55964,0.12249,-0.84502,0.81832
-0.44053,-0.20996,0.30305,-0.36517,-0.47872,-0.17369,-0.15528,-0.30299,0.077971,-0.51937,-0.058179,-0.29647,-0.012434,-0.057295,0.3335,-0.32453,-0.14618,0.10886,0.5216,0.12182,0.30802,-0.33632,-0.19368,-0.093976,0.17552,-0.25869,-0.32524,0.27487,-0.017333,0.25328,0.55413,0.19937,-0.23599,0.07941,-0.30624,0.10953,-0.11559,-0.27998,0.037757,-0.12301,0.091287,0.051131,0.11415,-0.29648,-0.31039,-0.42588,7.4948e-05,0.17438,0.16263,0.15807,0.092985,-0.014174,-0.3061,0.26126,0.11189,-0.27122,0.011278,-0.4078,0.1327,0.19306,-0.12863,0.10158,0.23035,0.1859,0.34675,0.31327,0.58967,0.17753,0.041954,-0.51322,-0.1067,-0.14816,-0.22711,-0.21994,0.37977,-0.48675,0.33479,0.11639,-0.26724,0.29815,-0.21324,-0.29984,-0.2426,-0.39263,0.10408,-0.3789,0.017786,0.24083,0.032668,-0.34942,0.32834,0.20124,-0.59793,0.19925,0.42908,-0.39489,-0.27903,-0.14931,0.47594,-0.53194
0.4948,0.27838,-0.2737,0.4436,0.54373,0.16399,0.26363,0.39524,-0.05132,0.54545,0.051388,0.31415,0.13883,0.046039,-0.2426,0.38796,0.279,0.015726,-0.45736,0.15972,-0.13944,0.41427,0.31271,0.13346,-0.082213,0.36277,0.28177,-0.096213,0.0822,-0.13008,-0.51674,-0.04189,0.30355,0.022459,0.30835,-0.060163,0.082689,0.088915,-0.045116,0.27258,0.041517,0.013171,0.045226,0.37171,0.39505,0.50678,0.084899,-0.039038,-0.08637,-0.07678,-0.14854,0.027222,0.34302,-0.15708,0.14341,0.36793,0.1408,0.48434,-0.069781,-0.14213,0.15615,-0.036875,-0.14857,0.032918,-0.28949,-0.1766,-0.53976,0.024701,0.11439,0.62039,0.21489,0.29039,0.32992,0.22403,-0.22412,0.47221,-0.24022,-0.091488,0.36081,-0.053451,0.26686,0.36185,0.21191,0.47796,-0.045837,0.46077,0.091303,-0.056754,0.059057,0.32822,-0.274,-0.0071055,0.67952,-0.1121,-0.36477,0.47087,0.35889,0.10352,-0.41815,0.5856
-0.27501,-0.20778,-0.046904,-0.26961,-0.28548,-0.21398,-0.15652,-0.21161,-0.13501,-0.25197,-0.18877,-0.23663,-0.093548,-0.1899,0.018003,-0.25082,-0.12039,-0.056065,0.10528,0.026948,0.023103,-0.22481,-0.14939,-0.18214,-0.053758,-0.17633,-0.22899,0.017304,-0.14456,-0.0045293,0.17814,-0.007854,-0.21761,-0.083792,-0.23573,-0.11038,-0.20712,-0.22166,-0.16373,-0.092375,-0.05576,-0.12159,-0.030704,-0.23934,-0.24198,-0.29398,-0.12465,-0.026765,-0.071248,-0.069461,-0.16685,-0.17011,-0.24152,-0.010319,0.016435,-0.20906,-0.063697,-0.291,-0.092574,-0.076461,-0.19619,-0.10314,-0.038211,0.011671,0.0033016,0.020963,0.1092,0.0046218,-0.052187,-0.33578,-0.14095,-0.10381,-0.18603,-0.22151,0.038218,-0.23188,0.020099,-0.12268,-0.21355,0.028204,-0.21372,-0.24195,-0.22502,-0.28521,-0.1066,-0.27148,-0.099151,0.011323,-0.1082,-0.23448,-0.0095617,0.0062566,-0.27828,-0.048194,0.064968,-0.27998,-0.23023,-0.21441,0.099098,-0.27095
-0.042061,0.0086547,0.050224,-0.011061,-0.051396,-0.0074395,0.0085846,-0.0257,0.025803,-0.09482,0.0068909,-0.018378,0.020527,0.0054185,0.0312,-0.0078786,-0.0017046,0.027783,0.035882,0.067341,0.044602,-0.043405,-0.0070187,0.016394,0.031225,-0.025168,-0.052695,0.044664,0.024913,0.03162,0.028243,0.033722,0.005525,0.02821,-0.027067,0.030132,-0.0092333,-0.11415,0.014892,-0.0039182,0.026743,0.028419,0.029055,-0.0017056,-0.004509,-0.022128,0.025798,0.030147,0.032022,0.031674,0.0056167,0.016681,-0.013018,0.031273,0.055284,-0.0074449,0.020552,-0.03089,0.0315,0.033585,0.010376,0.030454,0.032631,0.050099,0.03932,0.035874,0.060088,0.043509,0.023445,-0.036108,0.014777,-0.0097287,-0.0016738,-0.0092101,0.048976,-0.09924,0.031103,0.027828,-0.0029361,0.074488,0.0064115,-0.0041465,-0.027706,-0.014495,0.030378,-0.024706,0.02469,0.043303,0.027033,-0.049077,0.03961,0.043036,-0.11153,0.031949,0.032436,-0.032183,0.00042323,-0.01916,0.028102,-0.085985
0.44332,0.23292,-0.23953,0.37965,0.48183,0.19684,0.1844,0.32,-0.028362,0.50766,0.095548,0.30584,0.0537,0.095149,-0.26886,0.3377,0.1691,-0.056069,-0.46585,-0.12921,-0.24549,0.3511,0.21526,0.12629,-0.11764,0.27435,0.32914,-0.21589,0.058253,-0.19018,-0.52927,-0.14252,0.25664,-0.028659,0.31345,-0.057739,0.14805,0.31329,0.010771,0.13966,-0.040666,-0.0039393,-0.065391,0.31383,0.32881,0.43833,0.04328,-0.11697,-0.10633,-0.10187,-0.025741,0.055292,0.31652,-0.19806,-0.1044,0.292,0.02763,0.42783,-0.078949,-0.13562,0.1569,-0.050149,-0.16985,-0.14636,-0.28569,-0.2478,-0.54045,-0.13336,-0.0004646,0.53405,0.14034,0.16297,0.25046,0.23728,-0.31335,0.47163,-0.2698,-0.063406,0.28856,-0.25334,0.23433,0.31456,0.25747,0.40916,-0.052605,0.39747,0.027485,-0.18547,0.013836,0.3504,-0.26717,-0.152,0.59243,-0.14015,-0.37017,0.41408,0.29827,0.17849,-0.4216,0.52631
-0.095404,0.01603,-0.10466,0.0043885,-0.10201,-0.1393,0.14281,0.15945,-0.07636,-0.16221,-0.13355,-0.10627,0.17891,-0.14123,0.1066,-0.022247,0.23227,0.16829,0.2001,0.49639,0.29694,0.16265,0.20353,-0.045455,0.084237,0.19954,-0.20067,0.31146,0.011712,0.17799,0.10706,0.25651,0.010497,0.10595,-0.13318,-0.028557,-0.17564,-0.38624,-0.13859,0.2811,0.19051,0.0085969,0.25799,0.021033,0.05536,-0.034404,0.06231,0.19957,0.037217,0.050624,-0.22625,-0.098926,-0.07396,0.126,0.45235,0.12563,0.24688,0.074299,0.0031089,-0.028096,-0.070708,0.0082257,0.055654,0.38221,-0.01202,0.22794,0.248,0.35086,0.25444,-0.077417,0.13499,0.27309,0.13938,-0.11914,0.29044,-0.1939,0.11902,-0.082336,0.10287,0.42976,-0.021347,-0.017876,-0.17569,0.02135,-0.0075343,0.087637,0.12771,0.3182,0.079358,-0.1739,-0.022728,0.33553,-0.14876,0.068466,0.053659,0.089335,0.041074,-0.19526,0.082618,-0.14148
0.014446,-0.035873,-0.013839,-0.036612,0.025612,-0.032364,-0.043232,-0.073936,-0.046599,0.084064,-0.045852,-0.011728,-0.038367,-0.046483,-0.039441,-0.025824,-0.042745,-0.04098,-0.057479,0.0067729,-0.053225,-0.093696,-0.049859,-0.039794,-0.042842,-0.066132,0.0052854,-0.047819,-0.042431,-0.045957,0.076943,-0.041913,-0.034598,-0.042148,-0.0060956,-0.044391,-0.042903,-0.027055,-0.050705,-0.037218,-0.039485,-0.043797,-0.03582,-0.036708,-0.046732,-0.024695,-0.041943,-0.04244,-0.04258,-0.042768,-0.057711,-0.046351,-0.015407,-0.043592,-0.0028372,-0.056129,-0.033535,-0.096749,-0.043358,-0.040295,-0.037221,-0.04382,-0.040585,-0.026826,-0.017183,-0.051914,-0.099622,-0.030605,-0.033258,-0.01596,-0.040926,-0.041672,-0.050348,-0.024809,-0.065074,0.078835,-0.041142,-0.045806,-0.051099,-0.040668,-0.03213,-0.027733,-0.019256,-0.05115,-0.044062,-0.082641,-0.040653,-0.042517,-0.042104,0.011413,-0.020058,-0.035565,0.12393,-0.042165,-0.0099248,-0.096069,-0.040249,-0.039334,-0.0032314,0.075999
-0.50497,-0.28205,0.14818,-0.43079,-0.54571,-0.25118,-0.21848,-0.34575,-0.038813,-0.56755,-0.15362,-0.3623,-0.090789,-0.15267,0.20651,-0.39124,-0.19833,0.012674,0.41014,0.015653,0.19551,-0.37465,-0.24259,-0.18321,0.061327,-0.29864,-0.37556,0.16563,-0.11328,0.14081,0.46423,0.098272,-0.30615,-0.019714,-0.36873,-0.0084934,-0.19938,-0.29512,-0.07407,-0.17363,-0.00037633,-0.054793,0.024385,-0.36178,-0.37143,-0.49681,-0.093205,0.072702,0.044305,0.041983,-0.026188,-0.11686,-0.37313,0.14253,0.014986,-0.32389,-0.064133,-0.46675,0.014524,0.062809,-0.21391,-0.011611,0.10593,0.085081,0.20074,0.19899,0.485,0.079651,-0.037548,-0.6044,-0.17728,-0.19505,-0.28208,-0.29265,0.26149,-0.5243,0.20931,-0.007036,-0.3241,0.17672,-0.28733,-0.36733,-0.30724,-0.45846,-0.011101,-0.43355,-0.070503,0.13547,-0.063166,-0.40207,0.18219,0.10059,-0.65874,0.080176,0.29212,-0.44958,-0.34335,-0.22569,0.34785,-0.58999
-0.3394,-0.2303,0.036754,-0.29875,-0.35221,-0.20872,-0.18827,-0.2254,-0.069078,-0.36193,-0.14353,-0.27649,-0.11466,-0.14211,0.091237,-0.28743,-0.16778,-0.046094,0.21776,-0.064771,0.078189,-0.21881,-0.18929,-0.16982,-0.0084383,-0.20242,-0.2794,0.055651,-0.12584,0.044366,0.17409,0.010397,-0.2435,-0.066093,-0.27944,-0.051399,-0.17059,-0.19675,-0.087879,-0.15003,-0.055811,-0.085719,-0.041184,-0.26942,-0.26746,-0.32667,-0.11434,-0.0052385,-0.018278,-0.020514,-0.047527,-0.12126,-0.28192,0.047266,-0.059037,-0.23466,-0.098066,-0.26958,-0.037275,-0.0030742,-0.18869,-0.055714,0.023675,-0.0069298,0.078739,0.084175,0.25677,-0.0081526,-0.081667,-0.35192,-0.1668,-0.15815,-0.21711,-0.23607,0.12574,-0.3478,0.09327,-0.047005,-0.24025,0.052181,-0.23438,-0.27607,-0.24135,-0.30108,-0.054456,-0.26629,-0.10109,0.033472,-0.094746,-0.2954,0.068009,0.007497,-0.37847,0.0054218,0.1342,-0.26166,-0.25868,-0.18623,0.16414,-0.36676
-0.2596,-0.19517,0.13726,-0.27588,-0.27966,-0.11308,-0.20438,-0.28256,-0.019302,-0.24159,-0.065743,-0.17993,-0.14313,-0.06213,0.075863,-0.23829,-0.2155,-0.080675,0.18216,-0.16517,-0.024192,-0.29877,-0.23383,-0.11711,-0.018186,-0.26399,-0.13757,-0.046457,-0.099594,-0.005428,0.31013,-0.062494,-0.20613,-0.078047,-0.16911,-0.018733,-0.072738,-0.027984,-0.016741,-0.21103,-0.095735,-0.063302,-0.10332,-0.24234,-0.26333,-0.29623,-0.10635,-0.05636,-0.010138,-0.017295,0.050962,-0.058718,-0.20179,0.019149,-0.15623,-0.26053,-0.14726,-0.33055,-0.016251,0.031402,-0.12329,-0.035704,0.025307,-0.10973,0.13562,0.0091797,0.20299,-0.10312,-0.13519,-0.34624,-0.17865,-0.22061,-0.24004,-0.14139,0.016858,-0.19774,0.071399,0.0046473,-0.2531,-0.084291,-0.18225,-0.22703,-0.12216,-0.30268,-0.029034,-0.31487,-0.1156,-0.064801,-0.094667,-0.16177,0.12513,-0.088278,-0.30776,0.0013235,0.17979,-0.32491,-0.24041,-0.077441,0.21328,-0.27261
0.1203,0.05296,-0.44623,0.18197,0.15145,-0.13663,0.16258,0.33804,-0.24331,0.090989,-0.20915,-0.01668,0.094893,-0.21671,-0.20655,0.10422,0.26645,0.0014076,-0.24481,0.25787,-0.0015465,0.39422,0.27583,-0.09844,-0.13023,0.3431,-0.087111,0.031129,-0.088001,-0.079229,-0.49743,0.030825,0.067273,-0.046646,-0.037145,-0.21283,-0.20742,-0.22804,-0.2781,0.30369,0.036114,-0.13535,0.088617,0.13315,0.19277,0.19937,-0.043618,-0.008292,-0.17396,-0.15629,-0.39247,-0.2055,0.026244,-0.1384,0.24388,0.24895,0.1511,0.36445,-0.19288,-0.26683,-0.10101,-0.16761,-0.19616,0.14417,-0.36129,-0.067203,-0.23573,0.12647,0.13614,0.27573,0.11425,0.31955,0.22272,-0.08558,-0.050538,0.026998,-0.19353,-0.27511,0.21315,0.10118,0.012498,0.087242,-0.12175,0.2433,-0.18643,0.33294,0.017278,0.058236,-0.045917,-0.046079,-0.35971,0.09822,0.18005,-0.16229,-0.34894,0.36615,0.14257,-0.20067,-0.36065,0.13595
0.31307,0.13795,0.20226,0.16155,0.32234,0.3249,-0.046675,-0.081568,0.19814,0.41287,0.2935,0.31116,-0.11458,0.30173,-0.096657,0.20273,-0.17486,-0.12479,-0.2664,-0.48875,-0.33437,-0.10053,-0.13439,0.19744,-0.030071,-0.13673,0.42147,-0.34201,0.10849,-0.17218,-0.068678,-0.25756,0.14883,-0.036378,0.34492,0.13193,0.3507,0.55448,0.27897,-0.24278,-0.14975,0.097434,-0.24,0.13835,0.086037,0.21539,0.038516,-0.1803,0.034923,0.018334,0.36162,0.24465,0.27191,-0.10592,-0.44999,-0.020664,-0.20741,0.019932,0.086197,0.11383,0.23576,0.086559,-0.0048502,-0.39657,0.067789,-0.25185,-0.35331,-0.36165,-0.22191,0.25146,-0.040793,-0.233,-0.039284,0.3119,-0.34756,0.44548,-0.11392,0.19758,0.014958,-0.47059,0.18895,0.19487,0.37855,0.12742,0.1063,0.014398,-0.052013,-0.3407,0.0090241,0.3987,0.084861,-0.35031,0.3994,-0.014771,-0.03475,0.0009275,0.10823,0.37771,-0.078745,0.38475
0.31145,0.2188,-0.17805,0.33241,0.33677,0.10527,0.23845,0.34423,-0.017779,0.28312,0.038902,0.20129,0.1583,0.034214,-0.11775,0.28016,0.26265,0.073418,-0.22796,0.19872,0.0020371,0.36504,0.28394,0.10874,-0.010124,0.32272,0.15003,0.030966,0.087518,-0.022076,-0.37042,0.052751,0.23418,0.065903,0.18803,-0.015937,0.050006,0.0218,-0.022927,0.26206,0.094843,0.040626,0.10895,0.28508,0.31451,0.36175,0.099655,0.043059,-0.022255,-0.01302,-0.098284,0.02992,0.23059,-0.052862,0.18859,0.31307,0.16999,0.41024,-0.01702,-0.072892,0.1172,0.0065396,-0.062373,0.1191,-0.17996,-0.039318,-0.23462,0.11014,0.15357,0.43196,0.20273,0.27392,0.28638,0.1454,-0.048353,0.2314,-0.11269,-0.045779,0.3018,0.077542,0.20043,0.26411,0.12257,0.37023,-0.0024569,0.38696,0.11683,0.055826,0.085559,0.18226,-0.16952,0.088707,0.35076,-0.034105,-0.22645,0.40143,0.28246,0.058282,-0.26242,0.32094
-0.13589,-0.086538,0.11207,-0.1333,-0.1498,-0.020459,-0.11293,-0.15111,0.044097,-0.15152,0.018988,-0.077045,-0.082061,0.021925,0.060945,-0.1129,-0.13886,-0.037709,0.10803,-0.12827,-0.0077589,-0.15306,-0.14177,-0.025011,0.015855,-0.15259,-0.05919,-0.025329,-0.020513,0.009742,0.11598,-0.036415,-0.093295,-0.024439,-0.072342,0.036514,0.012682,0.0095203,0.053063,-0.14666,-0.051811,0.00344,-0.06755,-0.1162,-0.12984,-0.14455,-0.034134,-0.026029,0.028961,0.022513,0.09555,0.021913,-0.090755,0.030096,-0.123,-0.13815,-0.098345,-0.15118,0.032063,0.062186,-0.027939,0.020104,0.044058,-0.080294,0.098626,0.015856,0.13038,-0.074322,-0.090915,-0.16906,-0.095741,-0.15001,-0.13133,-0.044249,0.023379,-0.12835,0.057617,0.058326,-0.13109,-0.050512,-0.074899,-0.10575,-0.03455,-0.14465,0.026874,-0.15034,-0.053209,-0.040612,-0.02987,-0.076865,0.097189,-0.060939,-0.19218,0.029425,0.10327,-0.15107,-0.11666,0.0066315,0.11022,-0.16283
0.15856,0.089008,0.0028388,0.12545,0.16004,0.13566,0.022336,0.046983,0.04964,0.16406,0.1084,0.14664,-0.032774,0.11132,-0.10533,0.12645,-0.02639,-0.062911,-0.19053,-0.23134,-0.17284,0.05167,0.00020748,0.082871,-0.047528,0.015547,0.17791,-0.1706,0.039836,-0.10997,-0.18109,-0.12736,0.097124,-0.027426,0.15594,0.020073,0.13774,0.23928,0.087567,-0.060421,-0.067545,0.021429,-0.1048,0.10664,0.096832,0.1453,0.014303,-0.095691,-0.02378,-0.028067,0.11733,0.083517,0.13868,-0.0912,-0.2053,0.057833,-0.072124,0.10913,-0.00027652,-0.0043813,0.10089,0.0067744,-0.052302,-0.18213,-0.056858,-0.14716,-0.20883,-0.165,-0.083885,0.15994,0.013285,-0.050677,0.041343,0.13759,-0.18755,0.17462,-0.11078,0.041835,0.06754,-0.22646,0.10316,0.12042,0.16034,0.1249,0.012689,0.097334,-0.018463,-0.16511,-0.0023264,0.17198,-0.046307,-0.16331,0.14012,-0.048186,-0.11185,0.10006,0.095584,0.15186,-0.13844,0.15911
-0.69187,-0.43694,0.078022,-0.61013,-0.73039,-0.43554,-0.32241,-0.46181,-0.16041,-0.74193,-0.32156,-0.54883,-0.15229,-0.32271,0.21819,-0.56936,-0.25587,-0.025506,0.49012,0.11516,0.23501,-0.48874,-0.32231,-0.33317,0.016717,-0.38585,-0.57614,0.20292,-0.23117,0.14268,0.5649,0.10732,-0.46654,-0.08481,-0.55924,-0.10621,-0.38704,-0.53811,-0.22573,-0.19801,-0.035385,-0.15679,0.017814,-0.52907,-0.5328,-0.68512,-0.19181,0.059832,-0.017673,-0.017439,-0.19918,-0.26652,-0.55601,0.13487,0.093797,-0.45434,-0.09269,-0.63365,-0.066665,-0.010089,-0.37623,-0.10012,0.070546,0.13429,0.18522,0.2266,0.56948,0.11639,-0.057847,-0.79411,-0.27504,-0.22583,-0.39974,-0.47664,0.31255,-0.70574,0.22391,-0.12069,-0.46329,0.24791,-0.45114,-0.54199,-0.50381,-0.63873,-0.10375,-0.59308,-0.14387,0.16938,-0.14846,-0.5974,0.15625,0.13456,-0.81367,0.038424,0.32773,-0.60914,-0.50346,-0.42177,0.40828,-0.76323
0.26748,0.098867,-0.088678,0.17646,0.28588,0.14904,-0.00058695,0.042966,-0.0076499,0.33371,0.084988,0.20285,-0.089528,0.087292,-0.22979,0.1757,-0.058123,-0.14632,-0.37196,-0.27877,-0.31193,0.045027,-0.022219,0.06818,-0.13759,0.0011341,0.25241,-0.29969,0.00043009,-0.22725,-0.27998,-0.23607,0.1149,-0.098747,0.21887,-0.045796,0.1297,0.26965,0.038084,-0.095275,-0.14831,-0.034,-0.19219,0.13759,0.12162,0.22324,-0.034416,-0.19626,-0.10612,-0.11084,0.045885,0.048745,0.19346,-0.20419,-0.26195,0.058792,-0.13569,0.12768,-0.07327,-0.086996,0.097831,-0.059964,-0.15019,-0.27726,-0.16338,-0.28385,-0.42981,-0.2623,-0.15424,0.26807,-0.019055,-0.081867,0.032664,0.16684,-0.34845,0.33264,-0.23754,-0.023735,0.072873,-0.35195,0.12001,0.16165,0.19911,0.17277,-0.053369,0.11566,-0.07797,-0.28386,-0.060378,0.25677,-0.14949,-0.26922,0.35328,-0.1414,-0.23755,0.11429,0.11759,0.15387,-0.27261,0.32801
0.32644,0.15825,-0.49379,0.3151,0.36861,-0.022248,0.24229,0.43264,-0.23296,0.39463,-0.14715,0.14717,0.13514,-0.15515,-0.27763,0.24622,0.3463,-0.00049432,-0.38334,0.29774,-0.091594,0.48529,0.3628,-0.025046,-0.15361,0.43701,0.11864,-0.042949,-0.044828,-0.13465,-0.49883,-0.0066622,0.1804,-0.038026,0.13941,-0.21268,-0.11934,-0.05018,-0.25549,0.3844,0.040815,-0.1159,0.086672,0.25575,0.30647,0.35025,-0.0075887,-0.034843,-0.19167,-0.17296,-0.40373,-0.16143,0.18301,-0.19185,0.2739,0.34699,0.18697,0.44979,-0.20045,-0.29182,-0.012339,-0.16518,-0.23483,0.11943,-0.41601,-0.15152,-0.43589,0.10262,0.16168,0.42228,0.18209,0.40505,0.31545,0.047642,-0.17688,0.33795,-0.26711,-0.27773,0.31412,0.015154,0.12532,0.22281,0.031547,0.36294,-0.18464,0.42698,0.046846,0.0012732,-0.021139,0.16639,-0.41176,0.061504,0.49747,-0.19249,-0.41634,0.45287,0.25731,-0.095595,-0.42965,0.41788
-0.21027,-0.14384,0.093283,-0.19036,-0.21545,-0.14368,-0.11777,-0.16962,-0.02809,-0.22119,-0.095009,-0.18043,-0.058672,-0.095181,0.097446,-0.18096,-0.10655,-0.0070833,0.18543,0.067852,0.098289,-0.18148,-0.12754,-0.10453,0.019887,-0.1516,-0.20152,0.085666,-0.069816,0.060253,0.21561,0.042867,-0.15278,-0.023875,-0.18633,-0.012356,-0.12414,-0.22481,-0.049638,-0.090069,-0.013086,-0.039559,0.0047187,-0.17095,-0.17392,-0.20504,-0.060422,0.025167,0.013355,0.011184,-0.025866,-0.072844,-0.17981,0.061941,0.048808,-0.15967,-0.041341,-0.20334,-0.0011114,0.029637,-0.12003,-0.016057,0.046547,0.060553,0.11094,0.092208,0.20708,0.049556,-0.027262,-0.21851,-0.099843,-0.10103,-0.14393,-0.15811,0.12946,-0.2248,0.097972,-0.0088189,-0.15904,0.12243,-0.14724,-0.17389,-0.17299,-0.19702,-0.014959,-0.19467,-0.049658,0.071444,-0.045651,-0.20292,0.10167,0.056932,-0.21477,0.031174,0.14998,-0.20007,-0.16488,-0.14068,0.17241,-0.21975
-0.11791,-0.086018,-0.12913,-0.072221,-0.11485,-0.15218,-0.025052,0.008883,-0.12461,-0.14356,-0.14889,-0.13684,-0.012672,-0.15126,-0.04059,-0.095156,0.018213,-0.017285,0.0017492,0.10814,0.041872,0.025907,0.0094135,-0.11707,-0.054804,0.019726,-0.16678,0.046847,-0.091826,-0.0097279,-0.11029,0.023629,-0.087039,-0.046999,-0.14656,-0.10544,-0.16276,-0.20094,-0.14665,0.038769,-0.0072094,-0.091946,0.023078,-0.075243,-0.053162,-0.080631,-0.068429,-0.0017938,-0.076186,-0.070441,-0.16661,-0.13607,-0.12251,-0.033277,0.094212,-0.019873,0.018161,0.0030314,-0.091749,-0.10199,-0.12735,-0.090652,-0.065948,0.071014,-0.094096,0.013883,0.026663,0.060175,0.02127,-0.06857,-0.031585,0.037752,-0.01963,-0.14461,0.040658,-0.15632,-0.034818,-0.12496,-0.033592,0.085178,-0.10394,-0.095775,-0.16257,-0.051458,-0.097165,-0.0070445,-0.037227,0.048901,-0.060137,-0.158,-0.097938,0.05485,-0.13405,-0.061213,-0.069725,0.0056408,-0.066524,-0.16852,-0.062149,-0.13222
-0.29096,-0.11589,0.30918,-0.28866,-0.33431,-0.033434,-0.098262,-0.26273,0.12875,-0.27118,0.04059,-0.13587,0.019326,0.041779,0.30664,-0.21665,-0.09772,0.1132,0.46125,0.1394,0.22413,-0.30849,-0.14248,0.00042866,0.17983,-0.21164,-0.10788,0.20067,0.046079,0.21851,0.67715,0.16247,-0.13897,0.10216,-0.12861,0.14729,0.0084062,-0.079924,0.10304,-0.07493,0.096613,0.098304,0.10444,-0.20906,-0.24292,-0.35041,0.049349,0.15546,0.17844,0.17257,0.1263,0.066486,-0.16364,0.23856,0.11908,-0.21734,0.031471,-0.40988,0.16066,0.21155,-0.01914,0.13627,0.2293,0.14528,0.34827,0.24865,0.47759,0.13983,0.053706,-0.48953,-0.052669,-0.097654,-0.17006,-0.071181,0.27131,-0.20583,0.30384,0.15681,-0.20687,0.20135,-0.10431,-0.19144,-0.067726,-0.34625,0.14047,-0.35989,0.050915,0.17924,0.071299,-0.13609,0.33078,0.15414,-0.37623,0.20161,0.42965,-0.39003,-0.19825,-0.0096562,0.48677,-0.32376
-0.067421,-0.013133,-0.036926,-0.020289,-0.067914,-0.070314,0.040149,0.044688,-0.02714,-0.10374,-0.058147,-0.068576,0.062693,-0.06096,0.054084,-0.033809,0.074502,0.067607,0.080698,0.17282,0.12472,0.04708,0.062124,-0.027947,0.040928,0.059525,-0.10827,0.12765,6.6765e-05,0.079728,-0.0029136,0.10436,-0.016857,0.04283,-0.08024,-0.0065106,-0.078397,-0.16504,-0.05382,0.092804,0.074259,0.0041317,0.099138,-0.014424,0.00074693,-0.033675,0.020549,0.083075,0.022152,0.027108,-0.087089,-0.041759,-0.055767,0.060628,0.15969,0.030204,0.088379,0.021047,0.0072244,-0.0027802,-0.040503,0.0073976,0.032265,0.14404,0.0027859,0.10045,0.097309,0.13371,0.093006,-0.032267,0.039965,0.08893,0.036144,-0.067081,0.12589,-0.11956,0.059094,-0.027695,0.020696,0.16701,-0.028313,-0.031412,-0.090479,-0.0086663,0.0014251,0.021215,0.04624,0.12764,0.029465,-0.10032,-0.0010715,0.13052,-0.088196,0.036065,0.024757,0.024844,-0.0055738,-0.088477,0.029421,-0.089543
0.094582,0.017812,-0.3047,0.10771,0.11606,-0.077964,0.058481,0.16572,-0.16933,0.090391,-0.132,0.0017283,0.0056863,-0.13591,-0.18518,0.064196,0.10806,-0.054689,-0.22785,0.092009,-0.076103,0.19811,0.11908,-0.072946,-0.12746,0.16219,-0.030142,-0.055687,-0.080407,-0.11127,-0.34168,-0.049423,0.029363,-0.074459,-0.0067491,-0.15894,-0.12256,-0.12428,-0.18093,0.12562,-0.035561,-0.11312,-0.011626,0.071347,0.10074,0.12841,-0.062088,-0.066836,-0.14725,-0.138,-0.25159,-0.13698,0.024206,-0.14206,0.079053,0.11841,0.030692,0.19409,-0.15244,-0.19714,-0.068288,-0.13584,-0.167,0.013333,-0.26435,-0.11155,-0.23026,0.0035164,0.01984,0.17681,0.028147,0.13698,0.098545,-0.045226,-0.10903,0.051714,-0.17879,-0.19066,0.10132,-0.015576,-9.2767e-05,0.051331,-0.059835,0.14017,-0.14531,0.17562,-0.035626,-0.038375,-0.067827,-0.0048108,-0.26138,-0.013703,0.14427,-0.14627,-0.26762,0.19281,0.071951,-0.11431,-0.27831,0.11543
-0.23085,-0.10951,0.11194,-0.18441,-0.25706,-0.064504,-0.098899,-0.15651,0.032466,-0.29302,-0.010616,-0.1393,-0.044165,-0.0081596,0.10931,-0.16374,-0.10998,0.0092469,0.20242,-0.10461,0.077775,-0.16439,-0.12294,-0.046009,0.04779,-0.14535,-0.13624,0.057279,-0.021566,0.070281,0.17675,0.033354,-0.12147,0.0058157,-0.14028,0.036208,-0.025187,-0.029854,0.031224,-0.11352,-0.001936,0.0074778,-0.0056036,-0.15148,-0.15871,-0.21727,-0.021428,0.032571,0.047876,0.044579,0.082314,1.8638e-05,-0.14944,0.078671,-0.082766,-0.14447,-0.047937,-0.19042,0.040547,0.066994,-0.05749,0.027747,0.07202,-0.010755,0.11596,0.092057,0.25805,-0.0031098,-0.036511,-0.26882,-0.077267,-0.12106,-0.12809,-0.093707,0.1179,-0.26165,0.1095,0.048163,-0.14182,0.029483,-0.10677,-0.15111,-0.092203,-0.19539,0.030955,-0.18211,-0.023166,0.038327,-0.010059,-0.15939,0.11094,0.013615,-0.36357,0.058821,0.14265,-0.18502,-0.14415,-0.035634,0.16073,-0.30267
-0.077887,-0.034254,0.35795,-0.13209,-0.10024,0.081955,-0.11002,-0.27029,0.16173,-0.046117,0.1289,0.011764,-0.057781,0.13322,0.14951,-0.070696,-0.18818,0.0036266,0.17663,-0.15329,-0.00035128,-0.33265,-0.20098,0.063111,0.091102,-0.26911,0.052909,-0.019405,0.059181,0.054787,0.45183,-0.016827,-0.044323,0.034768,0.024466,0.14435,0.12311,0.11227,0.17949,-0.21557,-0.01866,0.091076,-0.052071,-0.0928,-0.14058,-0.14554,0.031793,0.0090326,0.12094,0.10863,0.26723,0.13036,-0.015762,0.097116,-0.1459,-0.18579,-0.094084,-0.30815,0.13245,0.18894,0.06351,0.11403,0.13929,-0.084154,0.28461,0.043757,0.16128,-0.074455,-0.083309,-0.21141,-0.073686,-0.23219,-0.16063,0.052448,0.027951,-0.0038464,0.13895,0.18682,-0.15552,-0.05833,-0.0073875,-0.058477,0.071709,-0.18618,0.12654,-0.27302,-0.0068659,-0.034824,0.033791,0.030892,0.28065,-0.05793,-0.10932,0.11391,0.28126,-0.30914,-0.099821,0.1168,0.29544,-0.08094
-0.22868,-0.044024,0.57035,-0.23638,-0.26808,0.066986,-0.057946,-0.29768,0.30119,-0.23538,0.1784,-0.06642,0.094112,0.18093,0.47794,-0.155,-0.10264,0.22861,0.58312,0.17223,0.36053,-0.37191,-0.1529,0.11367,0.33411,-0.25658,-0.054323,0.32863,0.16912,0.36395,0.81835,0.28059,-0.071143,0.22693,-0.06252,0.31674,0.13044,-0.029135,0.27592,-0.09821,0.20079,0.24148,0.19679,-0.15471,-0.20468,-0.28646,0.16429,0.27991,0.34312,0.33232,0.34098,0.21363,-0.095451,0.39734,0.15686,-0.20894,0.089954,-0.41944,0.32763,0.40401,0.088206,0.29349,0.40301,0.23413,0.56953,0.39337,0.57952,0.23179,0.12136,-0.3975,0.0072365,-0.13117,-0.15366,0.01532,0.41759,-0.18548,0.47166,0.34326,-0.18284,0.32551,-0.025281,-0.1279,0.011997,-0.30361,0.30265,-0.36645,0.15202,0.29755,0.19067,-0.084234,0.55382,0.25747,-0.32312,0.36538,0.62296,-0.40876,-0.14782,0.10131,0.65965,-0.2718
-0.29491,-0.17678,0.12895,-0.27747,-0.32149,-0.1066,-0.15591,-0.23209,0.0086103,-0.30327,-0.04757,-0.19146,-0.077303,-0.044344,0.13809,-0.24226,-0.15266,-0.0068734,0.25712,-0.10426,0.077071,-0.24107,-0.17627,-0.093888,0.042395,-0.2056,-0.15651,0.053312,-0.061341,0.076804,0.29556,0.028373,-0.19204,-0.016679,-0.1841,0.017329,-0.060406,-0.020804,0.0037303,-0.14389,-0.020011,-0.021456,-0.019088,-0.2332,-0.24632,-0.31368,-0.058163,0.02621,0.03965,0.035553,0.061617,-0.035355,-0.21167,0.089716,-0.086892,-0.22186,-0.072596,-0.29946,0.026131,0.064432,-0.10666,0.0075722,0.078221,-0.020547,0.15198,0.10224,0.28889,-0.012479,-0.057423,-0.37731,-0.12754,-0.15441,-0.19663,-0.1408,0.12106,-0.25477,0.13746,0.030566,-0.22057,0.011961,-0.17056,-0.22681,-0.12631,-0.29947,0.011146,-0.28382,-0.054857,0.032429,-0.041091,-0.18631,0.14134,0.0053033,-0.37974,0.058234,0.20535,-0.28905,-0.22468,-0.068376,0.23944,-0.33216
-0.29977,-0.16976,0.23799,-0.29525,-0.33278,-0.061676,-0.18637,-0.30258,0.079621,-0.312,0.012526,-0.16825,-0.096026,0.016208,0.1867,-0.24311,-0.21162,-0.0047527,0.30467,-0.091616,0.081565,-0.32537,-0.23668,-0.051886,0.079655,-0.28129,-0.13355,0.052436,-0.024726,0.094911,0.38067,0.022491,-0.18752,0.0013761,-0.15933,0.081586,-0.0075857,-0.039425,0.076565,-0.20896,-0.026646,0.024962,-0.037491,-0.24311,-0.272,-0.33184,-0.035768,0.02862,0.09081,0.081806,0.13437,0.027258,-0.19584,0.12379,-0.092501,-0.26866,-0.10524,-0.36078,0.084317,0.13899,-0.064034,0.060399,0.1314,-0.031419,0.24165,0.11653,0.33828,-0.027261,-0.08647,-0.40541,-0.14671,-0.22393,-0.23966,-0.10408,0.13586,-0.25663,0.18235,0.10763,-0.25685,0.024919,-0.15246,-0.22443,-0.090476,-0.33006,0.068934,-0.34144,-0.052463,0.026548,-0.020162,-0.16642,0.23194,-0.0064232,-0.4012,0.10353,0.28309,-0.35376,-0.23863,-0.021176,0.31345,-0.34574
0.022683,-0.069879,-0.4659,0.047785,0.058328,-0.25019,0.024484,0.15503,-0.33771,0.038083,-0.32007,-0.12342,-0.027639,-0.32814,-0.27572,-0.016406,0.12154,-0.10793,-0.2935,0.23611,-0.088757,0.18734,0.12138,-0.21047,-0.22509,0.16684,-0.1901,-0.055904,-0.19856,-0.17261,-0.39815,-0.067784,-0.056046,-0.15562,-0.14147,-0.3052,-0.32486,-0.38479,-0.37924,0.16597,-0.075424,-0.2389,-0.017539,0.0027704,0.049357,0.071812,-0.15697,-0.11128,-0.26496,-0.24971,-0.49315,-0.31146,-0.083557,-0.22522,0.19722,0.091031,0.032799,0.1631,-0.28467,-0.34273,-0.21339,-0.26469,-0.27759,0.070385,-0.3898,-0.1563,-0.29962,0.042643,0.022109,0.14443,-0.016397,0.17476,0.072122,-0.19675,-0.1349,-0.029163,-0.2652,-0.36233,0.06332,0.045825,-0.10502,-0.03333,-0.23416,0.093026,-0.28161,0.14606,-0.099598,-0.029451,-0.15761,-0.14331,-0.39283,0.011905,0.14772,-0.25138,-0.36436,0.16406,0.0086397,-0.3209,-0.36281,0.075413
-0.12751,-0.11086,0.57657,-0.26392,-0.15969,0.2071,-0.3058,-0.52199,0.31577,-0.047737,0.29514,0.042086,-0.23277,0.30846,0.20561,-0.15456,-0.47328,-0.10309,0.19551,-0.6213,-0.16455,-0.58123,-0.47144,0.11208,0.10918,-0.54653,0.18499,-0.21501,0.075315,0.0027509,0.51536,-0.18291,-0.12626,-0.014069,0.083253,0.25861,0.31443,0.46403,0.38587,-0.54133,-0.15912,0.14069,-0.25958,-0.21361,-0.30398,-0.26146,-0.0029626,-0.10308,0.18487,0.15621,0.57045,0.27479,-0.029321,0.10553,-0.57204,-0.40471,-0.33555,-0.50696,0.22142,0.33152,0.12697,0.18507,0.20985,-0.40169,0.44764,-0.038653,0.14161,-0.3598,-0.31977,-0.32293,-0.24056,-0.55581,-0.37922,0.13314,-0.099338,0.04797,0.18299,0.35998,-0.35131,-0.38126,-0.041394,-0.13624,0.21018,-0.34607,0.2159,-0.48142,-0.10916,-0.25353,-0.0058197,0.11994,0.44937,-0.31479,-0.16447,0.15889,0.40717,-0.51649,-0.23538,0.31699,0.40556,-0.11453
0.11911,0.1037,-0.3773,0.20514,0.14149,-0.097704,0.23,0.38763,-0.17255,0.072661,-0.1574,0.0089167,0.18262,-0.16639,-0.097366,0.13288,0.34522,0.10103,-0.10083,0.44945,0.14162,0.43882,0.345,-0.037757,-0.034112,0.40398,-0.080035,0.17384,-0.014206,0.035229,-0.36668,0.15299,0.11367,0.04389,-0.016509,-0.13357,-0.16943,-0.273,-0.22118,0.39426,0.13652,-0.055888,0.20131,0.17048,0.23065,0.2058,0.035854,0.1019,-0.083913,-0.065041,-0.36252,-0.14423,0.053598,-0.030995,0.41309,0.29936,0.25005,0.38577,-0.10846,-0.18371,-0.047026,-0.084555,-0.10007,0.2951,-0.27167,0.061668,-0.07403,0.26723,0.23985,0.25536,0.18706,0.40592,0.28051,-0.049671,0.099292,0.011226,-0.082215,-0.20357,0.26201,0.28207,0.059858,0.12076,-0.098228,0.2625,-0.10496,0.36189,0.10366,0.19846,0.038028,-0.038292,-0.27241,0.23788,0.15296,-0.066412,-0.24442,0.39186,0.18445,-0.17047,-0.24747,0.11568
-0.16723,-0.086119,-0.08754,-0.10191,-0.16614,-0.1629,0.027258,0.061131,-0.081463,-0.19523,-0.14004,-0.1682,0.081521,-0.14306,0.12143,-0.12466,0.11159,0.10403,0.20707,0.23373,0.22341,0.090085,0.086147,-0.10272,0.062344,0.097057,-0.19667,0.22174,-0.046373,0.15058,0.037799,0.18156,-0.093899,0.050404,-0.17909,-0.041155,-0.16484,-0.18646,-0.12508,0.15498,0.1147,-0.029989,0.16272,-0.090993,-0.060189,-0.12378,-0.0047602,0.14264,0.02266,0.031685,-0.15959,-0.11469,-0.15444,0.11765,0.23097,0.0093456,0.13567,0.0096698,-0.011669,-0.021083,-0.12445,-0.016318,0.055704,0.22618,0.014468,0.19458,0.23052,0.21635,0.14602,-0.11636,0.027442,0.15135,0.020607,-0.16303,0.23487,-0.20436,0.13117,-0.077474,-0.015418,0.24808,-0.11215,-0.12042,-0.18327,-0.077911,-0.027253,0.0019477,0.049707,0.21722,0.0171,-0.1939,0.0027822,0.21552,-0.18431,0.057156,0.083176,0.020534,-0.073668,-0.1748,0.10646,-0.18426
0.28741,0.13975,-0.048877,0.22766,0.30556,0.20458,0.039476,0.11358,0.056744,0.3085,0.15447,0.23433,-0.055077,0.15852,-0.19193,0.21374,-0.024088,-0.10795,-0.34315,-0.32195,-0.27399,0.13389,0.020514,0.11984,-0.091651,0.059217,0.28192,-0.26759,0.050193,-0.1857,-0.40001,-0.20364,0.15525,-0.055276,0.24872,0.011279,0.20182,0.36366,0.11441,-0.071005,-0.1129,0.018336,-0.16521,0.18128,0.17394,0.27669,0.011032,-0.15877,-0.056756,-0.062377,0.14464,0.11461,0.22508,-0.16144,-0.2889,0.11397,-0.11019,0.24095,-0.020203,-0.033812,0.14939,-0.0070869,-0.10469,-0.27175,-0.13725,-0.24161,-0.37874,-0.24947,-0.12946,0.35402,0.019461,-0.05321,0.080261,0.21183,-0.30092,0.30629,-0.19893,0.040954,0.12432,-0.34073,0.16056,0.19965,0.24714,0.24239,0.0012399,0.2087,-0.037932,-0.25693,-0.015575,0.2772,-0.11859,-0.25022,0.32666,-0.095053,-0.23172,0.22237,0.16253,0.22521,-0.28316,0.31581
-0.14834,-0.034247,-0.05263,-0.05477,-0.15156,-0.15364,0.091276,0.10164,-0.054585,-0.21466,-0.12704,-0.14944,0.15032,-0.13247,0.15944,-0.080586,0.17585,0.16835,0.2498,0.3885,0.3114,0.11242,0.14495,-0.065397,0.10961,0.14073,-0.22081,0.3152,0.00027968,0.20842,0.10237,0.26024,-0.042875,0.10682,-0.17128,-0.00665,-0.16756,-0.30606,-0.11243,0.22149,0.18323,0.013244,0.24304,-0.038974,-0.0062447,-0.086247,0.049181,0.20958,0.064099,0.075301,-0.1677,-0.09179,-0.12447,0.16494,0.36648,0.064355,0.21287,0.033783,0.026647,0.010287,-0.093064,0.024386,0.095026,0.34237,0.044871,0.26065,0.29119,0.32165,0.22509,-0.098387,0.092116,0.21278,0.079914,-0.14739,0.31879,-0.2391,0.17099,-0.05226,0.041634,0.38981,-0.067613,-0.0751,-0.19091,-0.033241,0.010859,0.037001,0.11177,0.31306,0.072043,-0.2066,0.032978,0.31657,-0.20117,0.10046,0.11241,0.045608,-0.018986,-0.18655,0.1361,-0.19253
0.0039884,0.021867,0.30479,-0.052039,-0.0089132,0.12049,-0.046269,-0.16441,0.18534,0.034133,0.15698,0.066491,-0.0023639,0.15961,0.17668,-0.0026694,-0.10346,0.053184,0.1725,-0.032987,0.050645,-0.20653,-0.11422,0.10644,0.13152,-0.16123,0.094421,0.035226,0.10279,0.099087,0.37088,0.036234,0.01414,0.081135,0.076577,0.17415,0.14893,0.093742,0.19281,-0.11725,0.033078,0.13081,0.0050626,-0.024832,-0.065056,-0.054962,0.078084,0.058613,0.15652,0.14636,0.22754,0.16027,0.043947,0.13587,-0.041654,-0.10391,-0.031189,-0.19151,0.16545,0.20773,0.10689,0.15038,0.17129,-0.012537,0.27174,0.087926,0.14334,-0.0081616,-0.021892,-0.095131,-0.016272,-0.12905,-0.085491,0.097899,0.072074,0.058118,0.16807,0.20312,-0.080222,0.013474,0.04644,0.0059627,0.11046,-0.094966,0.16042,-0.1662,0.04288,0.022535,0.079983,0.080584,0.26893,0.0041343,0.00092061,0.15079,0.26762,-0.19256,-0.032424,0.14209,0.27277,0.012022
-0.17983,-0.18734,-0.10936,-0.2234,-0.18228,-0.15817,-0.17035,-0.18942,-0.14777,-0.10407,-0.16138,-0.16282,-0.14052,-0.16142,-0.066306,-0.20093,-0.13689,-0.12334,-0.010905,-0.038321,-0.09991,-0.18998,-0.15454,-0.16648,-0.1142,-0.16082,-0.12065,-0.1021,-0.15729,-0.095494,0.11091,-0.10538,-0.19131,-0.13399,-0.15119,-0.13758,-0.15852,-0.10892,-0.15882,-0.10866,-0.12385,-0.14583,-0.1122,-0.20647,-0.21512,-0.2297,-0.15216,-0.11046,-0.1201,-0.12032,-0.17716,-0.15909,-0.17678,-0.091042,-0.055742,-0.19719,-0.12187,-0.25176,-0.12985,-0.11883,-0.16714,-0.13611,-0.10058,-0.092788,-0.064927,-0.088813,-0.032334,-0.097392,-0.11784,-0.25682,-0.16351,-0.11217,-0.18433,-0.16022,-0.095111,-0.07881,-0.066985,-0.14269,-0.20095,-0.1059,-0.18223,-0.1971,-0.14412,-0.2415,-0.13682,-0.23716,-0.14336,-0.10235,-0.14502,-0.12708,-0.07461,-0.10059,-0.117,-0.10878,-0.015765,-0.2422,-0.20499,-0.15397,0.015054,-0.13303
-0.20678,-0.12592,-0.54,-0.030199,-0.18818,-0.40361,0.086445,0.26769,-0.38163,-0.33604,-0.42583,-0.31204,0.077922,-0.4367,-0.1479,-0.13,0.25459,0.018668,-0.030403,0.44909,0.18718,0.33405,0.23865,-0.28117,-0.14214,0.30288,-0.45759,0.21183,-0.21035,0.00098994,-0.41674,0.14038,-0.12202,-0.078919,-0.35561,-0.3148,-0.46742,-0.63322,-0.46071,0.32827,0.060921,-0.23603,0.16376,-0.058885,0.029803,-0.052223,-0.12959,0.054074,-0.21971,-0.19534,-0.59064,-0.38818,-0.24752,-0.091435,0.41709,0.14733,0.18373,0.23946,-0.26902,-0.34195,-0.3112,-0.25124,-0.20772,0.31996,-0.38731,0.075337,0.072917,0.28211,0.18314,-0.00296,0.043219,0.33629,0.13419,-0.36,0.17351,-0.41815,-0.12487,-0.40377,0.092743,0.35996,-0.19419,-0.13861,-0.43878,0.052301,-0.27832,0.21022,-0.022374,0.22572,-0.11057,-0.41133,-0.39674,0.25651,-0.24732,-0.17602,-0.30917,0.25155,-0.030249,-0.48427,-0.28834,-0.26755
-0.055266,-0.028245,-0.071798,-0.029942,-0.055346,-0.088646,0.014022,0.0046573,-0.073529,-0.075006,-0.092261,-0.067897,0.027212,-0.095506,-0.012646,-0.03747,0.043916,0.019616,0.0054683,0.16446,0.058458,-0.0057955,0.031054,-0.055298,-0.01512,0.020589,-0.10481,0.067123,-0.036279,0.016283,0.017213,0.049909,-0.029428,-0.0033652,-0.07777,-0.055771,-0.10738,-0.20077,-0.097529,0.061924,0.02894,-0.039844,0.054807,-0.02518,-0.016279,-0.039402,-0.017485,0.028834,-0.032263,-0.027127,-0.13336,-0.079848,-0.055397,-0.0031653,0.1416,0.0031471,0.053124,-0.03074,-0.044294,-0.05659,-0.063513,-0.041539,-0.027235,0.10428,-0.046308,0.031035,0.013518,0.090692,0.055621,-0.051042,0.011736,0.056686,0.010135,-0.077645,0.049471,-0.090516,-0.008652,-0.076368,-0.0021994,0.11838,-0.041132,-0.036837,-0.099676,-0.028256,-0.047623,-0.020464,0.0069794,0.072505,-0.012008,-0.091525,-0.050467,0.082581,-0.0648,-0.021753,-0.025472,-0.026413,-0.019408,-0.11413,-0.016365,-0.065952
0.02369,0.0045944,-0.15949,0.040966,0.040268,-0.045973,0.079422,0.17531,-0.062082,0.047819,-0.062765,-0.020859,0.080549,-0.064586,0.022015,0.0097893,0.15397,0.066191,0.02735,0.15668,0.09674,0.22554,0.14938,-0.033264,0.019429,0.1916,-0.013324,0.10351,-0.013513,0.065183,-0.16506,0.098644,0.0059803,0.033725,-0.021088,-0.041278,-0.05946,0.017364,-0.080927,0.1871,0.07838,-0.018042,0.10761,0.026004,0.056828,0.046849,0.011977,0.078258,-0.0073654,0.00070729,-0.1301,-0.059261,-0.012947,0.039271,0.15803,0.10677,0.1171,0.17385,-0.025446,-0.050982,-0.038297,-0.020679,-0.00036794,0.12826,-0.078901,0.080137,0.01378,0.12558,0.11584,0.095998,0.064177,0.19508,0.09959,-0.0363,0.085051,0.036622,0.029441,-0.070987,0.081433,0.10094,-0.012096,0.0053242,-0.034714,0.073578,-0.029426,0.14981,0.048014,0.10941,0.020266,-0.0097981,-0.08196,0.11857,0.089102,0.0093539,-0.048443,0.17911,0.034297,-0.05375,-0.04647,0.056433
-0.25102,-0.17595,0.047871,-0.2336,-0.26565,-0.12504,-0.16468,-0.19443,-0.037673,-0.25058,-0.077344,-0.18749,-0.1184,-0.074206,0.042996,-0.21677,-0.16611,-0.06838,0.13303,-0.1509,-0.0049497,-0.18857,-0.17582,-0.11823,-0.027286,-0.184,-0.16315,-0.0245,-0.097739,-0.0053487,0.12351,-0.044956,-0.18546,-0.071899,-0.1828,-0.036232,-0.086151,-0.052257,-0.034743,-0.16414,-0.079159,-0.068503,-0.081935,-0.20907,-0.21338,-0.256,-0.098582,-0.045042,-0.025876,-0.029967,0.020484,-0.06997,-0.20016,0.0060274,-0.13902,-0.19694,-0.11983,-0.21976,-0.032831,-0.0013574,-0.12672,-0.047049,0.0011417,-0.085875,0.057008,0.01444,0.15531,-0.079289,-0.10983,-0.2892,-0.14787,-0.16796,-0.18551,-0.15149,0.031243,-0.22167,0.042281,-0.02011,-0.19794,-0.0554,-0.17222,-0.20745,-0.14046,-0.24052,-0.042943,-0.21823,-0.10013,-0.041919,-0.087623,-0.18421,0.050964,-0.06449,-0.29003,-0.01451,0.089604,-0.21432,-0.20332,-0.092572,0.1117,-0.26843
-0.80527,-0.45247,0.34885,-0.70558,-0.86621,-0.35675,-0.36079,-0.57195,0.01364,-0.87469,-0.17983,-0.56462,-0.1391,-0.17565,0.41021,-0.6354,-0.33758,0.050112,0.73284,-0.010822,0.34938,-0.60963,-0.40921,-0.25981,0.15545,-0.49845,-0.55707,0.29334,-0.14623,0.27919,0.79429,0.18624,-0.49406,0.003813,-0.56768,0.055498,-0.25059,-0.35672,-0.03176,-0.30153,0.022066,-0.03857,0.052978,-0.5926,-0.61304,-0.80562,-0.1209,0.15233,0.13504,0.12778,0.080834,-0.12287,-0.59235,0.2929,-0.0052879,-0.53896,-0.10406,-0.75156,0.089192,0.18444,-0.30905,0.040351,0.24203,0.13324,0.42143,0.37178,0.83053,0.13114,-0.05783,-0.95511,-0.28656,-0.33623,-0.47024,-0.4377,0.46496,-0.79737,0.41272,0.07335,-0.53796,0.28161,-0.45399,-0.59528,-0.44611,-0.75018,0.045241,-0.70702,-0.092773,0.23836,-0.069768,-0.6113,0.39208,0.17215,-1.0077,0.1929,0.56373,-0.72605,-0.56396,-0.29243,0.64971,-0.91645
0.0085736,-0.063531,-0.091358,-0.046439,0.011423,-0.044936,-0.10349,-0.1119,-0.11542,0.068292,-0.078127,-0.012863,-0.14,-0.077411,-0.18939,-0.03355,-0.12149,-0.17016,-0.19884,-0.16713,-0.23491,-0.12995,-0.1132,-0.081228,-0.16895,-0.11738,0.01322,-0.22788,-0.11143,-0.20395,0.0030766,-0.20397,-0.056911,-0.1527,-0.0041483,-0.13101,-0.058634,-0.0029812,-0.097216,-0.12982,-0.16855,-0.12752,-0.18093,-0.052213,-0.065822,-0.03526,-0.12499,-0.19098,-0.1553,-0.1579,-0.085171,-0.093428,-0.018875,-0.19225,-0.17053,-0.091457,-0.15264,-0.11953,-0.14221,-0.14015,-0.067514,-0.13797,-0.1686,-0.20112,-0.13064,-0.22479,-0.2187,-0.20029,-0.16105,-0.053976,-0.11116,-0.12733,-0.095259,-0.033213,-0.24866,0.07525,-0.19414,-0.11914,-0.082962,-0.23286,-0.053847,-0.037903,-0.018906,-0.06441,-0.13491,-0.105,-0.14056,-0.21896,-0.13634,0.018022,-0.13016,-0.20773,0.068988,-0.16872,-0.13762,-0.11986,-0.060625,-0.047441,-0.12776,0.051163
-0.09052,-0.086136,-0.3169,-0.046863,-0.081104,-0.21123,0.0085131,0.08274,-0.2384,-0.087917,-0.24456,-0.14701,-0.0022204,-0.25037,-0.13752,-0.08072,0.093031,-0.04417,-0.093048,0.21286,0.0031386,0.10619,0.082314,-0.16827,-0.12804,0.10721,-0.19074,0.022022,-0.14352,-0.069363,-0.1752,0.0028329,-0.082777,-0.088898,-0.16002,-0.20706,-0.25541,-0.30879,-0.27639,0.13384,-0.0212,-0.16309,0.028071,-0.055605,-0.021445,-0.056569,-0.10601,-0.03501,-0.16408,-0.1521,-0.35872,-0.23174,-0.12284,-0.11089,0.18416,0.031992,0.050633,0.043375,-0.18606,-0.22445,-0.1772,-0.17505,-0.1618,0.10112,-0.2386,-0.045184,-0.078041,0.08075,0.047339,-0.054606,-0.013703,0.13687,0.029437,-0.18193,-0.018869,-0.11355,-0.12814,-0.25255,0.0080039,0.092838,-0.11452,-0.085212,-0.20968,-0.021965,-0.18858,0.040351,-0.055048,0.036622,-0.099852,-0.16617,-0.24505,0.061465,-0.052315,-0.14558,-0.19254,0.052652,-0.044294,-0.25651,-0.17359,-0.077013
-0.18149,-0.15666,0.26923,-0.22936,-0.18946,-0.036391,-0.23558,-0.36802,0.075705,-0.16288,0.029914,-0.11777,-0.17903,0.035472,0.073556,-0.18508,-0.31827,-0.098899,0.091455,-0.2997,-0.068145,-0.41279,-0.3251,-0.050317,0.003382,-0.37821,-0.086691,-0.095108,-0.048959,-0.024361,0.26725,-0.10755,-0.16592,-0.067846,-0.10818,0.056843,0.019231,0.0067009,0.096887,-0.34928,-0.12583,-0.0074957,-0.16083,-0.20637,-0.24695,-0.22618,-0.078283,-0.08384,0.034175,0.020552,0.20519,0.034098,-0.14091,0.018349,-0.28456,-0.29661,-0.21912,-0.36271,0.044765,0.10873,-0.05265,0.022184,0.058049,-0.19042,0.19728,-0.025202,0.075639,-0.17867,-0.20472,-0.23737,-0.19864,-0.36291,-0.27975,-0.072936,-0.026276,-0.14521,0.06401,0.10574,-0.26841,-0.1369,-0.13069,-0.17637,-0.055851,-0.26614,0.036404,-0.34509,-0.11996,-0.11936,-0.073364,-0.10848,0.19546,-0.15417,-0.17306,0.029552,0.18373,-0.36964,-0.21456,0.0087355,0.18583,-0.17496
-0.30902,-0.23341,0.33097,-0.39078,-0.33359,-0.074315,-0.27963,-0.47061,0.086781,-0.22578,0.0042107,-0.184,-0.1597,0.0090006,0.21772,-0.30619,-0.32029,-0.041686,0.30679,-0.1423,0.031762,-0.52271,-0.35882,-0.080729,0.077313,-0.43477,-0.11115,-0.00026114,-0.053941,0.080418,0.60796,-0.020456,-0.25344,-0.027933,-0.16277,0.088327,-0.014227,-0.024615,0.082888,-0.31335,-0.071427,0.010462,-0.090545,-0.32779,-0.38348,-0.41356,-0.072591,-0.0040826,0.097261,0.08375,0.15445,0.019675,-0.22656,0.12877,-0.15012,-0.40115,-0.17405,-0.57101,0.090662,0.16994,-0.090579,0.057709,0.15175,-0.092819,0.3326,0.09063,0.2674,-0.086584,-0.1504,-0.49331,-0.22427,-0.33638,-0.35747,-0.12033,0.082909,-0.16563,0.20778,0.12541,-0.37645,-0.047995,-0.20192,-0.28631,-0.09066,-0.45915,0.070127,-0.52783,-0.099572,-0.027287,-0.053776,-0.14506,0.3171,-0.063517,-0.29182,0.1115,0.38747,-0.56193,-0.32993,-0.025557,0.42844,-0.27891
-0.15897,-0.058528,0.57222,-0.21641,-0.20228,0.19771,-0.18826,-0.37276,0.33481,-0.15538,0.2956,0.028418,-0.10582,0.30681,0.29838,-0.12613,-0.30993,0.016472,0.35639,-0.41023,0.011786,-0.4199,-0.31627,0.14078,0.19203,-0.38131,0.1295,-0.037091,0.12841,0.12767,0.57289,-0.028119,-0.077204,0.079032,0.056334,0.29473,0.30063,0.39594,0.38604,-0.35826,-0.030148,0.19247,-0.10479,-0.15838,-0.22567,-0.23942,0.071774,0.02932,0.24722,0.22446,0.54841,0.28677,-0.028783,0.20717,-0.36667,-0.28488,-0.18117,-0.38765,0.26984,0.36512,0.14453,0.23617,0.27913,-0.21002,0.47926,0.11097,0.36348,-0.17594,-0.16409,-0.32173,-0.12992,-0.37213,-0.25681,0.12507,0.084812,-0.064045,0.28208,0.37585,-0.24667,-0.17051,-0.007659,-0.10443,0.18037,-0.28058,0.26051,-0.36374,-0.0057381,-0.076135,0.076132,0.066943,0.47729,-0.13437,-0.29591,0.23446,0.46729,-0.39038,-0.16843,0.29553,0.47871,-0.20945
-0.076812,-0.049745,0.085922,-0.076239,-0.072609,-0.055763,-0.040165,-0.10384,0.012504,-0.082918,-0.027379,-0.073276,0.00050498,-0.02784,0.067621,-0.069732,-0.048974,0.030851,0.06406,0.035052,0.076616,-0.12981,-0.063698,-0.028172,0.04132,-0.095864,-0.092494,0.072765,-0.0059762,0.059339,0.098681,0.054618,-0.055106,0.021546,-0.078415,0.022528,-0.046244,-0.11059,-0.0015971,-0.048351,0.027581,0.010206,0.035269,-0.066731,-0.073487,-0.076057,0.00090278,0.046401,0.037053,0.036503,0.014934,-0.013086,-0.07061,0.058183,0.033633,-0.076455,0.0064971,-0.12083,0.02922,0.043124,-0.038325,0.022133,0.051356,0.057646,0.079982,0.070868,0.052286,0.054388,0.015571,-0.061999,-0.025343,-0.059215,-0.06337,-0.062674,0.083724,-0.098113,0.06775,0.022646,-0.069963,0.087122,-0.05189,-0.066428,-0.074766,-0.084612,0.022044,-0.10986,0.007683,0.066979,0.0094631,-0.090338,0.076932,0.059511,-0.050776,0.045544,0.083802,-0.12237,-0.064673,-0.056837,0.082203,-0.071598
0.48454,0.25245,-0.28507,0.43165,0.52938,0.1908,0.20625,0.37781,-0.043761,0.5254,0.081736,0.319,0.062198,0.080136,-0.29264,0.37306,0.19924,-0.05701,-0.51154,-0.069474,-0.24276,0.42455,0.25013,0.12606,-0.12823,0.32521,0.32244,-0.20911,0.056591,-0.19969,-0.66133,-0.14018,0.27971,-0.031648,0.32179,-0.070858,0.1313,0.25802,-0.0099298,0.17486,-0.03879,-0.010658,-0.058199,0.35015,0.37354,0.50109,0.043479,-0.11934,-0.11869,-0.11314,-0.069819,0.043194,0.33791,-0.21257,-0.057859,0.33496,0.040628,0.51939,-0.091349,-0.15465,0.15693,-0.060179,-0.18632,-0.1227,-0.32261,-0.25616,-0.57779,-0.11542,0.011029,0.62479,0.15518,0.20146,0.28464,0.23905,-0.31571,0.47371,-0.29263,-0.081956,0.32798,-0.22304,0.25005,0.34544,0.25029,0.476,-0.06384,0.47412,0.030107,-0.17608,0.012584,0.3527,-0.30194,-0.13792,0.61922,-0.15336,-0.41908,0.5011,0.33336,0.16041,-0.48306,0.5578
