,0,1,2,3,4,5,6,7,chain_break_fraction,energy,num_occurrences
0,1,1,1,-1,-1,-1,1,1,0.125,0.4591007000000001,1
1,-1,1,-1,1,1,1,-1,-1,0.25,0.7388083,1
2,1,1,1,-1,-1,1,-1,-1,0.375,-0.17212490000000008,1
3,1,1,1,-1,1,-1,-1,1,0.25,-0.2131319000000001,1
4,1,-1,1,-1,-1,1,-1,1,0.25,0.4459781,1
5,-1,1,-1,-1,-1,1,1,-1,0.25,0.13721490000000008,1
6,1,-1,-1,1,1,1,1,1,0.375,-0.31042770000000003,1
7,-1,-1,1,-1,1,-1,1,-1,0.25,0.1980205,1
8,1,-1,-1,1,1,-1,-1,-1,0.375,-0.5928653,1
9,-1,-1,-1,-1,-1,-1,-1,-1,0.25,-0.20167970000000002,1
10,1,1,-1,-1,-1,-1,-1,-1,0.25,-0.47904090000000005,1
11,-1,1,-1,-1,-1,1,-1,1,0.375,-0.4342803,1
12,-1,1,1,1,1,-1,-1,1,0.5,-0.10596010000000002,1
13,1,1,1,1,-1,1,-1,1,0.375,0.3333327000000001,1
14,-1,-1,-1,1,-1,1,1,1,0.25,-0.6659041,1
15,-1,-1,-1,1,-1,1,1,1,0.375,-0.6659041,1
16,-1,-1,-1,-1,1,1,1,1,0.375,-0.5733751,1
17,1,1,1,1,-1,-1,-1,-1,0.5,-0.4664333,1
18,1,1,-1,1,1,1,-1,-1,0.5,0.09036970000000001,1
19,-1,1,1,1,1,1,-1,1,0.25,0.14807830000000005,1
20,1,1,-1,1,-1,-1,-1,-1,0.5,-0.5596629000000001,1
21,-1,1,-1,1,1,1,1,1,0.625,-0.1337996999999999,1
22,1,1,-1,1,-1,-1,1,1,0.375,0.47893710000000006,1
23,1,-1,-1,1,-1,1,-1,1,0.5,0.18828090000000003,1
24,1,-1,-1,-1,1,1,1,-1,0.5,-0.1073381,1
25,-1,1,-1,-1,-1,-1,1,-1,0.375,-0.3188626999999999,1
26,1,-1,-1,-1,1,1,1,-1,0.375,-0.1073381,1
27,1,1,-1,-1,-1,-1,-1,-1,0.5,-0.47904090000000005,1
28,1,-1,1,1,1,-1,1,-1,0.375,-0.10725930000000004,1
29,-1,1,1,-1,-1,-1,1,1,0.375,-0.26587670000000013,1
30,1,1,1,-1,-1,1,1,1,0.375,-0.2068929,1
31,-1,-1,-1,1,-1,1,1,-1,0.375,-0.11807170000000002,1
32,1,1,-1,1,1,-1,-1,1,0.375,-0.17402030000000002,1
33,1,1,-1,-1,-1,-1,1,-1,0.375,0.1666587,1
34,-1,1,-1,-1,-1,-1,1,-1,0.375,-0.3188626999999999,1
35,-1,1,-1,-1,-1,-1,-1,1,0.375,-0.4288619000000001,1
36,1,1,1,-1,-1,1,1,1,0.5,-0.2068929,1
37,1,1,-1,-1,-1,1,1,-1,0.375,0.1609683,1
38,-1,1,1,1,1,1,-1,1,0.375,0.14807830000000005,1
39,1,1,1,-1,1,1,-1,-1,0.5,-0.48724189999999995,1
40,-1,1,-1,1,-1,-1,1,-1,0.625,-0.5916798999999998,1
41,1,1,-1,-1,1,1,1,1,0.375,-0.3933443,1
42,1,1,1,-1,1,-1,1,-1,0.375,0.1607073,1
43,-1,1,-1,1,-1,-1,-1,1,0.5,-0.7406327000000005,1
44,1,1,1,-1,1,-1,-1,1,0.375,-0.2131319000000001,1
45,-1,1,1,1,-1,1,1,1,0.25,-0.25041230000000003,1
46,1,1,1,-1,1,1,-1,1,0.5,-0.8116134999999999,1
47,1,-1,-1,-1,1,1,1,1,0.375,-0.6050377,1
48,-1,1,1,-1,1,1,-1,1,0.375,-0.16040690000000002,1
49,1,1,-1,1,-1,-1,-1,-1,0.5,-0.5596629000000001,1
50,1,-1,-1,-1,-1,1,1,1,0.625,-0.11651269999999996,1
51,1,-1,-1,-1,-1,-1,1,1,0.375,0.7789136999999998,1
52,1,1,1,-1,1,1,-1,1,0.5,-0.8116134999999999,1
53,-1,-1,1,1,1,-1,1,-1,0.375,-0.060740699999999995,1
54,1,-1,1,1,-1,-1,-1,-1,0.375,-0.2879187,1
55,1,1,-1,1,1,-1,-1,1,0.5,-0.17402030000000002,1
56,-1,1,-1,-1,1,1,1,1,0.5,-0.4016336999999999,1
57,1,-1,1,-1,1,1,-1,1,0.5,-0.6054269,1
58,1,-1,1,1,-1,1,-1,-1,0.375,0.23339170000000015,1
59,1,1,1,-1,-1,1,-1,1,0.625,-0.07855250000000007,1
60,1,1,-1,1,-1,-1,-1,-1,0.375,-0.5596629000000001,1
61,1,1,-1,-1,-1,1,-1,-1,0.625,-0.23029930000000004,1
62,-1,1,1,-1,1,1,1,-1,0.5,0.7342803,1
63,-1,1,1,1,1,-1,1,-1,0.375,0.3661847,1
64,1,1,-1,1,1,-1,1,1,0.5,0.6345001,1
65,-1,-1,1,-1,1,1,-1,-1,0.5,0.5848793,1
66,1,1,1,-1,-1,-1,1,-1,0.5,-0.08714370000000003,1
67,1,1,1,1,-1,-1,-1,-1,0.5,-0.4664333,1
68,1,1,-1,1,-1,-1,1,-1,0.625,0.1360655,1
69,1,1,-1,1,-1,1,-1,-1,0.625,0.07983069999999996,1
70,1,1,-1,-1,-1,-1,1,-1,0.5,0.1666587,1
71,-1,1,-1,1,1,1,1,-1,0.5,1.1363527000000002,1
72,-1,1,1,-1,1,-1,-1,1,0.375,-0.023693300000000042,1
73,1,-1,1,-1,1,-1,1,1,0.5,0.3419543,1
74,-1,1,1,1,1,1,1,-1,0.25,1.0817191000000002,1
75,-1,1,-1,1,-1,1,-1,-1,0.5,0.23365330000000006,1
76,1,1,-1,1,-1,-1,-1,-1,0.5,-0.5596629000000001,1
77,-1,-1,-1,-1,1,1,1,1,0.5,-0.5733751,1
78,1,-1,1,1,1,1,-1,-1,0.375,-0.26124530000000007,1
79,1,-1,1,-1,1,-1,-1,1,0.625,0.16686269999999992,1
80,1,1,1,-1,-1,1,-1,-1,0.375,-0.17212490000000008,1
81,1,1,-1,-1,-1,-1,-1,1,0.5,0.1160115,1
82,-1,1,1,-1,-1,1,1,1,0.5,-0.47010230000000003,1
83,1,1,-1,1,1,-1,-1,-1,0.5,-0.3622039000000001,1
84,1,1,1,-1,-1,1,-1,-1,0.5,-0.17212490000000008,1
85,1,1,-1,-1,-1,-1,-1,-1,0.5,-0.47904090000000005,1
86,-1,1,-1,1,1,-1,-1,1,0.5,-0.46650169999999996,1
87,1,1,1,-1,-1,1,-1,1,0.375,-0.07855250000000007,1
88,1,1,-1,-1,-1,-1,1,1,0.625,0.4984551,1
89,1,1,-1,-1,-1,-1,-1,1,0.625,0.1160115,1
90,1,-1,1,1,1,1,1,1,0.5,-0.29947730000000006,1
91,-1,1,1,1,1,1,1,1,0.5,0.02601470000000007,1
92,-1,1,-1,1,1,-1,1,1,0.375,-0.07778129999999993,1
93,-1,1,-1,1,1,1,-1,1,0.375,-0.2680881,1
94,1,1,1,1,1,1,1,1,0.625,0.03683209999999994,1
95,1,1,-1,-1,1,1,-1,-1,0.625,-0.3585842999999999,1
96,-1,-1,-1,1,1,1,1,1,0.375,-0.5209891000000001,1
97,-1,1,-1,1,-1,-1,1,-1,0.625,-0.5916798999999998,1
98,-1,1,-1,-1,-1,1,-1,1,0.625,-0.4342803,1
99,1,1,1,1,-1,-1,-1,-1,0.625,-0.4664333,1
100,1,1,-1,1,-1,1,1,-1,0.5,0.5211271,1
101,1,1,1,-1,1,-1,1,-1,0.5,0.1607073,1
102,1,1,1,1,1,1,1,-1,0.375,0.6133845,1
103,1,1,1,1,-1,-1,-1,1,0.625,0.35414229999999997,1
104,1,1,1,1,1,1,-1,1,0.625,-0.26090430000000003,1
105,1,-1,-1,-1,1,-1,-1,1,0.375,0.045865100000000034,1
106,-1,1,1,1,-1,-1,-1,-1,0.625,-0.5346827000000001,1
107,1,1,-1,-1,1,-1,1,-1,0.5,0.6013417,1
108,-1,1,-1,1,-1,-1,1,-1,0.5,-0.5916798999999998,1
109,1,-1,1,-1,1,-1,-1,1,0.625,0.16686269999999992,1
110,-1,1,1,1,-1,-1,1,-1,0.5,-0.5151062999999999,1
111,1,1,1,-1,-1,-1,1,-1,0.5,-0.08714370000000003,1
112,1,1,1,1,-1,1,-1,-1,0.5,0.22868510000000014,1
113,1,1,-1,-1,1,1,1,1,0.5,-0.3933443,1
114,1,1,1,1,1,-1,-1,-1,0.625,-0.45580630000000005,1
115,1,1,-1,-1,-1,1,1,-1,0.625,0.1609683,1
116,-1,1,1,-1,-1,1,1,1,0.75,-0.47010230000000003,1
117,1,1,1,1,-1,-1,-1,-1,0.375,-0.4664333,1
118,1,1,-1,1,-1,-1,1,1,0.5,0.47893710000000006,1
119,-1,1,1,-1,-1,1,1,-1,0.375,0.17873329999999998,1
120,-1,1,1,-1,-1,-1,1,-1,0.375,-0.33296909999999996,1
121,1,1,1,1,-1,-1,-1,1,0.5,0.35414229999999997,1
122,1,-1,1,1,-1,1,-1,1,0.625,0.6424153,1
123,-1,1,1,1,-1,-1,1,1,0.625,-0.43693870000000007,1
124,1,1,-1,-1,1,1,1,1,0.625,-0.3933443,1
125,1,1,-1,1,1,-1,1,-1,0.5,0.7095725,1
126,-1,1,-1,1,-1,1,-1,-1,0.5,0.23365330000000006,1
127,1,1,-1,-1,1,-1,1,1,0.625,0.5151940999999999,1
128,1,1,-1,-1,1,1,1,-1,0.5,0.40873129999999996,1
129,1,-1,-1,-1,1,1,1,-1,0.5,-0.1073381,1
130,1,1,-1,-1,1,1,1,-1,0.625,0.40873129999999996,1
131,1,-1,1,1,1,1,1,-1,0.625,-0.027300900000000086,1
132,1,1,-1,-1,1,1,-1,-1,0.625,-0.3585842999999999,1
133,1,-1,-1,-1,-1,1,1,-1,0.625,-0.0367571,1
134,-1,1,1,1,-1,-1,1,1,0.5,-0.43693870000000007,1
135,1,1,1,1,1,1,-1,1,0.625,-0.26090430000000003,1
136,-1,1,-1,-1,-1,-1,-1,1,0.375,-0.4288619000000001,1
137,1,-1,1,1,-1,-1,1,1,0.625,0.6861052999999999,1
138,1,1,1,1,1,-1,-1,1,0.5,-0.05317470000000003,1
139,1,1,-1,-1,-1,1,-1,-1,0.375,-0.23029930000000004,1
140,-1,1,1,-1,-1,1,-1,-1,0.375,0.46361769999999997,1
141,1,-1,1,-1,1,1,1,-1,0.5,-0.4015157000000002,1
142,-1,1,1,1,-1,1,-1,1,0.625,0.2476993,1
143,1,1,-1,-1,-1,-1,1,1,0.5,0.4984551,1
144,1,-1,1,-1,1,1,1,1,0.5,-0.6847673000000002,1
145,1,1,1,1,1,1,1,1,0.5,0.03683209999999994,1
146,1,1,1,1,1,-1,-1,1,0.625,-0.05317470000000003,1
147,1,1,-1,1,-1,1,1,-1,0.625,0.5211271,1
148,-1,1,-1,-1,-1,1,1,-1,0.375,0.13721490000000008,1
149,-1,1,-1,1,-1,-1,-1,-1,0.625,-0.8676083000000002,1
150,-1,1,-1,-1,-1,-1,-1,-1,0.625,-0.5447623,1
151,1,1,-1,1,-1,-1,-1,-1,0.625,-0.5596629000000001,1
152,-1,1,1,-1,-1,-1,1,1,0.625,-0.26587670000000013,1
153,1,1,-1,-1,-1,-1,-1,-1,0.75,-0.47904090000000005,1
154,-1,1,1,-1,-1,-1,1,1,0.5,-0.26587670000000013,1
155,1,1,1,-1,-1,1,-1,1,0.625,-0.07855250000000007,1
156,1,-1,1,1,1,-1,-1,1,0.5,0.11137189999999998,1
157,1,-1,1,-1,1,1,-1,-1,0.625,-0.5854313000000001,1
158,1,1,1,1,1,-1,-1,1,0.375,-0.05317470000000003,1
159,-1,1,1,-1,1,-1,-1,1,0.625,-0.023693300000000042,1
160,-1,1,1,-1,-1,-1,1,1,0.5,-0.26587670000000013,1
161,1,1,1,-1,-1,1,-1,-1,0.5,-0.17212490000000008,1
162,-1,1,1,-1,-1,-1,-1,-1,0.5,-0.30251669999999997,1
163,1,1,-1,1,1,-1,-1,-1,0.625,-0.3622039000000001,1
164,1,1,1,-1,-1,1,1,1,0.625,-0.2068929,1
165,1,1,-1,1,1,-1,-1,-1,0.5,-0.3622039000000001,1
166,1,1,1,-1,-1,-1,1,-1,0.5,-0.08714370000000003,1
167,1,-1,-1,-1,1,1,-1,1,0.625,-0.7820492999999998,1
168,1,1,1,1,1,-1,1,1,0.5,0.49899369999999993,1
169,1,1,1,1,-1,1,1,-1,0.5,0.4136295,1
170,1,1,1,-1,-1,-1,1,-1,0.5,-0.08714370000000003,1
171,1,1,1,1,1,-1,-1,-1,0.625,-0.45580630000000005,1
172,1,1,-1,-1,-1,1,-1,-1,0.625,-0.23029930000000004,1
173,1,1,-1,1,-1,-1,1,-1,0.625,0.1360655,1
174,-1,1,-1,-1,1,1,-1,1,0.5,-0.48589330000000003,1
175,-1,1,-1,1,1,1,-1,1,0.5,-0.2680881,1
176,-1,1,-1,1,-1,-1,-1,-1,0.5,-0.8676083000000002,1
177,1,-1,1,1,1,-1,-1,-1,0.625,-0.5956357000000001,1
178,1,-1,1,1,1,1,-1,1,0.625,-0.27016570000000006,1
179,1,1,1,-1,1,-1,1,1,0.5,0.28900770000000003,1
180,-1,1,-1,1,-1,1,-1,1,0.625,-0.3552991,1
181,1,1,-1,1,-1,-1,-1,1,0.625,0.046464699999999984,1
182,1,-1,1,1,-1,1,1,1,0.625,0.23705570000000004,1
183,-1,1,-1,1,-1,-1,-1,-1,0.625,-0.8676083000000002,1
184,1,1,-1,-1,1,-1,-1,-1,0.625,-0.42040589999999994,1
185,1,-1,-1,-1,1,-1,1,-1,0.625,0.2590803000000001,1
186,1,1,-1,1,-1,1,1,1,0.5,0.1480707,1
187,1,1,-1,1,1,1,1,-1,0.625,0.9077141000000001,1
188,-1,1,1,-1,1,-1,-1,-1,0.625,0.06390229999999998,1
189,1,1,1,-1,1,-1,1,1,0.625,0.28900770000000003,1
190,-1,1,-1,-1,-1,-1,-1,-1,0.375,-0.5447623,1
191,1,-1,-1,1,-1,1,-1,-1,0.75,-0.0062946999999999725,1
192,1,-1,-1,-1,-1,-1,-1,1,0.5,0.7235180999999999,1
193,1,-1,1,1,-1,-1,-1,-1,0.375,-0.2879187,1
194,1,1,1,-1,1,1,-1,-1,0.75,-0.48724189999999995,1
195,1,-1,1,-1,1,-1,-1,-1,0.625,-0.5290697000000001,1
196,1,1,1,-1,-1,1,-1,-1,0.75,-0.17212490000000008,1
197,1,1,1,-1,-1,-1,-1,1,0.625,0.3330091,1
198,1,1,-1,1,1,1,1,-1,0.625,0.9077141000000001,1
199,1,-1,1,-1,-1,1,-1,1,0.75,0.4459781,1
200,1,-1,-1,-1,-1,1,-1,1,0.5,0.08252370000000002,1
201,-1,1,-1,1,-1,-1,-1,-1,0.625,-0.8676083000000002,1
202,1,1,-1,1,1,1,1,1,0.625,0.11671370000000016,1
203,1,-1,-1,-1,1,1,-1,1,0.5,-0.7820492999999998,1
204,1,1,1,-1,1,-1,-1,-1,0.75,-0.6046883,1
205,1,1,1,-1,1,1,1,1,0.625,-0.5639059000000001,1
206,1,1,1,1,1,-1,1,-1,0.625,0.3596181,1
207,-1,1,-1,-1,1,1,1,1,0.5,-0.4016336999999999,1
208,-1,1,-1,1,-1,-1,-1,1,0.625,-0.7406327000000005,1
209,-1,-1,-1,1,-1,1,-1,1,0.5,-0.09709650000000002,1
210,1,-1,-1,1,-1,-1,1,-1,0.625,-0.10329989999999993,1
211,1,1,-1,-1,1,-1,-1,-1,0.625,-0.42040589999999994,1
212,-1,1,-1,1,-1,-1,-1,-1,0.5,-0.8676083000000002,1
213,1,-1,1,-1,-1,-1,-1,-1,0.625,-0.08252869999999991,1
214,1,1,-1,1,-1,-1,1,-1,0.75,0.1360655,1
215,1,1,1,1,1,1,-1,1,0.625,-0.26090430000000003,1
216,1,1,-1,-1,1,1,-1,1,0.5,-0.8974038999999998,1
217,-1,1,-1,-1,1,1,1,-1,0.5,0.8795939000000002,1
218,1,-1,1,1,-1,1,-1,-1,0.5,0.23339170000000015,1
219,-1,1,1,-1,-1,1,-1,-1,0.5,0.46361769999999997,1
220,1,1,-1,1,-1,1,-1,1,0.625,-0.02996970000000003,1
221,1,1,1,1,1,-1,-1,1,0.75,-0.05317470000000003,1
222,-1,1,-1,1,-1,-1,-1,1,0.625,-0.7406327000000005,1
223,-1,1,-1,1,-1,1,-1,-1,0.625,0.23365330000000006,1
224,-1,1,1,1,1,-1,-1,-1,0.625,-0.0294397,1
225,1,1,-1,1,-1,-1,-1,1,0.625,0.046464699999999984,1
226,-1,-1,1,-1,-1,-1,-1,1,0.625,0.7661222999999999,1
227,1,-1,1,-1,-1,1,1,1,0.5,-0.009410299999999941,1
228,1,1,-1,1,1,1,-1,-1,0.625,0.09036970000000001,1
229,1,-1,-1,1,1,1,-1,-1,0.625,-0.3140996999999999,1
230,1,1,-1,-1,-1,-1,1,-1,0.75,0.1666587,1
231,1,1,-1,-1,1,-1,1,1,0.75,0.5151940999999999,1
232,1,1,1,1,-1,-1,1,1,0.625,0.5302627,1
233,1,1,1,1,1,1,1,1,0.625,0.03683209999999994,1
234,-1,1,-1,1,-1,-1,-1,-1,0.625,-0.8676083000000002,1
235,1,1,1,1,-1,1,1,-1,0.625,0.4136295,1
236,1,1,1,-1,-1,1,-1,1,0.625,-0.07855250000000007,1
237,1,1,1,-1,-1,-1,1,-1,0.625,-0.08714370000000003,1
238,1,1,-1,1,1,-1,-1,1,0.75,-0.17402030000000002,1
239,1,1,-1,1,-1,1,1,1,0.75,0.1480707,1
240,1,-1,1,1,1,-1,1,-1,0.625,-0.10725930000000004,1
241,-1,-1,-1,-1,1,-1,1,-1,0.5,0.3081268999999999,1
242,1,-1,-1,-1,1,1,1,1,0.625,-0.6050377,1
243,1,-1,-1,1,1,1,1,-1,0.75,0.17619669999999998,1
244,1,1,-1,1,1,1,-1,-1,0.75,0.09036970000000001,1
245,1,1,1,-1,1,-1,1,1,0.875,0.28900770000000003,1
246,1,1,1,-1,-1,-1,-1,1,0.75,0.3330091,1
247,1,1,-1,-1,1,1,-1,-1,0.625,-0.3585842999999999,1
248,-1,1,-1,-1,1,1,1,1,0.5,-0.4016336999999999,1
249,1,-1,1,-1,-1,-1,-1,1,0.5,1.0313477,1
250,1,1,1,1,-1,1,1,1,0.625,0.25502110000000006,1
251,1,1,-1,1,1,1,1,-1,0.625,0.9077141000000001,1
252,1,1,-1,1,1,1,1,1,0.75,0.11671370000000016,1
253,1,1,-1,1,-1,1,1,-1,0.75,0.5211271,1
254,1,1,1,1,1,-1,-1,1,0.5,-0.05317470000000003,1
255,1,1,1,1,-1,1,1,1,0.75,0.25502110000000006,1
256,1,1,-1,-1,-1,-1,1,1,0.625,0.4984551,1
257,1,1,1,1,-1,-1,-1,1,0.625,0.35414229999999997,1
258,1,1,-1,-1,1,1,-1,-1,0.625,-0.3585842999999999,1
259,-1,-1,1,1,-1,1,-1,1,0.5,0.5967339000000002,1
260,1,1,-1,-1,-1,1,1,-1,0.625,0.1609683,1
261,-1,1,-1,-1,1,-1,-1,-1,0.625,0.00848870000000003,1
262,1,-1,1,1,-1,1,1,-1,0.5,0.09128809999999997,1
263,1,1,1,-1,-1,-1,1,1,0.75,0.4591007000000001,1
264,1,1,1,1,1,1,-1,1,0.625,-0.26090430000000003,1
265,1,-1,-1,-1,1,1,-1,-1,0.625,-0.5476057,1
266,1,-1,-1,-1,1,1,-1,-1,0.75,-0.5476057,1
267,1,1,-1,-1,1,-1,-1,1,0.5,-0.2432975,1
268,1,-1,1,-1,1,-1,-1,1,0.625,0.16686269999999992,1
269,1,-1,-1,-1,1,-1,1,1,0.5,0.4773087000000001,1
270,1,1,1,-1,-1,-1,1,1,0.625,0.4591007000000001,1
271,1,-1,-1,-1,1,-1,-1,1,0.625,0.045865100000000034,1
272,1,1,1,1,-1,1,-1,-1,0.625,0.22868510000000014,1
273,1,1,-1,-1,1,-1,-1,1,0.625,-0.2432975,1
274,-1,1,1,-1,-1,-1,1,1,0.5,-0.26587670000000013,1
275,-1,1,1,1,-1,-1,1,-1,0.625,-0.5151062999999999,1
276,-1,1,1,-1,-1,-1,-1,1,0.625,0.02783170000000003,1
277,1,1,-1,1,-1,1,-1,-1,0.625,0.07983069999999996,1
278,1,1,-1,-1,1,1,1,-1,0.625,0.40873129999999996,1
279,1,-1,1,-1,-1,1,1,-1,0.75,-0.14410269999999992,1
280,1,1,-1,1,1,1,1,-1,0.5,0.9077141000000001,1
281,-1,-1,1,1,1,1,-1,-1,0.625,0.6668413000000001,1
282,1,1,-1,1,1,-1,-1,1,0.625,-0.17402030000000002,1
283,1,1,1,-1,-1,-1,1,1,0.75,0.4591007000000001,1
284,-1,1,1,1,1,-1,-1,1,0.75,-0.10596010000000002,1
285,1,1,1,1,1,-1,-1,1,0.625,-0.05317470000000003,1
286,1,1,-1,1,-1,-1,-1,-1,0.5,-0.5596629000000001,1
287,1,1,-1,-1,1,1,-1,-1,0.625,-0.3585842999999999,1
288,1,1,1,1,1,-1,-1,1,0.625,-0.05317470000000003,1
289,1,-1,-1,-1,-1,-1,1,1,0.625,0.7789136999999998,1
290,1,1,1,-1,-1,1,-1,-1,0.75,-0.17212490000000008,1
291,1,1,1,1,-1,1,1,-1,0.5,0.4136295,1
292,1,-1,1,-1,1,-1,-1,1,0.625,0.16686269999999992,1
293,1,-1,-1,-1,1,-1,1,1,0.625,0.4773087000000001,1
294,-1,1,-1,-1,-1,1,1,-1,0.625,0.13721490000000008,1
295,-1,1,-1,-1,-1,-1,1,-1,0.75,-0.3188626999999999,1
296,1,1,1,1,-1,-1,-1,-1,0.625,-0.4664333,1
297,1,1,1,-1,-1,-1,-1,1,0.625,0.3330091,1
298,1,1,-1,1,-1,-1,-1,-1,0.75,-0.5596629000000001,1
299,1,-1,1,1,1,-1,-1,-1,0.625,-0.5956357000000001,2
300,1,-1,-1,1,-1,1,-1,-1,0.625,-0.0062946999999999725,1
301,-1,1,-1,-1,-1,1,-1,-1,0.625,0.1657473,1
302,1,1,-1,1,1,-1,1,1,0.75,0.6345001,1
303,1,-1,1,-1,1,-1,-1,1,0.625,0.16686269999999992,1
304,1,1,-1,-1,1,1,-1,-1,0.75,-0.3585842999999999,1
305,1,1,1,1,-1,1,-1,-1,0.625,0.22868510000000014,1
306,1,-1,1,-1,-1,-1,-1,-1,0.625,-0.08252869999999991,1
307,1,1,-1,-1,1,-1,1,1,0.625,0.5151940999999999,1
308,1,1,1,1,1,-1,1,1,0.625,0.49899369999999993,1
309,1,1,-1,1,-1,1,-1,1,0.5,-0.02996970000000003,1
310,1,1,-1,-1,-1,1,1,1,0.75,-0.2231633,1
311,1,1,-1,1,-1,1,-1,-1,0.625,0.07983069999999996,1
312,-1,-1,1,-1,1,-1,-1,1,0.5,0.3962533,1
313,1,1,-1,-1,-1,1,-1,-1,0.75,-0.23029930000000004,1
314,-1,1,1,1,1,1,1,1,0.625,0.02601470000000007,1
315,1,1,1,1,1,-1,1,1,0.75,0.49899369999999993,1
316,-1,1,-1,-1,1,-1,1,-1,0.375,0.6104363000000002,1
317,-1,1,1,1,1,-1,-1,-1,0.625,-0.0294397,1
318,1,1,-1,1,1,1,-1,1,0.625,-0.43737469999999995,1
319,1,-1,-1,-1,1,-1,-1,1,0.625,0.045865100000000034,1
320,1,1,-1,-1,1,1,-1,1,0.625,-0.8974038999999998,1
321,1,-1,-1,1,1,-1,-1,-1,0.625,-0.5928653,1
322,1,1,-1,-1,-1,-1,1,1,0.75,0.4984551,1
323,-1,1,1,1,-1,1,-1,1,0.625,0.2476993,1
324,-1,1,-1,1,1,-1,1,-1,0.625,0.47644309999999995,1
325,1,-1,1,-1,1,1,1,1,0.5,-0.6847673000000002,1
326,1,1,-1,-1,1,1,-1,1,0.625,-0.8974038999999998,1
327,1,1,-1,-1,1,1,-1,-1,0.5,-0.3585842999999999,1
328,-1,-1,1,-1,-1,-1,-1,1,0.375,0.7661222999999999,1
329,-1,-1,-1,-1,1,1,-1,-1,0.75,0.38300889999999993,1
330,-1,1,1,-1,-1,1,1,1,0.625,-0.47010230000000003,1
331,1,1,1,-1,-1,1,-1,-1,0.5,-0.17212490000000008,1
332,1,1,-1,-1,-1,-1,1,1,0.625,0.4984551,1
333,1,1,1,-1,-1,-1,-1,-1,0.75,-0.4764913,1
334,1,1,1,1,1,-1,1,-1,0.5,0.3596181,1
335,1,1,-1,1,-1,-1,-1,1,0.625,0.046464699999999984,1
336,1,1,1,1,-1,1,1,-1,0.625,0.4136295,1
337,1,-1,1,-1,1,1,-1,1,0.625,-0.6054269,1
338,1,1,1,-1,1,-1,-1,1,0.75,-0.2131319000000001,1
339,-1,1,1,1,1,1,-1,-1,0.75,0.9405266999999999,1
340,1,-1,1,1,1,-1,1,1,0.75,0.3364923,1
341,1,1,1,1,1,-1,-1,1,0.75,-0.05317470000000003,1
342,-1,-1,1,1,-1,1,1,-1,0.625,0.10495870000000009,1
343,1,1,-1,-1,-1,-1,-1,1,0.75,0.1160115,1
344,1,1,-1,1,-1,1,-1,1,0.625,-0.02996970000000003,1
345,-1,-1,1,-1,1,-1,1,-1,0.625,0.1980205,1
346,1,1,1,-1,-1,-1,1,1,0.75,0.4591007000000001,1
347,1,1,-1,1,1,1,-1,1,0.625,-0.43737469999999995,1
348,1,1,-1,1,-1,-1,1,-1,0.5,0.1360655,1
349,-1,1,-1,1,-1,-1,-1,-1,0.625,-0.8676083000000002,1
350,-1,1,1,-1,1,1,-1,1,0.5,-0.16040690000000002,1
351,1,-1,1,1,1,-1,1,1,0.75,0.3364923,1
352,1,1,1,-1,-1,1,1,-1,0.625,-0.037209300000000015,1
353,1,-1,-1,-1,-1,-1,-1,1,0.875,0.7235180999999999,1
354,1,1,-1,1,-1,1,-1,1,0.75,-0.02996970000000003,1
355,-1,1,-1,-1,1,-1,-1,-1,0.625,0.00848870000000003,1
356,-1,-1,-1,-1,1,1,1,-1,0.5,0.40347649999999996,1
357,1,1,-1,-1,-1,1,-1,-1,0.625,-0.23029930000000004,1
358,-1,1,-1,1,-1,-1,-1,1,0.625,-0.7406327000000005,1
359,1,1,-1,-1,-1,-1,-1,1,0.75,0.1160115,1
360,1,-1,-1,-1,1,-1,-1,1,0.625,0.045865100000000034,1
361,1,1,1,-1,1,-1,-1,-1,0.75,-0.6046883,1
362,1,1,-1,-1,1,1,-1,-1,0.625,-0.3585842999999999,1
363,1,1,-1,1,1,1,-1,1,0.625,-0.43737469999999995,1
364,1,-1,1,-1,-1,1,1,-1,0.625,-0.14410269999999992,1
365,1,1,-1,1,1,-1,1,-1,0.75,0.7095725,1
366,1,1,1,-1,1,1,-1,1,0.625,-0.8116134999999999,1
367,-1,1,-1,1,-1,-1,-1,1,0.75,-0.7406327000000005,1
368,1,1,1,-1,-1,1,-1,1,0.625,-0.07855250000000007,1
369,1,1,-1,1,1,1,-1,1,0.625,-0.43737469999999995,1
370,1,-1,-1,1,1,1,-1,-1,0.75,-0.3140996999999999,1
371,1,-1,-1,1,1,1,1,-1,0.625,0.17619669999999998,1
372,1,1,1,1,-1,-1,1,-1,0.625,-0.027056899999999953,1
373,1,1,-1,-1,1,-1,1,-1,0.875,0.6013417,1
374,1,1,-1,1,1,-1,1,-1,0.375,0.7095725,1
375,1,1,-1,-1,-1,-1,1,1,0.625,0.4984551,1
376,1,1,1,-1,1,-1,1,1,0.625,0.28900770000000003,1
377,-1,1,-1,1,-1,-1,-1,1,0.625,-0.7406327000000005,1
378,1,1,-1,1,1,-1,1,-1,0.625,0.7095725,1
379,1,-1,-1,1,-1,-1,-1,-1,0.625,-0.47198029999999996,1
380,1,1,-1,-1,1,-1,-1,-1,0.625,-0.42040589999999994,1
381,1,1,-1,-1,-1,-1,1,-1,0.75,0.1666587,1
382,1,1,-1,1,1,1,-1,1,0.625,-0.43737469999999995,1
383,1,-1,-1,1,-1,1,-1,1,0.75,0.18828090000000003,1
384,-1,1,1,-1,-1,-1,-1,1,0.75,0.02783170000000003,1
385,1,1,1,-1,-1,1,1,1,0.75,-0.2068929,1
386,-1,1,1,1,1,1,1,-1,0.75,1.0817191000000002,1
387,1,1,-1,1,1,-1,1,-1,0.625,0.7095725,1
388,1,1,1,-1,-1,1,-1,-1,0.625,-0.17212490000000008,1
389,1,-1,1,-1,1,1,1,1,0.625,-0.6847673000000002,1
390,1,1,1,-1,-1,1,-1,-1,0.625,-0.17212490000000008,1
391,1,1,-1,-1,1,1,1,1,0.75,-0.3933443,1
392,-1,1,-1,1,-1,1,1,-1,0.75,0.25514970000000003,1
393,1,-1,1,-1,-1,1,-1,-1,0.75,0.04802970000000008,1
394,1,1,-1,1,1,1,1,1,0.75,0.11671370000000016,1
395,-1,1,-1,1,-1,1,-1,-1,0.5,0.23365330000000006,1
396,1,1,1,1,1,1,-1,1,0.75,-0.26090430000000003,1
397,-1,1,1,1,-1,-1,1,-1,0.75,-0.5151062999999999,1
398,-1,1,-1,-1,1,-1,1,1,0.625,0.045136700000000016,1
399,-1,1,-1,-1,-1,-1,1,-1,0.625,-0.3188626999999999,1
400,1,1,-1,-1,1,-1,-1,-1,0.625,-0.42040589999999994,1
401,-1,1,-1,1,-1,-1,-1,1,0.625,-0.7406327000000005,1
402,1,1,-1,1,1,1,1,-1,0.75,0.9077141000000001,1
403,1,1,1,-1,1,-1,-1,-1,0.75,-0.6046883,1
404,-1,1,-1,1,-1,1,-1,1,0.625,-0.3552991,1
405,1,1,-1,-1,1,1,1,-1,0.625,0.40873129999999996,1
406,1,-1,1,1,-1,1,1,1,0.75,0.23705570000000004,1
407,1,1,1,-1,-1,-1,-1,-1,0.75,-0.4764913,1
408,1,1,-1,1,-1,-1,1,-1,0.625,0.1360655,1
409,1,1,1,1,-1,1,-1,-1,0.625,0.22868510000000014,1
410,1,-1,-1,-1,1,-1,1,1,0.75,0.4773087000000001,1
411,1,1,1,1,1,1,-1,-1,0.75,0.05239209999999998,1
412,-1,-1,1,-1,1,-1,-1,-1,0.625,0.17947290000000005,1
413,1,1,-1,1,1,1,1,-1,0.75,0.9077141000000001,1
414,1,-1,1,-1,-1,1,-1,1,0.625,0.4459781,1
415,-1,1,1,-1,-1,1,-1,1,0.75,0.07803809999999993,1
416,-1,1,1,-1,1,-1,1,-1,0.625,0.4094979,1
417,1,-1,1,1,-1,-1,1,1,0.625,0.6861052999999999,1
418,1,-1,-1,1,-1,-1,1,-1,0.625,-0.10329989999999993,1
419,-1,1,1,-1,-1,1,-1,1,0.5,0.07803809999999993,1
420,1,-1,-1,-1,1,-1,-1,-1,0.625,-0.4356193,1
421,1,1,-1,1,-1,1,1,1,0.625,0.1480707,1
422,1,1,-1,-1,1,-1,-1,-1,0.875,-0.42040589999999994,1
423,-1,1,-1,1,-1,1,-1,-1,0.75,0.23365330000000006,1
424,1,1,-1,-1,-1,1,-1,1,0.75,-0.35117490000000007,1
425,1,1,-1,1,-1,-1,1,-1,0.625,0.1360655,1
426,1,1,1,1,-1,-1,1,1,0.875,0.5302627,1
427,1,-1,-1,-1,-1,1,1,-1,0.625,-0.0367571,1
428,1,1,-1,-1,1,-1,1,1,0.75,0.5151940999999999,1
429,1,-1,-1,1,-1,1,-1,1,0.625,0.18828090000000003,1
430,1,1,1,-1,1,1,1,1,0.75,-0.5639059000000001,1
431,1,1,-1,-1,-1,-1,1,-1,0.75,0.1666587,1
432,1,1,-1,-1,1,1,1,-1,0.625,0.40873129999999996,1
433,1,1,1,1,-1,-1,1,-1,0.625,-0.027056899999999953,1
434,1,1,-1,1,-1,1,1,-1,0.625,0.5211271,1
435,1,1,-1,1,1,-1,-1,-1,0.625,-0.3622039000000001,1
436,-1,1,-1,1,1,-1,-1,-1,0.75,-0.17553329999999995,1
437,1,1,-1,1,-1,-1,-1,1,0.875,0.046464699999999984,1
438,1,1,-1,1,1,-1,-1,1,0.875,-0.17402030000000002,1
439,1,1,1,-1,1,-1,1,1,0.625,0.28900770000000003,1
440,1,1,-1,1,-1,1,-1,-1,0.75,0.07983069999999996,1
441,-1,-1,-1,1,1,-1,1,1,0.625,-0.29116269999999994,1
442,-1,1,1,-1,1,-1,-1,-1,0.875,0.06390229999999998,1
443,-1,-1,1,-1,-1,-1,1,1,0.75,0.14536589999999994,1
444,1,1,-1,-1,1,-1,1,1,0.5,0.5151940999999999,1
445,1,1,1,1,1,1,1,1,0.75,0.03683209999999994,1
446,1,1,1,1,-1,1,-1,1,0.875,0.3333327000000001,1
447,1,1,1,1,1,-1,1,-1,0.625,0.3596181,1
448,1,1,1,-1,1,-1,1,-1,0.75,0.1607073,1
449,1,1,-1,1,1,1,-1,-1,0.625,0.09036970000000001,1
450,1,-1,-1,1,-1,1,1,-1,0.5,0.1079537,1
451,1,1,1,1,1,-1,1,1,0.75,0.49899369999999993,1
452,1,1,1,-1,-1,1,-1,-1,0.625,-0.17212490000000008,1
453,1,-1,1,-1,1,1,1,-1,0.625,-0.4015157000000002,1
454,-1,1,-1,-1,-1,1,1,1,0.625,-0.7260687,1
455,1,1,-1,1,1,1,1,1,0.75,0.11671370000000016,1
456,1,1,-1,1,1,1,-1,1,0.625,-0.43737469999999995,1
457,1,1,1,-1,-1,-1,1,-1,0.75,-0.08714370000000003,1
458,1,1,1,-1,1,-1,-1,-1,0.5,-0.6046883,1
459,1,1,1,-1,-1,1,-1,-1,0.75,-0.17212490000000008,1
460,1,-1,1,-1,1,-1,-1,1,0.75,0.16686269999999992,1
461,-1,1,-1,-1,-1,1,1,-1,0.75,0.13721490000000008,1
462,-1,1,-1,1,1,1,-1,1,0.75,-0.2680881,1
463,-1,1,1,-1,1,1,1,1,0.75,-0.3324993,1
464,1,-1,1,-1,1,-1,1,1,0.5,0.3419543,1
465,1,1,-1,-1,-1,1,1,-1,0.75,0.1609683,1
466,1,-1,-1,1,1,1,-1,-1,0.75,-0.3140996999999999,1
467,1,1,-1,-1,1,-1,1,-1,0.75,0.6013417,1
468,1,1,1,1,-1,1,1,1,0.75,0.25502110000000006,1
469,1,1,1,1,-1,-1,-1,1,0.5,0.35414229999999997,1
470,-1,1,1,-1,1,1,-1,1,0.75,-0.16040690000000002,1
471,1,-1,-1,-1,-1,-1,1,1,0.625,0.7789136999999998,1
472,1,-1,1,1,1,-1,1,1,0.625,0.3364923,1
473,1,1,1,1,-1,1,-1,1,0.75,0.3333327000000001,1
474,1,1,1,-1,-1,1,-1,1,0.625,-0.07855250000000007,1
475,-1,1,1,-1,1,-1,1,1,0.625,0.05864629999999997,1
476,1,-1,1,1,-1,1,1,1,0.875,0.23705570000000004,1
477,1,1,1,-1,-1,1,1,-1,0.75,-0.037209300000000015,1
478,1,-1,1,-1,1,1,1,1,0.625,-0.6847673000000002,1
479,1,1,-1,-1,-1,1,-1,1,0.75,-0.35117490000000007,1
480,1,1,-1,1,1,1,1,1,0.75,0.11671370000000016,1
481,-1,1,1,1,-1,-1,-1,-1,0.75,-0.5346827000000001,1
482,-1,1,1,-1,1,1,-1,1,0.625,-0.16040690000000002,1
483,1,1,1,-1,1,1,-1,1,0.875,-0.8116134999999999,1
484,1,1,1,-1,1,1,-1,-1,0.75,-0.48724189999999995,1
485,-1,1,-1,1,-1,1,1,1,0.75,-0.5970586999999999,1
486,1,1,-1,1,1,1,1,-1,0.75,0.9077141000000001,1
487,1,1,1,-1,-1,-1,1,-1,0.625,-0.08714370000000003,1
488,1,1,1,1,1,-1,-1,1,0.75,-0.05317470000000003,1
489,-1,1,-1,-1,1,-1,1,-1,0.875,0.6104363000000002,1
490,1,-1,1,1,-1,1,-1,1,0.625,0.6424153,1
491,1,-1,1,-1,-1,-1,1,-1,0.5,-0.020229099999999958,1
492,-1,1,1,1,1,1,-1,1,0.5,0.14807830000000005,1
493,-1,1,-1,1,1,-1,-1,-1,0.75,-0.17553329999999995,1
494,1,1,-1,-1,1,1,-1,-1,0.75,-0.3585842999999999,1
495,1,-1,-1,1,-1,1,-1,-1,0.625,-0.0062946999999999725,1
496,-1,1,-1,-1,-1,-1,1,-1,0.75,-0.3188626999999999,1
497,1,-1,1,1,-1,-1,1,-1,0.875,-0.17559030000000003,1
498,-1,1,1,-1,-1,1,1,1,0.625,-0.47010230000000003,1
499,1,-1,1,1,1,-1,1,1,0.75,0.3364923,1
500,-1,1,-1,-1,1,-1,1,1,0.875,0.045136700000000016,1
501,1,-1,-1,1,-1,-1,1,1,0.625,0.5439477,1
502,1,-1,-1,1,1,1,-1,-1,0.625,-0.3140996999999999,1
503,1,1,1,1,-1,1,1,-1,0.625,0.4136295,1
504,1,1,-1,1,1,-1,1,1,0.75,0.6345001,1
505,-1,1,-1,1,1,1,-1,1,0.875,-0.2680881,1
506,1,1,-1,-1,-1,1,1,-1,0.875,0.1609683,1
507,1,1,-1,1,1,1,-1,-1,0.75,0.09036970000000001,1
508,1,-1,1,1,-1,-1,-1,-1,0.75,-0.2879187,1
509,1,1,-1,-1,-1,1,1,1,0.75,-0.2231633,1
510,1,1,-1,-1,-1,-1,-1,1,0.875,0.1160115,1
511,-1,-1,1,1,1,-1,1,-1,0.75,-0.060740699999999995,1
512,1,1,-1,1,1,1,-1,1,0.875,-0.43737469999999995,1
513,1,1,-1,1,-1,-1,-1,1,0.625,0.046464699999999984,1
514,1,1,-1,-1,-1,-1,-1,-1,0.75,-0.47904090000000005,1
515,1,1,-1,1,1,-1,-1,1,0.75,-0.17402030000000002,1
516,-1,-1,-1,1,1,-1,-1,1,0.625,-0.3528351,1
517,-1,1,-1,-1,-1,-1,1,-1,0.75,-0.3188626999999999,1
518,1,1,1,-1,-1,-1,1,-1,0.75,-0.08714370000000003,1
519,-1,-1,-1,1,1,1,-1,-1,0.75,0.37429090000000004,1
520,1,1,1,-1,1,-1,-1,-1,0.75,-0.6046883,1
521,1,-1,-1,1,-1,-1,1,1,0.75,0.5439477,1
522,1,1,-1,-1,1,-1,-1,1,0.75,-0.2432975,1
523,1,1,-1,1,1,-1,-1,1,0.75,-0.17402030000000002,1
524,-1,-1,-1,-1,-1,1,1,-1,0.625,-0.020558499999999993,1
525,1,1,-1,1,1,1,1,1,0.625,0.11671370000000016,1
526,1,1,-1,1,-1,-1,-1,-1,0.75,-0.5596629000000001,1
527,1,1,1,1,1,1,1,1,0.875,0.03683209999999994,1
528,-1,1,-1,-1,-1,-1,1,1,0.75,-0.46621830000000003,1
529,1,1,1,1,1,-1,-1,1,0.75,-0.05317470000000003,1
530,1,1,-1,1,-1,1,1,1,0.625,0.1480707,1
531,1,1,1,-1,-1,-1,-1,1,0.875,0.3330091,1
532,1,-1,-1,-1,1,1,-1,1,0.75,-0.7820492999999998,1
533,-1,1,-1,-1,1,1,-1,-1,0.625,0.5320783,1
534,1,-1,-1,-1,1,1,1,1,0.75,-0.6050377,1
535,1,1,1,-1,-1,-1,1,1,0.75,0.4591007000000001,1
536,1,-1,-1,-1,-1,-1,-1,1,0.875,0.7235180999999999,1
537,1,1,-1,-1,-1,-1,-1,1,0.75,0.1160115,1
538,-1,1,-1,-1,-1,1,-1,-1,0.75,0.1657473,1
539,-1,1,-1,-1,-1,-1,1,-1,0.75,-0.3188626999999999,1
540,1,-1,-1,1,-1,1,1,1,0.625,0.03927329999999997,1
541,1,1,1,1,1,1,1,1,0.75,0.03683209999999994,1
542,1,-1,1,-1,1,-1,-1,1,0.75,0.16686269999999992,1
543,1,-1,1,-1,-1,-1,1,1,0.75,0.8303912999999998,1
544,1,-1,-1,-1,-1,-1,-1,1,0.75,0.7235180999999999,1
545,1,1,1,-1,-1,-1,1,1,0.75,0.4591007000000001,1
546,1,1,1,-1,-1,-1,-1,1,0.75,0.3330091,1
547,1,1,-1,1,1,1,1,-1,0.625,0.9077141000000001,1
548,1,1,1,1,-1,-1,-1,1,0.75,0.35414229999999997,1
549,1,1,1,-1,1,1,-1,-1,0.625,-0.48724189999999995,1
550,1,1,1,1,1,1,1,-1,0.75,0.6133845,1
551,1,1,1,-1,-1,1,-1,1,0.75,-0.07855250000000007,1
552,1,1,-1,1,-1,1,-1,1,0.875,-0.02996970000000003,1
553,1,-1,-1,-1,-1,-1,-1,-1,0.75,-0.17591030000000002,1
554,-1,1,-1,-1,-1,-1,-1,-1,0.625,-0.5447623,1
555,1,-1,1,1,-1,1,-1,1,0.75,0.6424153,1
556,1,-1,-1,1,1,-1,-1,-1,0.625,-0.5928653,1
557,1,1,1,-1,1,-1,-1,-1,0.875,-0.6046883,1
558,-1,-1,-1,1,1,-1,-1,-1,0.75,-0.3662427,1
559,1,1,-1,-1,-1,-1,-1,-1,0.75,-0.47904090000000005,1
560,1,-1,-1,1,-1,-1,1,-1,0.625,-0.10329989999999993,1
561,1,1,1,1,1,1,-1,-1,0.75,0.05239209999999998,1
562,-1,1,1,1,-1,1,-1,1,0.875,0.2476993,1
563,-1,1,-1,1,-1,-1,1,1,0.875,-0.7279603,1
564,-1,1,-1,-1,1,1,-1,-1,0.5,0.5320783,1
565,-1,1,1,1,-1,1,-1,1,0.75,0.2476993,1
566,1,1,-1,-1,1,1,1,-1,0.75,0.40873129999999996,1
567,-1,-1,-1,1,1,-1,1,-1,0.625,-0.04131430000000001,1
568,1,1,1,1,1,1,1,1,0.75,0.03683209999999994,1
569,1,1,1,1,-1,1,1,-1,0.75,0.4136295,1
570,1,1,-1,-1,-1,1,1,-1,0.75,0.1609683,1
571,1,1,-1,-1,-1,1,1,-1,1.0,0.1609683,1
572,1,1,1,-1,-1,-1,1,1,0.625,0.4591007000000001,1
573,-1,1,-1,-1,-1,-1,-1,1,0.75,-0.4288619000000001,1
574,1,1,-1,1,-1,1,-1,-1,0.625,0.07983069999999996,1
575,1,1,-1,1,1,1,-1,-1,0.875,0.09036970000000001,1
576,1,-1,-1,1,-1,-1,-1,1,0.5,0.4385233,1
577,1,1,-1,1,1,1,-1,-1,0.75,0.09036970000000001,1
578,1,1,-1,-1,-1,-1,1,-1,0.75,0.1666587,1
579,1,1,-1,-1,-1,-1,1,-1,0.625,0.1666587,1
580,1,1,1,1,-1,-1,-1,-1,0.875,-0.4664333,1
581,-1,1,1,-1,1,-1,1,-1,0.625,0.4094979,1
582,1,1,-1,1,1,1,-1,1,0.75,-0.43737469999999995,1
583,1,1,1,1,1,-1,1,-1,0.625,0.3596181,1
584,1,1,-1,-1,-1,-1,1,1,0.75,0.4984551,1
585,1,1,-1,1,-1,1,-1,-1,0.75,0.07983069999999996,1
586,-1,1,1,-1,1,-1,1,1,0.625,0.05864629999999997,1
587,-1,1,1,-1,1,1,-1,1,0.75,-0.16040690000000002,1
588,1,1,1,-1,-1,-1,-1,-1,0.75,-0.4764913,1
589,1,1,-1,-1,1,1,-1,-1,0.625,-0.3585842999999999,1
590,-1,1,1,-1,1,1,-1,1,0.75,-0.16040690000000002,1
591,1,1,1,-1,-1,-1,1,-1,0.75,-0.08714370000000003,1
592,1,1,1,-1,-1,1,-1,-1,0.625,-0.17212490000000008,1
593,1,1,1,-1,1,-1,1,1,0.875,0.28900770000000003,1
594,1,1,1,-1,-1,1,1,1,0.875,-0.2068929,1
595,1,1,-1,1,1,1,1,1,0.625,0.11671370000000016,1
596,1,-1,-1,1,1,1,1,1,0.75,-0.31042770000000003,1
597,1,-1,-1,1,-1,1,1,-1,0.875,0.1079537,1
598,1,1,-1,-1,-1,-1,-1,1,0.875,0.1160115,1
599,1,1,-1,-1,1,1,-1,1,0.75,-0.8974038999999998,1
600,1,1,-1,-1,1,-1,-1,1,0.75,-0.2432975,1
601,1,1,-1,-1,-1,1,-1,1,0.625,-0.35117490000000007,1
602,1,-1,1,-1,1,-1,-1,-1,0.625,-0.5290697000000001,1
603,1,-1,-1,-1,-1,1,-1,-1,0.875,-0.10097669999999996,1
604,1,1,-1,1,-1,-1,-1,-1,0.75,-0.5596629000000001,1
605,1,1,-1,1,-1,-1,-1,-1,0.625,-0.5596629000000001,1
606,1,1,-1,-1,-1,-1,-1,-1,0.875,-0.47904090000000005,1
607,1,1,1,1,-1,-1,-1,1,0.75,0.35414229999999997,1
608,1,1,-1,1,-1,-1,1,1,0.75,0.47893710000000006,1
609,-1,-1,1,-1,-1,1,-1,-1,0.625,0.7237243,1
610,1,1,-1,-1,1,1,-1,-1,0.625,-0.3585842999999999,1
611,-1,1,1,-1,-1,1,1,-1,0.75,0.17873329999999998,1
612,1,1,1,1,1,1,-1,1,0.75,-0.26090430000000003,1
613,-1,1,1,1,1,1,1,1,0.75,0.02601470000000007,1
614,1,-1,-1,-1,1,1,1,-1,0.625,-0.1073381,1
615,-1,1,1,1,1,1,-1,1,0.625,0.14807830000000005,1
616,1,1,1,-1,1,1,-1,-1,1.0,-0.48724189999999995,1
617,1,1,1,1,-1,1,1,1,0.625,0.25502110000000006,1
618,1,1,1,1,1,1,-1,-1,0.75,0.05239209999999998,1
619,-1,1,1,1,-1,-1,-1,-1,0.75,-0.5346827000000001,1
620,1,1,-1,-1,-1,1,-1,1,0.875,-0.35117490000000007,1
621,1,1,-1,-1,-1,-1,1,-1,0.875,0.1666587,1
622,1,1,1,-1,1,1,1,1,0.875,-0.5639059000000001,1
623,-1,1,-1,1,1,1,1,1,0.75,-0.1337996999999999,1
624,1,1,-1,1,1,1,-1,-1,0.875,0.09036970000000001,1
625,1,1,-1,-1,-1,-1,-1,1,0.75,0.1160115,1
626,1,-1,1,1,-1,1,1,-1,0.625,0.09128809999999997,1
627,1,-1,1,-1,-1,-1,1,-1,0.625,-0.020229099999999958,1
628,1,1,-1,-1,-1,-1,1,1,0.75,0.4984551,1
629,1,1,-1,1,1,1,-1,1,0.75,-0.43737469999999995,1
630,1,1,1,-1,1,-1,1,-1,0.75,0.1607073,1
631,-1,1,-1,1,-1,-1,1,-1,0.75,-0.5916798999999998,1
632,-1,1,1,1,-1,-1,1,1,0.75,-0.43693870000000007,1
633,1,-1,1,1,1,1,1,-1,0.875,-0.027300900000000086,1
634,1,-1,-1,1,1,1,-1,-1,0.75,-0.3140996999999999,1
635,1,1,1,-1,1,-1,1,1,0.875,0.28900770000000003,1
636,1,1,-1,1,1,-1,1,-1,0.75,0.7095725,1
637,-1,-1,1,1,-1,-1,-1,1,0.625,0.3295835,1
638,-1,1,-1,1,1,1,-1,1,0.875,-0.2680881,1
639,-1,1,-1,-1,1,1,1,1,0.625,-0.4016336999999999,1
640,-1,-1,-1,-1,-1,-1,1,1,0.75,-0.14580770000000004,1
641,1,-1,1,-1,-1,1,-1,-1,0.875,0.04802970000000008,1
642,1,1,1,-1,1,-1,1,1,0.75,0.28900770000000003,1
643,1,1,1,-1,-1,1,1,1,0.75,-0.2068929,1
644,-1,-1,1,-1,1,1,-1,-1,0.5,0.5848793,1
645,1,1,-1,1,1,1,1,1,0.75,0.11671370000000016,1
646,1,-1,1,1,1,-1,-1,1,0.75,0.11137189999999998,1
647,-1,-1,1,1,1,1,-1,-1,0.625,0.6668413000000001,1
648,-1,1,-1,1,1,-1,1,1,0.625,-0.07778129999999993,1
649,-1,1,1,-1,1,-1,1,-1,0.625,0.4094979,1
650,1,-1,1,1,1,-1,-1,1,0.625,0.11137189999999998,1
651,1,1,1,1,1,-1,-1,1,0.875,-0.05317470000000003,1
652,-1,1,-1,-1,1,-1,1,1,0.875,0.045136700000000016,1
653,1,1,-1,-1,-1,-1,1,1,0.75,0.4984551,1
654,1,1,1,1,-1,1,1,1,0.75,0.25502110000000006,1
655,1,1,-1,-1,1,-1,1,1,0.625,0.5151940999999999,1
656,1,1,-1,-1,-1,1,-1,1,0.625,-0.35117490000000007,1
657,-1,1,1,1,1,-1,1,-1,0.625,0.3661847,1
658,1,1,-1,-1,1,1,-1,1,0.875,-0.8974038999999998,1
659,1,1,1,1,-1,1,1,1,0.875,0.25502110000000006,1
660,1,1,1,-1,1,-1,-1,-1,0.875,-0.6046883,1
661,1,-1,1,1,1,-1,1,1,0.75,0.3364923,1
662,1,-1,1,1,1,1,-1,-1,0.75,-0.26124530000000007,1
663,-1,1,1,-1,1,-1,1,1,0.75,0.05864629999999997,1
664,1,1,1,1,1,1,1,-1,0.875,0.6133845,1
665,-1,-1,-1,-1,-1,-1,-1,-1,0.625,-0.20167970000000002,1
666,1,1,1,1,-1,-1,1,-1,0.875,-0.027056899999999953,1
667,1,1,-1,1,1,1,1,-1,0.625,0.9077141000000001,1
668,1,1,1,-1,1,1,1,-1,0.75,0.02372169999999997,1
669,1,1,-1,1,1,-1,-1,-1,0.75,-0.3622039000000001,1
670,1,1,-1,1,1,-1,-1,-1,0.875,-0.3622039000000001,1
671,1,1,1,1,1,1,1,-1,0.625,0.6133845,1
672,-1,-1,-1,-1,-1,-1,1,1,0.625,-0.14580770000000004,1
673,1,1,1,-1,-1,-1,-1,1,0.625,0.3330091,1
674,1,1,1,-1,1,1,1,1,0.75,-0.5639059000000001,1
675,1,1,-1,-1,-1,-1,-1,-1,0.75,-0.47904090000000005,1
676,1,1,1,1,1,-1,1,-1,0.625,0.3596181,1
677,-1,1,1,1,1,-1,-1,1,0.75,-0.10596010000000002,1
678,1,1,-1,1,-1,1,-1,-1,0.75,0.07983069999999996,1
679,1,1,-1,1,1,-1,-1,1,0.75,-0.17402030000000002,1
680,1,-1,-1,-1,1,1,-1,1,0.75,-0.7820492999999998,1
681,1,1,1,-1,1,1,-1,1,0.75,-0.8116134999999999,1
682,1,-1,-1,1,-1,-1,1,1,0.75,0.5439477,1
683,1,1,-1,-1,1,-1,1,-1,0.75,0.6013417,1
684,1,1,1,-1,1,-1,1,-1,0.75,0.1607073,1
685,1,1,-1,1,-1,-1,1,1,0.75,0.47893710000000006,1
686,1,1,-1,-1,-1,-1,-1,-1,0.875,-0.47904090000000005,1
687,1,1,1,1,1,1,1,-1,0.75,0.6133845,1
688,1,-1,1,-1,-1,-1,-1,1,0.5,1.0313477,1
689,1,1,1,1,1,-1,1,1,0.875,0.49899369999999993,1
690,1,1,-1,-1,1,1,-1,1,0.75,-0.8974038999999998,1
691,1,1,-1,1,-1,1,-1,-1,0.625,0.07983069999999996,1
692,1,1,1,1,1,1,1,1,0.625,0.03683209999999994,1
693,1,1,-1,-1,-1,1,-1,-1,0.875,-0.23029930000000004,1
694,1,-1,1,1,-1,1,-1,1,0.75,0.6424153,1
695,1,1,1,-1,-1,1,1,-1,0.75,-0.037209300000000015,1
696,1,1,-1,1,1,1,1,-1,0.875,0.9077141000000001,1
697,1,1,1,1,1,1,-1,-1,0.875,0.05239209999999998,1
698,1,1,1,1,-1,-1,1,1,0.75,0.5302627,1
699,-1,-1,-1,-1,1,1,-1,-1,0.75,0.38300889999999993,1
700,1,-1,1,-1,1,1,1,1,0.625,-0.6847673000000002,1
701,1,-1,-1,1,1,-1,1,-1,0.75,0.15186310000000003,1
702,-1,1,-1,1,1,1,1,-1,0.75,1.1363527000000002,1
703,1,1,1,-1,-1,1,-1,-1,0.75,-0.17212490000000008,1
704,-1,1,-1,1,1,1,1,-1,0.625,1.1363527000000002,1
705,1,1,-1,-1,1,-1,1,-1,0.75,0.6013417,1
706,1,1,-1,-1,1,1,-1,-1,0.875,-0.3585842999999999,1
707,1,-1,1,1,1,1,1,1,0.875,-0.29947730000000006,1
708,1,1,1,-1,-1,-1,-1,1,0.75,0.3330091,1
709,1,-1,-1,1,1,1,1,-1,0.75,0.17619669999999998,1
710,1,-1,1,-1,1,-1,-1,-1,0.625,-0.5290697000000001,1
711,1,-1,1,1,-1,1,1,-1,0.75,0.09128809999999997,1
712,-1,1,1,-1,-1,-1,1,1,0.75,-0.26587670000000013,1
713,1,1,1,1,-1,-1,1,-1,0.75,-0.027056899999999953,1
714,-1,1,-1,-1,1,1,-1,1,0.875,-0.48589330000000003,1
715,-1,-1,1,-1,-1,-1,1,1,0.75,0.14536589999999994,1
716,1,1,1,-1,1,-1,-1,1,0.625,-0.2131319000000001,1
717,1,-1,1,-1,1,-1,-1,1,0.75,0.16686269999999992,1
718,1,-1,1,1,-1,1,-1,-1,0.625,0.23339170000000015,1
719,-1,-1,1,-1,1,-1,1,1,0.75,0.15154490000000004,1
720,-1,1,-1,1,1,-1,-1,1,0.625,-0.46650169999999996,1
721,1,1,1,-1,-1,-1,1,1,0.75,0.4591007000000001,1
722,1,1,1,1,1,-1,1,-1,0.75,0.3596181,1
723,1,-1,1,1,-1,-1,1,-1,0.75,-0.17559030000000003,1
724,1,1,-1,-1,-1,1,1,1,0.875,-0.2231633,1
725,1,1,-1,1,1,-1,1,-1,0.875,0.7095725,1
726,1,-1,-1,1,-1,-1,1,1,0.75,0.5439477,1
727,1,1,-1,-1,-1,-1,-1,-1,0.875,-0.47904090000000005,1
728,1,1,-1,1,-1,1,-1,1,0.875,-0.02996970000000003,1
729,1,1,-1,1,1,1,1,1,0.625,0.11671370000000016,1
730,1,1,-1,-1,1,1,-1,-1,0.875,-0.3585842999999999,1
731,1,-1,1,-1,1,1,-1,1,0.875,-0.6054269,1
732,1,1,1,-1,-1,1,1,-1,0.75,-0.037209300000000015,1
733,1,1,1,-1,-1,1,-1,1,0.875,-0.07855250000000007,1
734,1,1,1,-1,-1,1,-1,-1,0.75,-0.17212490000000008,1
735,1,1,1,1,-1,1,-1,-1,1.0,0.22868510000000014,1
736,1,1,1,-1,-1,1,1,1,0.75,-0.2068929,1
737,1,1,1,-1,1,1,-1,1,0.75,-0.8116134999999999,1
738,1,1,1,1,1,1,1,-1,0.75,0.6133845,1
739,1,1,1,1,1,-1,1,-1,0.75,0.3596181,1
740,1,1,1,1,-1,-1,-1,1,0.75,0.35414229999999997,1
741,-1,1,-1,1,-1,-1,-1,-1,0.75,-0.8676083000000002,1
742,-1,1,1,1,1,-1,-1,1,0.75,-0.10596010000000002,1
743,-1,1,-1,1,-1,1,1,1,0.75,-0.5970586999999999,1
744,1,1,1,-1,-1,-1,-1,1,0.875,0.3330091,1
745,1,1,-1,1,-1,1,1,-1,0.75,0.5211271,1
746,1,-1,1,-1,1,1,1,1,0.875,-0.6847673000000002,1
747,-1,-1,-1,-1,-1,1,-1,1,0.625,0.039370299999999955,1
748,-1,1,-1,-1,1,-1,-1,1,0.75,-0.2935549,1
749,1,1,-1,1,-1,-1,1,1,0.875,0.47893710000000006,1
750,1,1,-1,-1,-1,1,1,-1,0.75,0.1609683,1
751,1,1,-1,1,1,-1,-1,1,0.875,-0.17402030000000002,1
752,-1,1,-1,-1,-1,1,1,-1,0.875,0.13721490000000008,1
753,1,1,-1,1,-1,1,1,1,0.875,0.1480707,1
754,1,1,1,-1,-1,1,1,1,0.875,-0.2068929,1
755,1,1,-1,-1,1,-1,1,1,0.875,0.5151940999999999,1
756,1,1,1,1,1,-1,1,1,0.75,0.49899369999999993,1
757,1,-1,-1,1,1,1,1,-1,0.875,0.17619669999999998,1
758,1,1,-1,1,1,1,-1,1,0.875,-0.43737469999999995,1
759,1,-1,1,1,-1,1,-1,-1,0.75,0.23339170000000015,1
760,1,1,1,-1,1,1,-1,1,0.875,-0.8116134999999999,1
761,1,1,-1,1,-1,1,-1,1,0.625,-0.02996970000000003,1
762,1,1,-1,-1,-1,1,-1,1,0.875,-0.35117490000000007,1
763,1,1,1,-1,-1,-1,-1,1,0.5,0.3330091,1
764,1,1,1,1,-1,1,-1,1,0.75,0.3333327000000001,1
765,1,1,-1,1,-1,1,1,1,0.875,0.1480707,1
766,1,-1,-1,1,1,1,1,1,0.75,-0.31042770000000003,1
767,1,-1,-1,1,1,-1,-1,1,0.75,-0.10030570000000001,1
768,1,1,1,1,-1,-1,1,1,0.75,0.5302627,1
769,1,1,-1,-1,1,1,1,1,0.75,-0.3933443,1
770,1,1,-1,1,-1,-1,-1,1,0.625,0.046464699999999984,1
771,1,1,1,-1,-1,-1,-1,1,0.875,0.3330091,1
772,1,1,-1,-1,1,1,-1,-1,0.875,-0.3585842999999999,1
773,1,-1,1,-1,1,-1,-1,1,0.875,0.16686269999999992,1
774,1,-1,1,-1,1,-1,1,-1,0.75,-0.09072210000000007,1
775,1,1,1,1,1,-1,1,-1,0.875,0.3596181,1
776,1,1,1,1,1,-1,-1,1,0.875,-0.05317470000000003,1
777,1,1,-1,-1,1,1,1,-1,0.875,0.40873129999999996,1
778,1,1,1,1,1,-1,-1,1,1.0,-0.05317470000000003,1
779,1,1,1,-1,-1,1,-1,1,0.75,-0.07855250000000007,1
780,1,1,-1,-1,1,-1,-1,1,0.875,-0.2432975,1
781,1,-1,-1,1,1,1,1,-1,0.625,0.17619669999999998,1
782,1,1,-1,1,1,-1,1,-1,0.75,0.7095725,1
783,1,1,-1,-1,-1,-1,-1,1,1.0,0.1160115,1
784,1,1,1,-1,-1,-1,-1,1,0.75,0.3330091,1
785,1,1,-1,-1,1,-1,1,1,0.875,0.5151940999999999,1
786,1,1,-1,-1,-1,1,1,1,0.875,-0.2231633,1
787,1,1,1,1,-1,1,-1,1,0.875,0.3333327000000001,1
788,1,1,-1,-1,-1,1,-1,-1,0.875,-0.23029930000000004,1
789,1,1,1,-1,1,-1,1,1,0.625,0.28900770000000003,1
790,1,1,-1,-1,-1,-1,1,1,0.875,0.4984551,1
791,1,1,1,1,1,-1,1,-1,0.875,0.3596181,1
792,1,1,-1,1,-1,1,-1,-1,0.875,0.07983069999999996,1
793,1,1,1,-1,1,-1,-1,-1,1.0,-0.6046883,1
794,1,-1,1,1,1,-1,-1,-1,0.875,-0.5956357000000001,1
795,1,-1,-1,-1,1,-1,1,1,0.75,0.4773087000000001,1
796,1,1,-1,-1,-1,1,-1,1,0.75,-0.35117490000000007,1
797,-1,1,-1,-1,1,1,-1,1,0.75,-0.48589330000000003,1
798,1,1,-1,1,-1,-1,1,-1,0.875,0.1360655,1
799,1,1,-1,1,1,-1,1,1,0.875,0.6345001,1
800,-1,1,1,1,-1,1,1,-1,0.75,0.3873480999999999,1
801,1,1,-1,1,1,1,1,1,0.875,0.11671370000000016,1
802,1,1,1,1,1,1,1,-1,0.875,0.6133845,1
803,1,-1,-1,1,-1,-1,-1,1,0.75,0.4385233,1
804,-1,1,1,1,1,-1,1,1,0.875,0.02640830000000001,1
805,1,-1,-1,-1,-1,1,-1,-1,0.75,-0.10097669999999996,1
806,1,1,-1,-1,-1,-1,-1,1,0.75,0.1160115,1
807,1,-1,-1,1,1,-1,-1,1,0.75,-0.10030570000000001,1
808,1,1,-1,-1,-1,1,-1,-1,0.875,-0.23029930000000004,1
809,1,1,1,-1,-1,-1,1,-1,0.875,-0.08714370000000003,1
810,1,1,-1,1,-1,1,-1,-1,0.875,0.07983069999999996,1
811,1,1,-1,1,-1,1,1,-1,0.75,0.5211271,1
812,1,1,-1,1,-1,-1,1,1,0.75,0.47893710000000006,1
813,1,1,1,1,1,-1,1,-1,0.75,0.3596181,1
814,1,1,-1,-1,1,-1,1,1,0.875,0.5151940999999999,1
815,1,1,1,-1,1,1,1,1,0.875,-0.5639059000000001,1
816,-1,1,1,1,1,-1,-1,-1,0.75,-0.0294397,1
817,1,1,1,-1,1,-1,-1,1,0.875,-0.2131319000000001,1
818,1,1,1,1,-1,-1,-1,1,0.875,0.35414229999999997,1
819,1,1,1,-1,-1,-1,1,1,0.875,0.4591007000000001,1
820,1,1,-1,-1,-1,1,-1,-1,0.875,-0.23029930000000004,1
821,1,1,-1,1,-1,-1,-1,1,0.875,0.046464699999999984,1
822,1,1,1,-1,1,-1,-1,-1,0.75,-0.6046883,1
823,1,1,-1,1,1,-1,-1,-1,1.0,-0.3622039000000001,1
824,-1,1,1,1,1,1,1,-1,0.75,1.0817191000000002,1
825,1,1,-1,-1,-1,-1,-1,1,0.875,0.1160115,1
826,1,1,1,1,-1,-1,1,1,0.875,0.5302627,1
827,1,1,1,-1,1,1,1,1,0.75,-0.5639059000000001,1
828,1,1,-1,1,-1,1,-1,1,0.875,-0.02996970000000003,1
829,-1,1,-1,1,1,1,1,1,0.875,-0.1337996999999999,1
830,1,1,1,-1,1,1,1,1,0.875,-0.5639059000000001,1
831,1,-1,-1,-1,1,-1,-1,-1,0.875,-0.4356193,1
832,1,1,1,-1,-1,1,1,1,0.75,-0.2068929,1
833,1,1,1,1,1,1,1,1,0.875,0.03683209999999994,1
834,1,1,1,1,1,1,-1,-1,0.875,0.05239209999999998,1
835,-1,1,-1,1,1,-1,1,-1,0.75,0.47644309999999995,1
836,-1,-1,1,1,1,1,-1,1,0.75,0.17876890000000006,1
837,1,1,1,-1,-1,-1,1,1,0.75,0.4591007000000001,1
838,1,1,-1,-1,1,1,-1,-1,0.875,-0.3585842999999999,1
839,-1,1,-1,1,-1,1,-1,1,0.875,-0.3552991,1
840,-1,1,1,-1,1,-1,-1,-1,0.75,0.06390229999999998,1
841,1,1,-1,1,-1,-1,1,1,0.75,0.47893710000000006,1
842,1,1,-1,-1,1,1,1,1,1.0,-0.3933443,1
843,1,1,1,1,-1,1,1,1,0.625,0.25502110000000006,1
844,1,1,1,-1,-1,-1,1,1,1.0,0.4591007000000001,1
845,1,-1,1,-1,1,-1,-1,1,0.75,0.16686269999999992,1
846,-1,1,1,1,-1,-1,1,-1,0.875,-0.5151062999999999,1
847,-1,-1,-1,-1,1,1,-1,1,0.75,-0.33058670000000007,1
848,1,1,-1,-1,-1,1,1,1,0.875,-0.2231633,1
849,1,1,-1,1,-1,-1,-1,-1,0.875,-0.5596629000000001,1
850,1,1,1,1,1,-1,1,-1,0.75,0.3596181,1
851,1,1,-1,1,1,-1,1,1,0.875,0.6345001,1
852,1,1,-1,-1,1,-1,1,-1,0.875,0.6013417,1
853,-1,1,1,1,-1,1,1,1,0.75,-0.25041230000000003,1
854,1,1,-1,-1,-1,-1,-1,1,0.875,0.1160115,1
855,1,-1,-1,-1,-1,1,1,1,0.875,-0.11651269999999996,1
856,1,1,-1,1,-1,-1,-1,1,0.875,0.046464699999999984,1
857,1,1,1,-1,1,-1,1,-1,0.875,0.1607073,1
858,1,1,1,1,1,1,-1,1,1.0,-0.26090430000000003,1
859,1,1,1,-1,-1,1,1,-1,1.0,-0.037209300000000015,1
860,1,1,-1,1,-1,1,1,1,1.0,0.1480707,1
861,-1,1,-1,-1,-1,1,-1,-1,0.75,0.1657473,1
862,-1,-1,-1,-1,1,-1,-1,1,0.75,0.03555969999999996,1
863,1,1,1,-1,-1,1,1,1,1.0,-0.2068929,1
864,-1,1,1,-1,1,-1,1,-1,0.625,0.4094979,1
865,-1,1,1,1,-1,-1,-1,-1,0.75,-0.5346827000000001,1
866,1,-1,-1,1,1,1,1,-1,0.875,0.17619669999999998,1
867,1,1,-1,1,1,1,1,-1,0.875,0.9077141000000001,1
868,1,1,-1,1,1,1,-1,1,0.75,-0.43737469999999995,1
869,1,1,-1,-1,-1,1,-1,1,0.75,-0.35117490000000007,1
870,1,1,1,-1,1,-1,-1,1,0.875,-0.2131319000000001,1
871,1,1,1,1,1,1,-1,1,0.75,-0.26090430000000003,1
872,1,-1,-1,1,1,1,1,1,0.75,-0.31042770000000003,1
873,1,-1,1,-1,1,-1,1,1,0.75,0.3419543,1
874,1,1,-1,-1,-1,1,1,-1,0.875,0.1609683,1
875,1,1,-1,1,1,1,-1,-1,1.0,0.09036970000000001,1
876,1,1,1,1,-1,-1,1,-1,1.0,-0.027056899999999953,1
877,-1,1,1,1,-1,1,-1,-1,0.625,0.6222036999999999,1
878,1,1,-1,1,1,-1,1,-1,0.75,0.7095725,1
879,1,1,-1,-1,1,-1,-1,-1,0.875,-0.42040589999999994,1
880,-1,1,1,1,-1,1,-1,1,0.75,0.2476993,1
881,1,1,1,-1,1,-1,1,-1,1.0,0.1607073,1
882,-1,1,1,-1,-1,1,1,1,0.875,-0.47010230000000003,1
883,1,1,-1,-1,1,-1,-1,1,0.75,-0.2432975,1
884,1,1,1,1,1,1,-1,1,0.875,-0.26090430000000003,1
885,1,1,1,-1,-1,-1,1,1,0.875,0.4591007000000001,1
886,1,1,1,-1,1,-1,1,1,1.0,0.28900770000000003,1
887,1,1,1,-1,-1,-1,-1,1,1.0,0.3330091,1
888,1,1,1,1,-1,-1,-1,-1,1.0,-0.4664333,1
889,-1,1,1,-1,-1,1,1,-1,0.75,0.17873329999999998,1
890,1,1,-1,1,-1,-1,-1,-1,0.875,-0.5596629000000001,1
891,1,1,-1,-1,-1,1,1,-1,0.75,0.1609683,1
892,1,1,1,-1,1,-1,-1,1,0.875,-0.2131319000000001,1
893,1,1,-1,1,-1,-1,1,-1,0.75,0.1360655,1
894,1,1,-1,-1,1,1,-1,-1,0.75,-0.3585842999999999,1
895,1,-1,1,-1,-1,1,-1,1,0.625,0.4459781,1
896,-1,1,-1,1,1,1,1,1,0.875,-0.1337996999999999,1
897,1,1,-1,-1,-1,-1,1,-1,1.0,0.1666587,1
898,1,1,-1,1,1,1,-1,1,1.0,-0.43737469999999995,1
899,1,1,1,-1,-1,1,1,-1,0.875,-0.037209300000000015,1
900,1,1,1,-1,-1,-1,1,-1,0.875,-0.08714370000000003,1
901,1,1,-1,-1,-1,-1,-1,-1,1.0,-0.47904090000000005,1
902,1,1,-1,1,-1,-1,1,-1,0.875,0.1360655,1
903,1,1,1,1,1,-1,-1,-1,0.875,-0.45580630000000005,1
904,1,-1,-1,1,1,-1,1,1,0.875,0.3811667,1
905,1,1,-1,1,1,-1,1,-1,0.875,0.7095725,1
906,1,1,1,1,1,-1,-1,1,0.875,-0.05317470000000003,1
907,1,1,1,-1,-1,-1,-1,1,0.875,0.3330091,1
908,1,1,1,-1,-1,1,-1,1,1.0,-0.07855250000000007,1
909,1,1,-1,1,1,-1,1,1,0.75,0.6345001,1
910,1,-1,1,-1,1,-1,-1,-1,0.75,-0.5290697000000001,1
911,1,1,-1,-1,-1,1,1,-1,0.875,0.1609683,1
912,1,-1,1,-1,-1,1,-1,1,0.75,0.4459781,1
913,1,1,1,-1,1,1,-1,1,0.875,-0.8116134999999999,1
914,1,1,-1,-1,-1,-1,-1,1,0.875,0.1160115,1
915,1,1,1,-1,-1,-1,-1,1,0.625,0.3330091,1
916,-1,1,-1,-1,1,-1,-1,-1,0.75,0.00848870000000003,1
917,1,1,-1,-1,-1,-1,1,1,0.875,0.4984551,1
918,1,1,1,1,1,-1,1,-1,1.0,0.3596181,1
919,1,1,1,-1,1,-1,1,-1,0.875,0.1607073,1
920,1,-1,1,1,-1,1,1,1,0.875,0.23705570000000004,1
921,1,1,-1,-1,1,-1,1,-1,0.875,0.6013417,1
922,-1,1,-1,1,1,-1,-1,1,0.875,-0.46650169999999996,1
923,1,1,1,1,1,-1,1,-1,0.875,0.3596181,1
924,-1,1,1,-1,1,-1,-1,1,0.75,-0.023693300000000042,1
925,1,1,1,1,-1,1,-1,-1,0.875,0.22868510000000014,1
926,1,-1,-1,1,-1,1,1,1,0.75,0.03927329999999997,1
927,1,1,1,1,1,1,1,-1,0.875,0.6133845,1
928,1,1,1,1,1,-1,1,-1,0.75,0.3596181,1
929,1,1,1,1,-1,1,-1,1,0.875,0.3333327000000001,1
930,1,1,-1,-1,-1,-1,1,-1,0.875,0.1666587,1
931,1,1,1,1,-1,-1,1,-1,0.75,-0.027056899999999953,1
932,1,1,-1,1,-1,1,1,1,0.875,0.1480707,1
933,1,1,-1,1,-1,1,1,1,0.75,0.1480707,1
934,1,1,1,-1,-1,1,-1,-1,0.875,-0.17212490000000008,1
935,1,1,1,1,-1,1,-1,-1,1.0,0.22868510000000014,1
936,1,1,1,1,1,-1,-1,1,1.0,-0.05317470000000003,1
937,-1,1,1,1,1,1,-1,1,0.75,0.14807830000000005,1
938,1,1,-1,1,1,-1,1,-1,0.75,0.7095725,1
939,1,1,1,1,-1,1,-1,1,0.875,0.3333327000000001,1
940,-1,1,-1,-1,1,1,1,-1,0.75,0.8795939000000002,1
941,-1,1,-1,-1,-1,-1,1,-1,0.75,-0.3188626999999999,1
942,1,1,1,1,-1,1,-1,1,0.875,0.3333327000000001,1
943,-1,1,1,1,-1,-1,-1,1,0.875,-0.19325910000000007,1
944,1,1,1,-1,1,1,-1,1,0.875,-0.8116134999999999,1
945,1,1,-1,1,-1,-1,-1,1,0.75,0.046464699999999984,1
946,1,1,-1,1,-1,1,-1,1,1.0,-0.02996970000000003,1
947,1,1,1,1,1,-1,1,1,1.0,0.49899369999999993,1
948,1,1,-1,-1,-1,-1,1,1,0.75,0.4984551,1
949,-1,1,1,-1,-1,1,-1,-1,0.875,0.46361769999999997,1
950,1,1,1,-1,-1,1,1,1,0.875,-0.2068929,1
951,-1,1,-1,1,1,-1,1,-1,0.875,0.47644309999999995,1
952,1,1,1,1,1,-1,1,-1,0.875,0.3596181,1
953,-1,1,1,-1,1,1,1,-1,0.75,0.7342803,1
954,1,1,1,1,-1,1,-1,-1,0.875,0.22868510000000014,1
955,1,1,1,1,-1,-1,1,1,0.875,0.5302627,1
956,1,1,-1,-1,1,-1,1,1,0.875,0.5151940999999999,1
957,1,1,1,1,1,-1,1,-1,1.0,0.3596181,1
958,1,1,1,-1,-1,-1,-1,1,0.875,0.3330091,1
959,1,1,-1,1,-1,-1,1,-1,1.0,0.1360655,1
960,1,1,1,1,-1,-1,1,1,1.0,0.5302627,1
961,-1,1,1,1,-1,1,1,-1,0.875,0.3873480999999999,1
962,1,1,1,-1,-1,1,1,-1,1.0,-0.037209300000000015,1
963,1,1,1,-1,-1,-1,1,1,1.0,0.4591007000000001,1
964,1,1,1,-1,-1,1,-1,-1,0.875,-0.17212490000000008,1
965,1,1,1,1,-1,1,1,1,1.0,0.25502110000000006,1
966,1,1,-1,1,1,1,1,1,1.0,0.11671370000000016,1
967,1,1,-1,-1,-1,-1,1,-1,0.875,0.1666587,1
968,1,1,-1,-1,-1,-1,-1,-1,0.875,-0.47904090000000005,1
969,1,1,1,1,-1,1,-1,-1,0.875,0.22868510000000014,1
970,1,1,-1,1,-1,-1,1,-1,0.875,0.1360655,1
971,1,1,-1,-1,-1,-1,-1,1,0.875,0.1160115,1
972,1,1,1,-1,-1,-1,-1,1,1.0,0.3330091,1
973,1,1,-1,-1,-1,1,-1,1,1.0,-0.35117490000000007,1
974,1,1,-1,1,1,-1,1,-1,0.875,0.7095725,1
975,1,1,-1,-1,1,-1,1,-1,1.0,0.6013417,1
976,1,1,-1,-1,1,1,-1,-1,1.0,-0.3585842999999999,1
977,1,1,1,1,-1,-1,1,1,1.0,0.5302627,1
978,1,1,-1,-1,-1,-1,1,1,0.75,0.4984551,1
979,1,1,1,-1,1,-1,1,-1,0.875,0.1607073,1
980,-1,1,1,1,1,1,-1,1,0.75,0.14807830000000005,1
981,1,1,1,-1,-1,1,1,1,0.875,-0.2068929,1
982,-1,-1,-1,-1,1,-1,1,-1,0.75,0.3081268999999999,1
983,1,1,1,-1,-1,-1,1,1,1.0,0.4591007000000001,1
984,1,1,1,-1,-1,-1,-1,1,0.875,0.3330091,1
985,1,1,-1,1,1,-1,1,1,1.0,0.6345001,1
986,1,1,-1,1,1,-1,1,-1,0.875,0.7095725,1
987,1,1,1,1,1,1,1,1,1.0,0.03683209999999994,1
988,1,1,1,1,1,-1,1,-1,1.0,0.3596181,1
989,1,-1,1,-1,-1,1,-1,1,0.75,0.4459781,1
990,1,1,-1,1,1,1,1,-1,0.75,0.9077141000000001,1
991,1,1,1,-1,-1,1,1,-1,1.0,-0.037209300000000015,1
992,1,1,-1,1,-1,-1,1,1,0.875,0.47893710000000006,1
993,-1,1,-1,-1,1,-1,-1,1,0.875,-0.2935549,1
994,1,-1,-1,-1,1,-1,1,1,0.875,0.4773087000000001,1
995,-1,-1,1,-1,1,1,-1,-1,0.75,0.5848793,1
996,1,1,-1,1,1,-1,-1,-1,1.0,-0.3622039000000001,1
997,1,1,1,-1,1,-1,-1,-1,1.0,-0.6046883,1
998,1,1,1,-1,1,-1,-1,1,1.0,-0.2131319000000001,1
